  0
SECTION
  2
HEADER
  9
$ANGBASE
  50
0.0
  9
$ANGDIR
  70
1
  9
$MEASUREMENT
  70
0
  9
$INSUNITS
  70
1
  0
ENDSEC
  0
SECTION
  2
TABLES
  0
TABLE
  2
LTYPE
  70
4
  0
LTYPE
  5
40F
  2
CONTINUOUS
  70
0
  3
Solid line
  72
65
  73
0
  40
0.0
  0
LTYPE
  5
410
  2
DASHDOT
 70
0
  3
Dash Dot ____ _ ____ _
 72
65
 73
4
 40
2.0
 49
1.25
 49
-0.25
 49
0.25
 49
-0.25
  0
LTYPE
  5
411
  2
DASHED
 70
0
  3
Dashed __ __ __ __ __
 72
65
 73
2
 40
0.75
 49
0.5
 49
-0.25
  0
LTYPE
  5
43B
  2
DOTTED
 70
0
  3
Dotted .  .  .  .
 72
65
 73
2
 40
0.2
 49
0.0
 49
-0.2
  0
ENDTAB
  0
TABLE
  2
STYLE
  70
4
  0
STYLE
  2
KICAD
  70
0
  40
0
  41
1
  42
1
  50
0
  71
0
  3
isocp.shx
  0
STYLE
  2
KICADB
  70
0
  40
0
  41
1
  42
1
  50
0
  71
0
  3
isocp.shx
  0
STYLE
  2
KICADI
  70
0
  40
0
  41
1
  42
1
  50
15
  71
0
  3
isocp.shx
  0
STYLE
  2
KICADBI
  70
0
  40
0
  41
1
  42
1
  50
15
  71
0
  3
isocp.shx
  0
ENDTAB
  0
TABLE
  2
LAYER
  70
2
  0
LAYER
  2
User.Drawings
  70
0
  62
9
  420
12763842
  6
CONTINUOUS
  0
LAYER
  2
Edge.Cuts
  70
0
  62
254
  420
13685453
  6
CONTINUOUS
  0
ENDTAB
  0
ENDSEC
  0
SECTION
  2
ENTITIES
0
LINE
8
User.Drawings
6
CONTINUOUS
10
5.6751663385826774
20
-4.5267664960629919
11
5.681772913385827
21
-4.5286122834645672
0
LINE
8
User.Drawings
6
CONTINUOUS
10
5.681772913385827
20
-4.5286122834645672
11
5.6878051968503938
21
-4.5316522834645667
0
LINE
8
User.Drawings
6
CONTINUOUS
10
5.6878051968503938
20
-4.5316522834645667
11
5.6931929921259838
21
-4.5357563779527554
0
LINE
8
User.Drawings
6
CONTINUOUS
10
5.6931929921259838
20
-4.5357563779527554
11
5.6977031496062986
21
-4.5406956692913383
0
LINE
8
User.Drawings
6
CONTINUOUS
10
5.6977031496062986
20
-4.5406956692913383
11
5.701395275590551
21
-4.5465549606299209
0
LINE
8
User.Drawings
6
CONTINUOUS
10
5.701395275590551
20
-4.5465549606299209
11
5.7040818503937007
21
-4.5529616535433073
0
LINE
8
User.Drawings
6
CONTINUOUS
10
5.7040818503937007
20
-4.5529616535433073
11
5.7057039763779525
21
-4.5597624409448816
0
LINE
8
User.Drawings
6
CONTINUOUS
10
5.7057039763779525
20
-4.5597624409448816
11
5.7062551181102359
21
-4.567051141732283
0
LINE
8
User.Drawings
6
CONTINUOUS
10
5.7062551181102359
20
-4.567051141732283
11
5.705681141732283
21
-4.5742780708661419
0
LINE
8
User.Drawings
6
CONTINUOUS
10
5.705681141732283
20
-4.5742780708661419
11
5.7039786614173229
21
-4.5811292125984249
0
LINE
8
User.Drawings
6
CONTINUOUS
10
5.7039786614173229
20
-4.5811292125984249
11
5.7011327559055118
21
-4.5876954330708664
0
LINE
8
User.Drawings
6
CONTINUOUS
10
5.7011327559055118
20
-4.5876954330708664
11
5.6972648425196848
21
-4.5936995275590551
0
LINE
8
User.Drawings
6
CONTINUOUS
10
5.6972648425196848
20
-4.5936995275590551
11
5.6926241732283467
21
-4.5987239370078736
0
LINE
8
User.Drawings
6
CONTINUOUS
10
5.6926241732283467
20
-4.5987239370078736
11
5.6871589763779529
21
-4.6028606299212598
0
LINE
8
User.Drawings
6
CONTINUOUS
10
5.6871589763779529
20
-4.6028606299212598
11
5.6810627165354326
21
-4.6059401968503932
0
LINE
8
User.Drawings
6
CONTINUOUS
10
5.6810627165354326
20
-4.6059401968503932
11
5.6745639763779527
21
-4.6077869291338578
0
LINE
8
User.Drawings
6
CONTINUOUS
10
5.6745639763779527
20
-4.6077869291338578
11
5.6675445669291333
21
-4.6084137795275586
0
LINE
8
User.Drawings
6
CONTINUOUS
10
5.6675445669291333
20
-4.6084137795275586
11
5.6598753937007871
21
-4.607658582677165
0
LINE
8
User.Drawings
6
CONTINUOUS
10
5.6598753937007871
20
-4.607658582677165
11
5.6527791338582674
21
-4.6054269291338583
0
LINE
8
User.Drawings
6
CONTINUOUS
10
5.6527791338582674
20
-4.6054269291338583
11
5.6461079133858263
21
-4.601677598425197
0
LINE
8
User.Drawings
6
CONTINUOUS
10
5.6461079133858263
20
-4.601677598425197
11
5.6397585826771648
21
-4.5962506692913383
0
LINE
8
User.Drawings
6
CONTINUOUS
10
5.6397585826771648
20
-4.5962506692913383
11
5.6397585826771648
21
-4.6277253149606299
0
LINE
8
User.Drawings
6
CONTINUOUS
10
5.6397585826771648
20
-4.6277253149606299
11
5.6551997244094485
21
-4.6277253149606299
0
LINE
8
User.Drawings
6
CONTINUOUS
10
5.6551997244094485
20
-4.6277253149606299
11
5.6551997244094485
21
-4.6415846456692913
0
LINE
8
User.Drawings
6
CONTINUOUS
10
5.6551997244094485
20
-4.6415846456692913
11
5.6098657480314955
21
-4.6415846456692913
0
LINE
8
User.Drawings
6
CONTINUOUS
10
5.6098657480314955
20
-4.6415846456692913
11
5.6098657480314955
21
-4.6277253149606299
0
LINE
8
User.Drawings
6
CONTINUOUS
10
5.6098657480314955
20
-4.6277253149606299
11
5.6241693307086615
21
-4.6277253149606299
0
LINE
8
User.Drawings
6
CONTINUOUS
10
5.6241693307086615
20
-4.6277253149606299
11
5.6241693307086615
21
-4.5678521653543305
0
LINE
8
User.Drawings
6
CONTINUOUS
10
5.6241693307086615
20
-4.5678521653543305
11
5.6241693307086615
21
-4.5409277559055115
0
LINE
8
User.Drawings
6
CONTINUOUS
10
5.6241693307086615
20
-4.5409277559055115
11
5.6109157874015745
21
-4.5409277559055115
0
LINE
8
User.Drawings
6
CONTINUOUS
10
5.6109157874015745
20
-4.5409277559055115
11
5.6109157874015745
21
-4.5269943700787403
0
LINE
8
User.Drawings
6
CONTINUOUS
10
5.6109157874015745
20
-4.5269943700787403
11
5.6397585826771648
21
-4.5269943700787403
0
LINE
8
User.Drawings
6
CONTINUOUS
10
5.6397585826771648
20
-4.5269943700787403
11
5.6397585826771648
21
-4.5397969291338578
0
LINE
8
User.Drawings
6
CONTINUOUS
10
5.6397585826771648
20
-4.5397969291338578
11
5.643916889763779
21
-4.5354867322834647
0
LINE
8
User.Drawings
6
CONTINUOUS
10
5.643916889763779
20
-4.5354867322834647
11
5.6482259448818892
21
-4.5320884645669288
0
LINE
8
User.Drawings
6
CONTINUOUS
10
5.6482259448818892
20
-4.5320884645669288
11
5.6527092125984248
21
-4.5295118110236219
0
LINE
8
User.Drawings
6
CONTINUOUS
10
5.6527092125984248
20
-4.5295118110236219
11
5.6575258661417323
21
-4.5276383858267719
0
LINE
8
User.Drawings
6
CONTINUOUS
10
5.6575258661417323
20
-4.5276383858267719
11
5.6625531102362201
21
-4.5265128346456693
0
LINE
8
User.Drawings
6
CONTINUOUS
10
5.6625531102362201
20
-4.5265128346456693
11
5.6678474409448816
21
-4.5261327952755908
0
LINE
8
User.Drawings
6
CONTINUOUS
10
5.6678474409448816
20
-4.5261327952755908
11
5.6751663385826774
21
-4.5267664960629919
0
LINE
8
User.Drawings
6
CONTINUOUS
10
5.6604077952755905
20
-4.5400822834645664
11
5.6560198425196848
21
-4.541373307086614
0
LINE
8
User.Drawings
6
CONTINUOUS
10
5.6560198425196848
20
-4.541373307086614
11
5.6519553149606301
21
-4.543519212598425
0
LINE
8
User.Drawings
6
CONTINUOUS
10
5.6519553149606301
20
-4.543519212598425
11
5.6483371653543308
21
-4.5463776377952758
0
LINE
8
User.Drawings
6
CONTINUOUS
10
5.6483371653543308
20
-4.5463776377952758
11
5.6453143307086613
21
-4.5497809055118106
0
LINE
8
User.Drawings
6
CONTINUOUS
10
5.6453143307086613
20
-4.5497809055118106
11
5.6428481496062988
21
-4.5537841338582679
0
LINE
8
User.Drawings
6
CONTINUOUS
10
5.6428481496062988
20
-4.5537841338582679
11
5.6404335039370075
21
-4.5604395669291335
0
LINE
8
User.Drawings
6
CONTINUOUS
10
5.6404335039370075
20
-4.5604395669291335
11
5.6396104724409444
21
-4.5678521653543305
0
LINE
8
User.Drawings
6
CONTINUOUS
10
5.6396104724409444
20
-4.5678521653543305
11
5.6401406299212598
21
-4.5739246062992125
0
LINE
8
User.Drawings
6
CONTINUOUS
10
5.6401406299212598
20
-4.5739246062992125
11
5.6416437401574804
21
-4.5790628346456694
0
LINE
8
User.Drawings
6
CONTINUOUS
10
5.6416437401574804
20
-4.5790628346456694
11
5.6440557086614174
21
-4.5834430314960626
0
LINE
8
User.Drawings
6
CONTINUOUS
10
5.6440557086614174
20
-4.5834430314960626
11
5.6474051181102363
21
-4.5871906299212597
0
LINE
8
User.Drawings
6
CONTINUOUS
10
5.6474051181102363
20
-4.5871906299212597
11
5.651485984251968
21
-4.5901987401574802
0
LINE
8
User.Drawings
6
CONTINUOUS
10
5.651485984251968
20
-4.5901987401574802
11
5.6560949212598421
21
-4.5923694488188973
0
LINE
8
User.Drawings
6
CONTINUOUS
10
5.6560949212598421
20
-4.5923694488188973
11
5.6613307086614171
21
-4.5937146850393704
0
LINE
8
User.Drawings
6
CONTINUOUS
10
5.6613307086614171
20
-4.5937146850393704
11
5.6673224409448819
21
-4.5941842125984254
0
LINE
8
User.Drawings
6
CONTINUOUS
10
5.6673224409448819
20
-4.5941842125984254
11
5.6715177165354334
21
-4.5937617322834647
0
LINE
8
User.Drawings
6
CONTINUOUS
10
5.6715177165354334
20
-4.5937617322834647
11
5.6753776771653541
21
-4.5925151181102359
0
LINE
8
User.Drawings
6
CONTINUOUS
10
5.6753776771653541
20
-4.5925151181102359
11
5.6789874409448817
21
-4.5904215354330704
0
LINE
8
User.Drawings
6
CONTINUOUS
10
5.6789874409448817
20
-4.5904215354330704
11
5.6821578740157479
21
-4.5876569685039366
0
LINE
8
User.Drawings
6
CONTINUOUS
10
5.6821578740157479
20
-4.5876569685039366
11
5.6848633464566927
21
-4.5842733464566932
0
LINE
8
User.Drawings
6
CONTINUOUS
10
5.6848633464566927
20
-4.5842733464566932
11
5.6871186220472438
21
-4.5801902755905513
0
LINE
8
User.Drawings
6
CONTINUOUS
10
5.6871186220472438
20
-4.5801902755905513
11
5.6893218110236221
21
-4.5735467322834644
0
LINE
8
User.Drawings
6
CONTINUOUS
10
5.6893218110236221
20
-4.5735467322834644
11
5.6900600787401574
21
-4.5664992125984254
0
LINE
8
User.Drawings
6
CONTINUOUS
10
5.6900600787401574
20
-4.5664992125984254
11
5.6892405511811024
21
-4.5594518503937005
0
LINE
8
User.Drawings
6
CONTINUOUS
10
5.6892405511811024
20
-4.5594518503937005
11
5.6868224409448818
21
-4.5530706692913387
0
LINE
8
User.Drawings
6
CONTINUOUS
10
5.6868224409448818
20
-4.5530706692913387
11
5.6829654724409444
21
-4.5475409842519685
0
LINE
8
User.Drawings
6
CONTINUOUS
10
5.6829654724409444
20
-4.5475409842519685
11
5.6779374015748028
21
-4.5432903543307086
0
LINE
8
User.Drawings
6
CONTINUOUS
10
5.6779374015748028
20
-4.5432903543307086
11
5.67403594488189
21
-4.5412726377952755
0
LINE
8
User.Drawings
6
CONTINUOUS
10
5.67403594488189
20
-4.5412726377952755
11
5.6698211811023622
21
-4.5400568897637799
0
LINE
8
User.Drawings
6
CONTINUOUS
10
5.6698211811023622
20
-4.5400568897637799
11
5.6652088582677163
21
-4.5396420866141733
0
LINE
8
User.Drawings
6
CONTINUOUS
10
5.6652088582677163
20
-4.5396420866141733
11
5.6604077952755905
21
-4.5400822834645664
0
LINE
8
User.Drawings
6
CONTINUOUS
10
4.1062494094488189
20
-4.5254885039370079
11
4.1134587007874011
21
-4.5273524015748032
0
LINE
8
User.Drawings
6
CONTINUOUS
10
4.1134587007874011
20
-4.5273524015748032
11
4.1198641732283461
21
-4.5303733858267714
0
LINE
8
User.Drawings
6
CONTINUOUS
10
4.1198641732283461
20
-4.5303733858267714
11
4.1255815354330707
21
-4.5345490157480315
0
LINE
8
User.Drawings
6
CONTINUOUS
10
4.1255815354330707
20
-4.5345490157480315
11
4.1304462992125988
21
-4.5397761023622047
0
LINE
8
User.Drawings
6
CONTINUOUS
10
4.1304462992125988
20
-4.5397761023622047
11
4.134511062992126
21
-4.5461779921259842
0
LINE
8
User.Drawings
6
CONTINUOUS
10
4.134511062992126
20
-4.5461779921259842
11
4.1374593700787399
21
-4.55321062992126
0
LINE
8
User.Drawings
6
CONTINUOUS
10
4.1374593700787399
20
-4.55321062992126
11
4.1394205905511807
21
-4.5612443307086616
0
LINE
8
User.Drawings
6
CONTINUOUS
10
4.1394205905511807
20
-4.5612443307086616
11
4.1403132677165351
21
-4.5704503543307089
0
LINE
8
User.Drawings
6
CONTINUOUS
10
4.1403132677165351
20
-4.5704503543307089
11
4.0739714960629918
21
-4.5704503543307089
0
LINE
8
User.Drawings
6
CONTINUOUS
10
4.0739714960629918
20
-4.5704503543307089
11
4.0756562992125982
21
-4.5776973228346458
0
LINE
8
User.Drawings
6
CONTINUOUS
10
4.0756562992125982
20
-4.5776973228346458
11
4.0785979921259843
21
-4.5836042913385828
0
LINE
8
User.Drawings
6
CONTINUOUS
10
4.0785979921259843
20
-4.5836042913385828
11
4.0827825196850389
21
-4.5884224015748032
0
LINE
8
User.Drawings
6
CONTINUOUS
10
4.0827825196850389
20
-4.5884224015748032
11
4.0880222440944882
21
-4.5920588582677162
0
LINE
8
User.Drawings
6
CONTINUOUS
10
4.0880222440944882
20
-4.5920588582677162
11
4.0939775196850396
21
-4.5942530708661415
0
LINE
8
User.Drawings
6
CONTINUOUS
10
4.0939775196850396
20
-4.5942530708661415
11
4.1008555511811027
21
-4.5950121653543308
0
LINE
8
User.Drawings
6
CONTINUOUS
10
4.1008555511811027
20
-4.5950121653543308
11
4.108447362204724
21
-4.594192755905512
0
LINE
8
User.Drawings
6
CONTINUOUS
10
4.108447362204724
20
-4.594192755905512
11
4.1153879921259842
21
-4.5917744881889764
0
LINE
8
User.Drawings
6
CONTINUOUS
10
4.1153879921259842
20
-4.5917744881889764
11
4.1195706692913383
21
-4.589259251968504
0
LINE
8
User.Drawings
6
CONTINUOUS
10
4.1195706692913383
20
-4.589259251968504
11
4.1232985039370078
21
-4.5859701574803147
0
LINE
8
User.Drawings
6
CONTINUOUS
10
4.1232985039370078
20
-4.5859701574803147
11
4.1266087401574802
21
-4.5818259055118107
0
LINE
8
User.Drawings
6
CONTINUOUS
10
4.1266087401574802
20
-4.5818259055118107
11
4.1403132677165351
21
-4.5880050787401574
0
LINE
8
User.Drawings
6
CONTINUOUS
10
4.1403132677165351
20
-4.5880050787401574
11
4.1355140551181098
21
-4.5942212598425192
0
LINE
8
User.Drawings
6
CONTINUOUS
10
4.1355140551181098
20
-4.5942212598425192
11
4.1298799212598425
21
-4.5992740944881891
0
LINE
8
User.Drawings
6
CONTINUOUS
10
4.1298799212598425
20
-4.5992740944881891
11
4.1233306692913381
21
-4.6032577559055117
0
LINE
8
User.Drawings
6
CONTINUOUS
10
4.1233306692913381
20
-4.6032577559055117
11
4.1161764173228343
21
-4.606106181102362
0
LINE
8
User.Drawings
6
CONTINUOUS
10
4.1161764173228343
20
-4.606106181102362
11
4.1085912598425196
21
-4.6078285039370082
0
LINE
8
User.Drawings
6
CONTINUOUS
10
4.1085912598425196
20
-4.6078285039370082
11
4.100478582677165
21
-4.6084137795275586
0
LINE
8
User.Drawings
6
CONTINUOUS
10
4.100478582677165
20
-4.6084137795275586
11
4.0920794094488189
21
-4.6077922440944885
0
LINE
8
User.Drawings
6
CONTINUOUS
10
4.0920794094488189
20
-4.6077922440944885
11
4.0845450787401578
21
-4.6059940944881888
0
LINE
8
User.Drawings
6
CONTINUOUS
10
4.0845450787401578
20
-4.6059940944881888
11
4.0777342125984255
21
-4.6030692913385822
0
LINE
8
User.Drawings
6
CONTINUOUS
10
4.0777342125984255
20
-4.6030692913385822
11
4.0715641732283467
21
-4.5990101574803148
0
LINE
8
User.Drawings
6
CONTINUOUS
10
4.0715641732283467
20
-4.5990101574803148
11
4.0664376771653545
21
-4.5940667716535435
0
LINE
8
User.Drawings
6
CONTINUOUS
10
4.0664376771653545
20
-4.5940667716535435
11
4.0622594094488189
21
-4.588166614173228
0
LINE
8
User.Drawings
6
CONTINUOUS
10
4.0622594094488189
20
-4.588166614173228
11
4.0592120078740157
21
-4.581596456692913
0
LINE
8
User.Drawings
6
CONTINUOUS
10
4.0592120078740157
20
-4.581596456692913
11
4.0573607086614176
21
-4.5744595669291339
0
LINE
8
User.Drawings
6
CONTINUOUS
10
4.0573607086614176
20
-4.5744595669291339
11
4.0567264173228343
21
-4.5666270866141732
0
LINE
8
User.Drawings
6
CONTINUOUS
10
4.0567264173228343
20
-4.5666270866141732
11
4.05731468503937
21
-4.5593036614173226
0
LINE
8
User.Drawings
6
CONTINUOUS
10
4.05731468503937
20
-4.5593036614173226
11
4.0573515354330709
21
-4.5588448425196848
0
LINE
8
User.Drawings
6
CONTINUOUS
10
4.0573515354330709
20
-4.5588448425196848
11
4.059177677165354
21
-4.5517357480314962
0
LINE
8
User.Drawings
6
CONTINUOUS
10
4.059177677165354
20
-4.5517357480314962
11
4.0621853543307083
21
-4.545175078740157
0
LINE
8
User.Drawings
6
CONTINUOUS
10
4.0621853543307083
20
-4.545175078740157
11
4.0662909055118108
21
-4.539240078740157
0
LINE
8
User.Drawings
6
CONTINUOUS
10
4.0662909055118108
20
-4.539240078740157
11
4.0712475196850395
21
-4.534284133858268
0
LINE
8
User.Drawings
6
CONTINUOUS
10
4.0712475196850395
20
-4.534284133858268
11
4.0771283858267715
21
-4.530225275590551
0
LINE
8
User.Drawings
6
CONTINUOUS
10
4.0771283858267715
20
-4.530225275590551
11
4.0836362204724406
21
-4.5272468110236224
0
LINE
8
User.Drawings
6
CONTINUOUS
10
4.0836362204724406
20
-4.5272468110236224
11
4.0905793700787401
21
-4.5254511023622044
0
LINE
8
User.Drawings
6
CONTINUOUS
10
4.0905793700787401
20
-4.5254511023622044
11
4.0980688582677161
21
-4.5248403937007877
0
LINE
8
User.Drawings
6
CONTINUOUS
10
4.0980688582677161
20
-4.5248403937007877
11
4.1062494094488189
21
-4.5254885039370079
0
LINE
8
User.Drawings
6
CONTINUOUS
10
4.0927183070866144
20
-4.5384515354330706
11
4.0876231102362199
21
-4.540398228346457
0
LINE
8
User.Drawings
6
CONTINUOUS
10
4.0876231102362199
20
-4.540398228346457
11
4.0829306299212593
21
-4.5436942125984254
0
LINE
8
User.Drawings
6
CONTINUOUS
10
4.0829306299212593
20
-4.5436942125984254
11
4.0790897244094486
21
-4.547983976377953
0
LINE
8
User.Drawings
6
CONTINUOUS
10
4.0790897244094486
20
-4.547983976377953
11
4.0762568110236224
21
-4.553131181102362
0
LINE
8
User.Drawings
6
CONTINUOUS
10
4.0762568110236224
20
-4.553131181102362
11
4.0744224803149605
21
-4.5593036614173226
0
LINE
8
User.Drawings
6
CONTINUOUS
10
4.0744224803149605
20
-4.5593036614173226
11
4.1239701574803149
21
-4.5593036614173226
0
LINE
8
User.Drawings
6
CONTINUOUS
10
4.1239701574803149
20
-4.5593036614173226
11
4.1219291338582673
21
-4.5531614960629918
0
LINE
8
User.Drawings
6
CONTINUOUS
10
4.1219291338582673
20
-4.5531614960629918
11
4.1188523228346456
21
-4.5480100787401572
0
LINE
8
User.Drawings
6
CONTINUOUS
10
4.1188523228346456
20
-4.5480100787401572
11
4.1147081496062992
21
-4.5436942125984254
0
LINE
8
User.Drawings
6
CONTINUOUS
10
4.1147081496062992
20
-4.5436942125984254
11
4.1097260629921255
21
-4.5404051181102361
0
LINE
8
User.Drawings
6
CONTINUOUS
10
4.1097260629921255
20
-4.5404051181102361
11
4.1043270866141732
21
-4.5384538188976373
0
LINE
8
User.Drawings
6
CONTINUOUS
10
4.1043270866141732
20
-4.5384538188976373
11
4.098365039370079
21
-4.5377910629921256
0
LINE
8
User.Drawings
6
CONTINUOUS
10
4.098365039370079
20
-4.5377910629921256
11
4.0927183070866144
21
-4.5384515354330706
0
LINE
8
User.Drawings
6
CONTINUOUS
10
5.0188445275590547
20
-4.5254885039370079
11
5.0260538188976378
21
-4.5273524015748032
0
LINE
8
User.Drawings
6
CONTINUOUS
10
5.0260538188976378
20
-4.5273524015748032
11
5.0324593307086616
21
-4.5303733858267714
0
LINE
8
User.Drawings
6
CONTINUOUS
10
5.0324593307086616
20
-4.5303733858267714
11
5.0381766929133853
21
-4.5345490157480315
0
LINE
8
User.Drawings
6
CONTINUOUS
10
5.0381766929133853
20
-4.5345490157480315
11
5.0430414566929134
21
-4.5397761023622047
0
LINE
8
User.Drawings
6
CONTINUOUS
10
5.0430414566929134
20
-4.5397761023622047
11
5.0471061811023619
21
-4.5461779921259842
0
LINE
8
User.Drawings
6
CONTINUOUS
10
5.0471061811023619
20
-4.5461779921259842
11
5.0500544881889766
21
-4.55321062992126
0
LINE
8
User.Drawings
6
CONTINUOUS
10
5.0500544881889766
20
-4.55321062992126
11
5.0520157480314962
21
-4.5612443307086616
0
LINE
8
User.Drawings
6
CONTINUOUS
10
5.0520157480314962
20
-4.5612443307086616
11
5.0529083858267718
21
-4.5704503543307089
0
LINE
8
User.Drawings
6
CONTINUOUS
10
5.0529083858267718
20
-4.5704503543307089
11
4.9865666535433073
21
-4.5704503543307089
0
LINE
8
User.Drawings
6
CONTINUOUS
10
4.9865666535433073
20
-4.5704503543307089
11
4.9882514566929137
21
-4.5776973228346458
0
LINE
8
User.Drawings
6
CONTINUOUS
10
4.9882514566929137
20
-4.5776973228346458
11
4.9911931496062989
21
-4.5836042913385828
0
LINE
8
User.Drawings
6
CONTINUOUS
10
4.9911931496062989
20
-4.5836042913385828
11
4.9953776771653544
21
-4.5884224015748032
0
LINE
8
User.Drawings
6
CONTINUOUS
10
4.9953776771653544
20
-4.5884224015748032
11
5.0006174015748028
21
-4.5920588582677162
0
LINE
8
User.Drawings
6
CONTINUOUS
10
5.0006174015748028
20
-4.5920588582677162
11
5.0065726771653543
21
-4.5942530708661415
0
LINE
8
User.Drawings
6
CONTINUOUS
10
5.0065726771653543
20
-4.5942530708661415
11
5.0134506692913385
21
-4.5950121653543308
0
LINE
8
User.Drawings
6
CONTINUOUS
10
5.0134506692913385
20
-4.5950121653543308
11
5.0210424803149607
21
-4.594192755905512
0
LINE
8
User.Drawings
6
CONTINUOUS
10
5.0210424803149607
20
-4.594192755905512
11
5.0279831496062988
21
-4.5917744881889764
0
LINE
8
User.Drawings
6
CONTINUOUS
10
5.0279831496062988
20
-4.5917744881889764
11
5.0321657874015751
21
-4.589259251968504
0
LINE
8
User.Drawings
6
CONTINUOUS
10
5.0321657874015751
20
-4.589259251968504
11
5.0358936614173224
21
-4.5859701574803147
0
LINE
8
User.Drawings
6
CONTINUOUS
10
5.0358936614173224
20
-4.5859701574803147
11
5.0392038976377949
21
-4.5818259055118107
0
LINE
8
User.Drawings
6
CONTINUOUS
10
5.0392038976377949
20
-4.5818259055118107
11
5.0529083858267718
21
-4.5880050787401574
0
LINE
8
User.Drawings
6
CONTINUOUS
10
5.0529083858267718
20
-4.5880050787401574
11
5.0481092125984253
21
-4.5942212598425192
0
LINE
8
User.Drawings
6
CONTINUOUS
10
5.0481092125984253
20
-4.5942212598425192
11
5.0424750787401571
21
-4.5992740944881891
0
LINE
8
User.Drawings
6
CONTINUOUS
10
5.0424750787401571
20
-4.5992740944881891
11
5.0359258267716536
21
-4.6032577559055117
0
LINE
8
User.Drawings
6
CONTINUOUS
10
5.0359258267716536
20
-4.6032577559055117
11
5.0287715748031498
21
-4.606106181102362
0
LINE
8
User.Drawings
6
CONTINUOUS
10
5.0287715748031498
20
-4.606106181102362
11
5.0211864173228342
21
-4.6078285039370082
0
LINE
8
User.Drawings
6
CONTINUOUS
10
5.0211864173228342
20
-4.6078285039370082
11
5.0130737401574805
21
-4.6084137795275586
0
LINE
8
User.Drawings
6
CONTINUOUS
10
5.0130737401574805
20
-4.6084137795275586
11
5.0046745669291335
21
-4.6077922440944885
0
LINE
8
User.Drawings
6
CONTINUOUS
10
5.0046745669291335
20
-4.6077922440944885
11
4.9971401968503937
21
-4.6059940944881888
0
LINE
8
User.Drawings
6
CONTINUOUS
10
4.9971401968503937
20
-4.6059940944881888
11
4.9903293307086614
21
-4.6030692913385822
0
LINE
8
User.Drawings
6
CONTINUOUS
10
4.9903293307086614
20
-4.6030692913385822
11
4.9841592913385826
21
-4.5990101574803148
0
LINE
8
User.Drawings
6
CONTINUOUS
10
4.9841592913385826
20
-4.5990101574803148
11
4.9790327952755904
21
-4.5940667716535435
0
LINE
8
User.Drawings
6
CONTINUOUS
10
4.9790327952755904
20
-4.5940667716535435
11
4.9748545275590548
21
-4.588166614173228
0
LINE
8
User.Drawings
6
CONTINUOUS
10
4.9748545275590548
20
-4.588166614173228
11
4.9718071259842516
21
-4.581596456692913
0
LINE
8
User.Drawings
6
CONTINUOUS
10
4.9718071259842516
20
-4.581596456692913
11
4.9699558661417322
21
-4.5744595669291339
0
LINE
8
User.Drawings
6
CONTINUOUS
10
4.9699558661417322
20
-4.5744595669291339
11
4.9693215748031498
21
-4.5666270866141732
0
LINE
8
User.Drawings
6
CONTINUOUS
10
4.9693215748031498
20
-4.5666270866141732
11
4.9699098425196846
21
-4.5593036614173226
0
LINE
8
User.Drawings
6
CONTINUOUS
10
4.9699098425196846
20
-4.5593036614173226
11
4.9699466929133855
21
-4.5588448425196848
0
LINE
8
User.Drawings
6
CONTINUOUS
10
4.9699466929133855
20
-4.5588448425196848
11
4.9717728346456695
21
-4.5517357480314962
0
LINE
8
User.Drawings
6
CONTINUOUS
10
4.9717728346456695
20
-4.5517357480314962
11
4.9747805118110238
21
-4.545175078740157
0
LINE
8
User.Drawings
6
CONTINUOUS
10
4.9747805118110238
20
-4.545175078740157
11
4.9788860236220476
21
-4.539240078740157
0
LINE
8
User.Drawings
6
CONTINUOUS
10
4.9788860236220476
20
-4.539240078740157
11
4.9838426771653541
21
-4.534284133858268
0
LINE
8
User.Drawings
6
CONTINUOUS
10
4.9838426771653541
20
-4.534284133858268
11
4.9897235433070861
21
-4.530225275590551
0
LINE
8
User.Drawings
6
CONTINUOUS
10
4.9897235433070861
20
-4.530225275590551
11
4.9962313779527561
21
-4.5272468110236224
0
LINE
8
User.Drawings
6
CONTINUOUS
10
4.9962313779527561
20
-4.5272468110236224
11
5.0031744881889759
21
-4.5254511023622044
0
LINE
8
User.Drawings
6
CONTINUOUS
10
5.0031744881889759
20
-4.5254511023622044
11
5.0106640157480316
21
-4.5248403937007877
0
LINE
8
User.Drawings
6
CONTINUOUS
10
5.0106640157480316
20
-4.5248403937007877
11
5.0188445275590547
21
-4.5254885039370079
0
LINE
8
User.Drawings
6
CONTINUOUS
10
5.005313464566929
20
-4.5384515354330706
11
5.0002182283464567
21
-4.540398228346457
0
LINE
8
User.Drawings
6
CONTINUOUS
10
5.0002182283464567
20
-4.540398228346457
11
4.9955257480314961
21
-4.5436942125984254
0
LINE
8
User.Drawings
6
CONTINUOUS
10
4.9955257480314961
20
-4.5436942125984254
11
4.9916848425196854
21
-4.547983976377953
0
LINE
8
User.Drawings
6
CONTINUOUS
10
4.9916848425196854
20
-4.547983976377953
11
4.988851968503937
21
-4.553131181102362
0
LINE
8
User.Drawings
6
CONTINUOUS
10
4.988851968503937
20
-4.553131181102362
11
4.9870176377952751
21
-4.5593036614173226
0
LINE
8
User.Drawings
6
CONTINUOUS
10
4.9870176377952751
20
-4.5593036614173226
11
5.0365652755905508
21
-4.5593036614173226
0
LINE
8
User.Drawings
6
CONTINUOUS
10
5.0365652755905508
20
-4.5593036614173226
11
5.0345242519685041
21
-4.5531614960629918
0
LINE
8
User.Drawings
6
CONTINUOUS
10
5.0345242519685041
20
-4.5531614960629918
11
5.0314474409448815
21
-4.5480100787401572
0
LINE
8
User.Drawings
6
CONTINUOUS
10
5.0314474409448815
20
-4.5480100787401572
11
5.0273033070866138
21
-4.5436942125984254
0
LINE
8
User.Drawings
6
CONTINUOUS
10
5.0273033070866138
20
-4.5436942125984254
11
5.0223211811023623
21
-4.5404051181102361
0
LINE
8
User.Drawings
6
CONTINUOUS
10
5.0223211811023623
20
-4.5404051181102361
11
5.0169222440944878
21
-4.5384538188976373
0
LINE
8
User.Drawings
6
CONTINUOUS
10
5.0169222440944878
20
-4.5384538188976373
11
5.0109601574803149
21
-4.5377910629921256
0
LINE
8
User.Drawings
6
CONTINUOUS
10
5.0109601574803149
20
-4.5377910629921256
11
5.005313464566929
21
-4.5384515354330706
0
LINE
8
User.Drawings
6
CONTINUOUS
10
5.5680678346456691
20
-4.5254885039370079
11
5.5752771259842522
21
-4.5273524015748032
0
LINE
8
User.Drawings
6
CONTINUOUS
10
5.5752771259842522
20
-4.5273524015748032
11
5.5816826377952751
21
-4.5303733858267714
0
LINE
8
User.Drawings
6
CONTINUOUS
10
5.5816826377952751
20
-4.5303733858267714
11
5.5873999999999997
21
-4.5345490157480315
0
LINE
8
User.Drawings
6
CONTINUOUS
10
5.5873999999999997
20
-4.5345490157480315
11
5.5922647637795277
21
-4.5397761023622047
0
LINE
8
User.Drawings
6
CONTINUOUS
10
5.5922647637795277
20
-4.5397761023622047
11
5.5963294881889762
21
-4.5461779921259842
0
LINE
8
User.Drawings
6
CONTINUOUS
10
5.5963294881889762
20
-4.5461779921259842
11
5.5992778346456689
21
-4.55321062992126
0
LINE
8
User.Drawings
6
CONTINUOUS
10
5.5992778346456689
20
-4.55321062992126
11
5.6012390551181097
21
-4.5612443307086616
0
LINE
8
User.Drawings
6
CONTINUOUS
10
5.6012390551181097
20
-4.5612443307086616
11
5.6021316929133853
21
-4.5704503543307089
0
LINE
8
User.Drawings
6
CONTINUOUS
10
5.6021316929133853
20
-4.5704503543307089
11
5.5357899606299208
21
-4.5704503543307089
0
LINE
8
User.Drawings
6
CONTINUOUS
10
5.5357899606299208
20
-4.5704503543307089
11
5.5374747637795272
21
-4.5776973228346458
0
LINE
8
User.Drawings
6
CONTINUOUS
10
5.5374747637795272
20
-4.5776973228346458
11
5.5404164566929133
21
-4.5836042913385828
0
LINE
8
User.Drawings
6
CONTINUOUS
10
5.5404164566929133
20
-4.5836042913385828
11
5.5446009842519688
21
-4.5884224015748032
0
LINE
8
User.Drawings
6
CONTINUOUS
10
5.5446009842519688
20
-4.5884224015748032
11
5.5498407086614172
21
-4.5920588582677162
0
LINE
8
User.Drawings
6
CONTINUOUS
10
5.5498407086614172
20
-4.5920588582677162
11
5.5557959842519686
21
-4.5942530708661415
0
LINE
8
User.Drawings
6
CONTINUOUS
10
5.5557959842519686
20
-4.5942530708661415
11
5.5626739763779529
21
-4.5950121653543308
0
LINE
8
User.Drawings
6
CONTINUOUS
10
5.5626739763779529
20
-4.5950121653543308
11
5.5702657874015751
21
-4.594192755905512
0
LINE
8
User.Drawings
6
CONTINUOUS
10
5.5702657874015751
20
-4.594192755905512
11
5.5772064566929132
21
-4.5917744881889764
0
LINE
8
User.Drawings
6
CONTINUOUS
10
5.5772064566929132
20
-4.5917744881889764
11
5.5813890944881885
21
-4.589259251968504
0
LINE
8
User.Drawings
6
CONTINUOUS
10
5.5813890944881885
20
-4.589259251968504
11
5.5851169685039368
21
-4.5859701574803147
0
LINE
8
User.Drawings
6
CONTINUOUS
10
5.5851169685039368
20
-4.5859701574803147
11
5.5884272047244092
21
-4.5818259055118107
0
LINE
8
User.Drawings
6
CONTINUOUS
10
5.5884272047244092
20
-4.5818259055118107
11
5.6021316929133853
21
-4.5880050787401574
0
LINE
8
User.Drawings
6
CONTINUOUS
10
5.6021316929133853
20
-4.5880050787401574
11
5.5973325196850396
21
-4.5942212598425192
0
LINE
8
User.Drawings
6
CONTINUOUS
10
5.5973325196850396
20
-4.5942212598425192
11
5.5916983858267715
21
-4.5992740944881891
0
LINE
8
User.Drawings
6
CONTINUOUS
10
5.5916983858267715
20
-4.5992740944881891
11
5.5851491338582679
21
-4.6032577559055117
0
LINE
8
User.Drawings
6
CONTINUOUS
10
5.5851491338582679
20
-4.6032577559055117
11
5.5779948818897633
21
-4.606106181102362
0
LINE
8
User.Drawings
6
CONTINUOUS
10
5.5779948818897633
20
-4.606106181102362
11
5.5704097244094486
21
-4.6078285039370082
0
LINE
8
User.Drawings
6
CONTINUOUS
10
5.5704097244094486
20
-4.6078285039370082
11
5.562297047244094
21
-4.6084137795275586
0
LINE
8
User.Drawings
6
CONTINUOUS
10
5.562297047244094
20
-4.6084137795275586
11
5.5538978740157479
21
-4.6077922440944885
0
LINE
8
User.Drawings
6
CONTINUOUS
10
5.5538978740157479
20
-4.6077922440944885
11
5.5463635039370081
21
-4.6059940944881888
0
LINE
8
User.Drawings
6
CONTINUOUS
10
5.5463635039370081
20
-4.6059940944881888
11
5.5395526377952757
21
-4.6030692913385822
0
LINE
8
User.Drawings
6
CONTINUOUS
10
5.5395526377952757
20
-4.6030692913385822
11
5.533382598425197
21
-4.5990101574803148
0
LINE
8
User.Drawings
6
CONTINUOUS
10
5.533382598425197
20
-4.5990101574803148
11
5.5282561023622048
21
-4.5940667716535435
0
LINE
8
User.Drawings
6
CONTINUOUS
10
5.5282561023622048
20
-4.5940667716535435
11
5.5240778346456691
21
-4.588166614173228
0
LINE
8
User.Drawings
6
CONTINUOUS
10
5.5240778346456691
20
-4.588166614173228
11
5.5210304724409447
21
-4.581596456692913
0
LINE
8
User.Drawings
6
CONTINUOUS
10
5.5210304724409447
20
-4.581596456692913
11
5.5191791732283466
21
-4.5744595669291339
0
LINE
8
User.Drawings
6
CONTINUOUS
10
5.5191791732283466
20
-4.5744595669291339
11
5.5185448818897633
21
-4.5666270866141732
0
LINE
8
User.Drawings
6
CONTINUOUS
10
5.5185448818897633
20
-4.5666270866141732
11
5.519133149606299
21
-4.5593036614173226
0
LINE
8
User.Drawings
6
CONTINUOUS
10
5.519133149606299
20
-4.5593036614173226
11
5.5191699999999999
21
-4.5588448425196848
0
LINE
8
User.Drawings
6
CONTINUOUS
10
5.5191699999999999
20
-4.5588448425196848
11
5.520996141732283
21
-4.5517357480314962
0
LINE
8
User.Drawings
6
CONTINUOUS
10
5.520996141732283
20
-4.5517357480314962
11
5.5240038188976373
21
-4.545175078740157
0
LINE
8
User.Drawings
6
CONTINUOUS
10
5.5240038188976373
20
-4.545175078740157
11
5.5281093307086611
21
-4.539240078740157
0
LINE
8
User.Drawings
6
CONTINUOUS
10
5.5281093307086611
20
-4.539240078740157
11
5.5330659842519685
21
-4.534284133858268
0
LINE
8
User.Drawings
6
CONTINUOUS
10
5.5330659842519685
20
-4.534284133858268
11
5.5389468503937005
21
-4.530225275590551
0
LINE
8
User.Drawings
6
CONTINUOUS
10
5.5389468503937005
20
-4.530225275590551
11
5.5454546850393696
21
-4.5272468110236224
0
LINE
8
User.Drawings
6
CONTINUOUS
10
5.5454546850393696
20
-4.5272468110236224
11
5.5523977952755903
21
-4.5254511023622044
0
LINE
8
User.Drawings
6
CONTINUOUS
10
5.5523977952755903
20
-4.5254511023622044
11
5.5598873228346459
21
-4.5248403937007877
0
LINE
8
User.Drawings
6
CONTINUOUS
10
5.5598873228346459
20
-4.5248403937007877
11
5.5680678346456691
21
-4.5254885039370079
0
LINE
8
User.Drawings
6
CONTINUOUS
10
5.5545367716535434
20
-4.5384515354330706
11
5.5494415354330711
21
-4.540398228346457
0
LINE
8
User.Drawings
6
CONTINUOUS
10
5.5494415354330711
20
-4.540398228346457
11
5.5447490551181104
21
-4.5436942125984254
0
LINE
8
User.Drawings
6
CONTINUOUS
10
5.5447490551181104
20
-4.5436942125984254
11
5.5409081496062988
21
-4.547983976377953
0
LINE
8
User.Drawings
6
CONTINUOUS
10
5.5409081496062988
20
-4.547983976377953
11
5.5380752755905513
21
-4.553131181102362
0
LINE
8
User.Drawings
6
CONTINUOUS
10
5.5380752755905513
20
-4.553131181102362
11
5.5362409448818894
21
-4.5593036614173226
0
LINE
8
User.Drawings
6
CONTINUOUS
10
5.5362409448818894
20
-4.5593036614173226
11
5.5857885826771652
21
-4.5593036614173226
0
LINE
8
User.Drawings
6
CONTINUOUS
10
5.5857885826771652
20
-4.5593036614173226
11
5.5837475590551175
21
-4.5531614960629918
0
LINE
8
User.Drawings
6
CONTINUOUS
10
5.5837475590551175
20
-4.5531614960629918
11
5.5806707874015746
21
-4.5480100787401572
0
LINE
8
User.Drawings
6
CONTINUOUS
10
5.5806707874015746
20
-4.5480100787401572
11
5.5765266141732281
21
-4.5436942125984254
0
LINE
8
User.Drawings
6
CONTINUOUS
10
5.5765266141732281
20
-4.5436942125984254
11
5.5715444881889766
21
-4.5404051181102361
0
LINE
8
User.Drawings
6
CONTINUOUS
10
5.5715444881889766
20
-4.5404051181102361
11
5.5661455511811022
21
-4.5384538188976373
0
LINE
8
User.Drawings
6
CONTINUOUS
10
5.5661455511811022
20
-4.5384538188976373
11
5.5601834645669292
21
-4.5377910629921256
0
LINE
8
User.Drawings
6
CONTINUOUS
10
5.5601834645669292
20
-4.5377910629921256
11
5.5545367716535434
21
-4.5384515354330706
0
LINE
8
User.Drawings
6
CONTINUOUS
10
1.2221758267716536
20
-4.4914720472440948
11
1.2283525590551181
21
-4.493361299212598
0
LINE
8
User.Drawings
6
CONTINUOUS
10
1.2283525590551181
20
-4.493361299212598
11
1.233648779527559
21
-4.4964104330708663
0
LINE
8
User.Drawings
6
CONTINUOUS
10
1.233648779527559
20
-4.4964104330708663
11
1.2382103937007873
21
-4.5006757480314956
0
LINE
8
User.Drawings
6
CONTINUOUS
10
1.2382103937007873
20
-4.5006757480314956
11
1.2418574409448819
21
-4.5058132283464563
0
LINE
8
User.Drawings
6
CONTINUOUS
10
1.2418574409448819
20
-4.5058132283464563
11
1.2445742913385827
21
-4.5116792519685038
0
LINE
8
User.Drawings
6
CONTINUOUS
10
1.2445742913385827
20
-4.5116792519685038
11
1.2463564566929133
21
-4.5183993700787397
0
LINE
8
User.Drawings
6
CONTINUOUS
10
1.2463564566929133
20
-4.5183993700787397
11
1.2471358267716535
21
-4.5261327952755908
0
LINE
8
User.Drawings
6
CONTINUOUS
10
1.2471358267716535
20
-4.5261327952755908
11
1.2334312992125984
21
-4.5261327952755908
0
LINE
8
User.Drawings
6
CONTINUOUS
10
1.2334312992125984
20
-4.5261327952755908
11
1.2321590551181103
21
-4.5201607086614173
0
LINE
8
User.Drawings
6
CONTINUOUS
10
1.2321590551181103
20
-4.5201607086614173
11
1.2299588976377953
21
-4.5150074015748034
0
LINE
8
User.Drawings
6
CONTINUOUS
10
1.2299588976377953
20
-4.5150074015748034
11
1.2268415354330708
21
-4.5105368110236217
0
LINE
8
User.Drawings
6
CONTINUOUS
10
1.2268415354330708
20
-4.5105368110236217
11
1.222850433070866
21
-4.5070024015748027
0
LINE
8
User.Drawings
6
CONTINUOUS
10
1.222850433070866
20
-4.5070024015748027
11
1.2183081889763778
21
-4.5049225196850395
0
LINE
8
User.Drawings
6
CONTINUOUS
10
1.2183081889763778
20
-4.5049225196850395
11
1.2130225984251968
21
-4.5042095669291333
0
LINE
8
User.Drawings
6
CONTINUOUS
10
1.2130225984251968
20
-4.5042095669291333
11
1.2080834645669292
21
-4.5048816535433067
0
LINE
8
User.Drawings
6
CONTINUOUS
10
1.2080834645669292
20
-4.5048816535433067
11
1.2037467716535433
21
-4.5068600393700784
0
LINE
8
User.Drawings
6
CONTINUOUS
10
1.2037467716535433
20
-4.5068600393700784
11
1.1998439763779527
21
-4.5102513779527555
0
LINE
8
User.Drawings
6
CONTINUOUS
10
1.1998439763779527
20
-4.5102513779527555
11
1.1963092913385827
21
-4.5153630314960633
0
LINE
8
User.Drawings
6
CONTINUOUS
10
1.1963092913385827
20
-4.5153630314960633
11
1.1938198031496063
21
-4.5209237795275588
0
LINE
8
User.Drawings
6
CONTINUOUS
10
1.1938198031496063
20
-4.5209237795275588
11
1.1918529527559054
21
-4.5277744488188976
0
LINE
8
User.Drawings
6
CONTINUOUS
10
1.1918529527559054
20
-4.5277744488188976
11
1.1905052755905512
21
-4.5361529133858269
0
LINE
8
User.Drawings
6
CONTINUOUS
10
1.1905052755905512
20
-4.5361529133858269
11
1.1899079921259843
21
-4.5463261023622046
0
LINE
8
User.Drawings
6
CONTINUOUS
10
1.1899079921259843
20
-4.5463261023622046
11
1.1962864173228347
21
-4.540702440944882
0
LINE
8
User.Drawings
6
CONTINUOUS
10
1.1962864173228347
20
-4.540702440944882
11
1.2027961417322834
21
-4.5368775590551182
0
LINE
8
User.Drawings
6
CONTINUOUS
10
1.2027961417322834
20
-4.5368775590551182
11
1.2095335433070866
21
-4.5346360236220473
0
LINE
8
User.Drawings
6
CONTINUOUS
10
1.2095335433070866
20
-4.5346360236220473
11
1.2166372047244094
21
-4.5338870078740152
0
LINE
8
User.Drawings
6
CONTINUOUS
10
1.2166372047244094
20
-4.5338870078740152
11
1.2220544094488188
21
-4.5343420866141733
0
LINE
8
User.Drawings
6
CONTINUOUS
10
1.2220544094488188
20
-4.5343420866141733
11
1.227187874015748
21
-4.5356934645669291
0
LINE
8
User.Drawings
6
CONTINUOUS
10
1.227187874015748
20
-4.5356934645669291
11
1.2321120078740158
21
-4.5379593307086612
0
LINE
8
User.Drawings
6
CONTINUOUS
10
1.2321120078740158
20
-4.5379593307086612
11
1.2365425196850393
21
-4.5410523228346458
0
LINE
8
User.Drawings
6
CONTINUOUS
10
1.2365425196850393
20
-4.5410523228346458
11
1.2403827165354331
21
-4.5450007480314962
0
LINE
8
User.Drawings
6
CONTINUOUS
10
1.2403827165354331
20
-4.5450007480314962
11
1.2436692913385827
21
-4.5499070472440941
0
LINE
8
User.Drawings
6
CONTINUOUS
10
1.2436692913385827
20
-4.5499070472440941
11
1.246037401574803
21
-4.55531874015748
0
LINE
8
User.Drawings
6
CONTINUOUS
10
1.246037401574803
20
-4.55531874015748
11
1.2475179133858267
21
-4.5615353543307089
0
LINE
8
User.Drawings
6
CONTINUOUS
10
1.2475179133858267
20
-4.5615353543307089
11
1.2480377952755906
21
-4.56871374015748
0
LINE
8
User.Drawings
6
CONTINUOUS
10
1.2480377952755906
20
-4.56871374015748
11
1.2475776771653544
21
-4.5758605905511809
0
LINE
8
User.Drawings
6
CONTINUOUS
10
1.2475776771653544
20
-4.5758605905511809
11
1.2462364566929134
21
-4.5824263385826773
0
LINE
8
User.Drawings
6
CONTINUOUS
10
1.2462364566929134
20
-4.5824263385826773
11
1.2440462598425197
21
-4.588496456692913
0
LINE
8
User.Drawings
6
CONTINUOUS
10
1.2440462598425197
20
-4.588496456692913
11
1.2409353149606299
21
-4.594097440944882
0
LINE
8
User.Drawings
6
CONTINUOUS
10
1.2409353149606299
20
-4.594097440944882
11
1.2370466141732284
21
-4.5988018503937003
0
LINE
8
User.Drawings
6
CONTINUOUS
10
1.2370466141732284
20
-4.5988018503937003
11
1.2323341338582676
21
-4.6027057874015744
0
LINE
8
User.Drawings
6
CONTINUOUS
10
1.2323341338582676
20
-4.6027057874015744
11
1.2269729527559055
21
-4.6055950000000001
0
LINE
8
User.Drawings
6
CONTINUOUS
10
1.2269729527559055
20
-4.6055950000000001
11
1.2209154724409448
21
-4.6073672834645665
0
LINE
8
User.Drawings
6
CONTINUOUS
10
1.2209154724409448
20
-4.6073672834645665
11
1.2139986220472441
21
-4.6079829921259838
0
LINE
8
User.Drawings
6
CONTINUOUS
10
1.2139986220472441
20
-4.6079829921259838
11
1.2065668110236221
21
-4.6072776377952751
0
LINE
8
User.Drawings
6
CONTINUOUS
10
1.2065668110236221
20
-4.6072776377952751
11
1.1998792913385827
21
-4.6052196850393701
0
LINE
8
User.Drawings
6
CONTINUOUS
10
1.1998792913385827
20
-4.6052196850393701
11
1.1937783858267716
21
-4.601810551181102
0
LINE
8
User.Drawings
6
CONTINUOUS
10
1.1937783858267716
20
-4.601810551181102
11
1.1885446456692914
21
-4.597176299212598
0
LINE
8
User.Drawings
6
CONTINUOUS
10
1.1885446456692914
20
-4.597176299212598
11
1.1839467716535432
21
-4.5909585433070861
0
LINE
8
User.Drawings
6
CONTINUOUS
10
1.1839467716535432
20
-4.5909585433070861
11
1.1799998031496062
21
-4.5828490551181105
0
LINE
8
User.Drawings
6
CONTINUOUS
10
1.1799998031496062
20
-4.5828490551181105
11
1.1773444488188975
21
-4.5741722440944885
0
LINE
8
User.Drawings
6
CONTINUOUS
10
1.1773444488188975
20
-4.5741722440944885
11
1.1756180314960629
21
-4.5636586614173229
0
LINE
8
User.Drawings
6
CONTINUOUS
10
1.1756180314960629
20
-4.5636586614173229
11
1.1756159448818897
21
-4.5636458661417318
0
LINE
8
User.Drawings
6
CONTINUOUS
10
1.1756159448818897
20
-4.5636458661417318
11
1.1749918897637794
21
-4.5509368897637792
0
LINE
8
User.Drawings
6
CONTINUOUS
10
1.1749918897637794
20
-4.5509368897637792
11
1.1757430708661416
21
-4.5365503149606301
0
LINE
8
User.Drawings
6
CONTINUOUS
10
1.1757430708661416
20
-4.5365503149606301
11
1.1778257086614172
21
-4.5246410236220473
0
LINE
8
User.Drawings
6
CONTINUOUS
10
1.1778257086614172
20
-4.5246410236220473
11
1.1810326377952756
21
-4.5148244488188976
0
LINE
8
User.Drawings
6
CONTINUOUS
10
1.1810326377952756
20
-4.5148244488188976
11
1.1852298818897637
21
-4.5067674015748027
0
LINE
8
User.Drawings
6
CONTINUOUS
10
1.1852298818897637
20
-4.5067674015748027
11
1.1897703543307085
21
-4.5009429133858267
0
LINE
8
User.Drawings
6
CONTINUOUS
10
1.1897703543307085
20
-4.5009429133858267
11
1.1949098031496064
21
-4.4965437007874014
0
LINE
8
User.Drawings
6
CONTINUOUS
10
1.1949098031496064
20
-4.4965437007874014
11
1.2007154724409448
21
-4.4934086220472436
0
LINE
8
User.Drawings
6
CONTINUOUS
10
1.2007154724409448
20
-4.4934086220472436
11
1.2073194881889764
21
-4.4914798818897639
0
LINE
8
User.Drawings
6
CONTINUOUS
10
1.2073194881889764
20
-4.4914798818897639
11
1.2149073228346456
21
-4.4908079527559055
0
LINE
8
User.Drawings
6
CONTINUOUS
10
1.2149073228346456
20
-4.4908079527559055
11
1.2221758267716536
21
-4.4914720472440948
0
LINE
8
User.Drawings
6
CONTINUOUS
10
1.2091442519685038
20
-4.5494461811023621
11
1.2033701574803148
21
-4.5519540551181104
0
LINE
8
User.Drawings
6
CONTINUOUS
10
1.2033701574803148
20
-4.5519540551181104
11
1.1972508267716535
21
-4.5565127559055121
0
LINE
8
User.Drawings
6
CONTINUOUS
10
1.1972508267716535
20
-4.5565127559055121
11
1.190655157480315
21
-4.5636586614173229
0
LINE
8
User.Drawings
6
CONTINUOUS
10
1.190655157480315
20
-4.5636586614173229
11
1.1927138976377953
21
-4.5745187401574805
0
LINE
8
User.Drawings
6
CONTINUOUS
10
1.1927138976377953
20
-4.5745187401574805
11
1.1955974803149605
21
-4.5823435039370075
0
LINE
8
User.Drawings
6
CONTINUOUS
10
1.1955974803149605
20
-4.5823435039370075
11
1.1990991338582677
21
-4.587815
0
LINE
8
User.Drawings
6
CONTINUOUS
10
1.1990991338582677
20
-4.587815
11
1.2031461417322835
21
-4.5914612992125985
0
LINE
8
User.Drawings
6
CONTINUOUS
10
1.2031461417322835
20
-4.5914612992125985
11
1.2078159055118109
21
-4.5936116141732279
0
LINE
8
User.Drawings
6
CONTINUOUS
10
1.2078159055118109
20
-4.5936116141732279
11
1.2133255118110235
21
-4.5943525196850397
0
LINE
8
User.Drawings
6
CONTINUOUS
10
1.2133255118110235
20
-4.5943525196850397
11
1.2192698425196851
21
-4.5935603149606301
0
LINE
8
User.Drawings
6
CONTINUOUS
10
1.2192698425196851
20
-4.5935603149606301
11
1.2241538976377953
21
-4.5912907874015749
0
LINE
8
User.Drawings
6
CONTINUOUS
10
1.2241538976377953
20
-4.5912907874015749
11
1.2282348818897637
21
-4.5874935039370079
0
LINE
8
User.Drawings
6
CONTINUOUS
10
1.2282348818897637
20
-4.5874935039370079
11
1.2312334645669292
21
-4.5826541338582674
0
LINE
8
User.Drawings
6
CONTINUOUS
10
1.2312334645669292
20
-4.5826541338582674
11
1.2330840157480314
21
-4.5769911417322833
0
LINE
8
User.Drawings
6
CONTINUOUS
10
1.2330840157480314
20
-4.5769911417322833
11
1.2337342125984252
21
-4.5702955511811023
0
LINE
8
User.Drawings
6
CONTINUOUS
10
1.2337342125984252
20
-4.5702955511811023
11
1.2331385433070865
21
-4.5641864173228344
0
LINE
8
User.Drawings
6
CONTINUOUS
10
1.2331385433070865
20
-4.5641864173228344
11
1.2314506692913385
21
-4.5590759055118113
0
LINE
8
User.Drawings
6
CONTINUOUS
10
1.2314506692913385
20
-4.5590759055118113
11
1.2287262598425197
21
-4.5547601574803149
0
LINE
8
User.Drawings
6
CONTINUOUS
10
1.2287262598425197
20
-4.5547601574803149
11
1.2250100787401574
21
-4.5514049606299212
0
LINE
8
User.Drawings
6
CONTINUOUS
10
1.2250100787401574
20
-4.5514049606299212
11
1.2204406299212598
21
-4.5493682677165355
0
LINE
8
User.Drawings
6
CONTINUOUS
10
1.2204406299212598
20
-4.5493682677165355
11
1.2147524803149605
21
-4.5486483070866139
0
LINE
8
User.Drawings
6
CONTINUOUS
10
1.2147524803149605
20
-4.5486483070866139
11
1.2091442519685038
21
-4.5494461811023621
0
LINE
8
User.Drawings
6
CONTINUOUS
10
1.3338727952755904
20
-4.5231172440944878
11
1.3197846062992125
21
-4.5231172440944878
0
LINE
8
User.Drawings
6
CONTINUOUS
10
1.3197846062992125
20
-4.5231172440944878
11
1.3197846062992125
21
-4.5071174015748028
0
LINE
8
User.Drawings
6
CONTINUOUS
10
1.3197846062992125
20
-4.5071174015748028
11
1.2851463779527559
21
-4.5071174015748028
0
LINE
8
User.Drawings
6
CONTINUOUS
10
1.2851463779527559
20
-4.5071174015748028
11
1.2826625984251969
21
-4.5405911811023625
0
LINE
8
User.Drawings
6
CONTINUOUS
10
1.2826625984251969
20
-4.5405911811023625
11
1.2879011811023622
21
-4.5368877165354329
0
LINE
8
User.Drawings
6
CONTINUOUS
10
1.2879011811023622
20
-4.5368877165354329
11
1.2934695275590551
21
-4.5342773228346456
0
LINE
8
User.Drawings
6
CONTINUOUS
10
1.2934695275590551
20
-4.5342773228346456
11
1.2994457874015748
21
-4.5327010629921256
0
LINE
8
User.Drawings
6
CONTINUOUS
10
1.2994457874015748
20
-4.5327010629921256
11
1.3059320078740158
21
-4.5321638582677162
0
LINE
8
User.Drawings
6
CONTINUOUS
10
1.3059320078740158
20
-4.5321638582677162
11
1.3128572440944881
21
-4.5327564960629916
0
LINE
8
User.Drawings
6
CONTINUOUS
10
1.3128572440944881
20
-4.5327564960629916
11
1.3189684645669291
21
-4.534465787401575
0
LINE
8
User.Drawings
6
CONTINUOUS
10
1.3189684645669291
20
-4.534465787401575
11
1.3244156299212597
21
-4.5372525590551183
0
LINE
8
User.Drawings
6
CONTINUOUS
10
1.3244156299212597
20
-4.5372525590551183
11
1.3292566141732283
21
-4.5410267322834645
0
LINE
8
User.Drawings
6
CONTINUOUS
10
1.3292566141732283
20
-4.5410267322834645
11
1.3332529921259841
21
-4.5455251968503934
0
LINE
8
User.Drawings
6
CONTINUOUS
10
1.3332529921259841
20
-4.5455251968503934
11
1.3364642913385827
21
-4.5508224803149604
0
LINE
8
User.Drawings
6
CONTINUOUS
10
1.3364642913385827
20
-4.5508224803149604
11
1.3387652362204725
21
-4.5566005118110233
0
LINE
8
User.Drawings
6
CONTINUOUS
10
1.3387652362204725
20
-4.5566005118110233
11
1.3401655905511811
21
-4.5628134645669292
0
LINE
8
User.Drawings
6
CONTINUOUS
10
1.3401655905511811
20
-4.5628134645669292
11
1.3406442913385825
21
-4.5695483858267716
0
LINE
8
User.Drawings
6
CONTINUOUS
10
1.3406442913385825
20
-4.5695483858267716
11
1.3400952755905511
21
-4.5770128740157476
0
LINE
8
User.Drawings
6
CONTINUOUS
10
1.3400952755905511
20
-4.5770128740157476
11
1.3385105511811024
21
-4.5836760236220471
0
LINE
8
User.Drawings
6
CONTINUOUS
10
1.3385105511811024
20
-4.5836760236220471
11
1.3359392519685038
21
-4.5896676377952756
0
LINE
8
User.Drawings
6
CONTINUOUS
10
1.3359392519685038
20
-4.5896676377952756
11
1.3323361417322834
21
-4.5950585039370075
0
LINE
8
User.Drawings
6
CONTINUOUS
10
1.3323361417322834
20
-4.5950585039370075
11
1.3278344094488188
21
-4.5995429527559057
0
LINE
8
User.Drawings
6
CONTINUOUS
10
1.3278344094488188
20
-4.5995429527559057
11
1.3223424409448818
21
-4.6031971653543309
0
LINE
8
User.Drawings
6
CONTINUOUS
10
1.3223424409448818
20
-4.6031971653543309
11
1.316250748031496
21
-4.6058045669291339
0
LINE
8
User.Drawings
6
CONTINUOUS
10
1.316250748031496
20
-4.6058045669291339
11
1.3093975590551181
21
-4.6074203937007869
0
LINE
8
User.Drawings
6
CONTINUOUS
10
1.3093975590551181
20
-4.6074203937007869
11
1.3016375590551181
21
-4.6079829921259838
0
LINE
8
User.Drawings
6
CONTINUOUS
10
1.3016375590551181
20
-4.6079829921259838
11
1.2930396456692914
21
-4.6073072440944882
0
LINE
8
User.Drawings
6
CONTINUOUS
10
1.2930396456692914
20
-4.6073072440944882
11
1.2857787401574803
21
-4.6053994094488191
0
LINE
8
User.Drawings
6
CONTINUOUS
10
1.2857787401574803
20
-4.6053994094488191
11
1.2796176771653542
21
-4.6023656692913386
0
LINE
8
User.Drawings
6
CONTINUOUS
10
1.2796176771653542
20
-4.6023656692913386
11
1.2743766141732282
21
-4.5982094094488186
0
LINE
8
User.Drawings
6
CONTINUOUS
10
1.2743766141732282
20
-4.5982094094488186
11
1.2701389370078739
21
-4.5930509448818899
0
LINE
8
User.Drawings
6
CONTINUOUS
10
1.2701389370078739
20
-4.5930509448818899
11
1.2668623622047244
21
-4.5867903543307085
0
LINE
8
User.Drawings
6
CONTINUOUS
10
1.2668623622047244
20
-4.5867903543307085
11
1.2645726377952755
21
-4.5792202755905507
0
LINE
8
User.Drawings
6
CONTINUOUS
10
1.2645726377952755
20
-4.5792202755905507
11
1.2633847244094487
21
-4.57007342519685
0
LINE
8
User.Drawings
6
CONTINUOUS
10
1.2633847244094487
20
-4.57007342519685
11
1.2779911811023621
21
-4.57007342519685
0
LINE
8
User.Drawings
6
CONTINUOUS
10
1.2779911811023621
20
-4.57007342519685
11
1.2795707874015747
21
-4.5775507480314959
0
LINE
8
User.Drawings
6
CONTINUOUS
10
1.2795707874015747
20
-4.5775507480314959
11
1.2821329133858268
21
-4.5835074803149602
0
LINE
8
User.Drawings
6
CONTINUOUS
10
1.2821329133858268
20
-4.5835074803149602
11
1.2855973622047243
21
-4.5882272047244097
0
LINE
8
User.Drawings
6
CONTINUOUS
10
1.2855973622047243
20
-4.5882272047244097
11
1.2900845669291339
21
-4.5918461417322831
0
LINE
8
User.Drawings
6
CONTINUOUS
10
1.2900845669291339
20
-4.5918461417322831
11
1.2954000787401574
21
-4.5940368110236216
0
LINE
8
User.Drawings
6
CONTINUOUS
10
1.2954000787401574
20
-4.5940368110236216
11
1.3017923622047243
21
-4.5948035039370074
0
LINE
8
User.Drawings
6
CONTINUOUS
10
1.3017923622047243
20
-4.5948035039370074
11
1.3081686614173229
21
-4.594012559055118
0
LINE
8
User.Drawings
6
CONTINUOUS
10
1.3081686614173229
20
-4.594012559055118
11
1.3135343307086613
21
-4.5917369685039366
0
LINE
8
User.Drawings
6
CONTINUOUS
10
1.3135343307086613
20
-4.5917369685039366
11
1.3181287795275591
21
-4.5879444881889766
0
LINE
8
User.Drawings
6
CONTINUOUS
10
1.3181287795275591
20
-4.5879444881889766
11
1.3215687007874015
21
-4.5830290157480311
0
LINE
8
User.Drawings
6
CONTINUOUS
10
1.3215687007874015
20
-4.5830290157480311
11
1.3236999606299211
21
-4.5770892519685038
0
LINE
8
User.Drawings
6
CONTINUOUS
10
1.3236999606299211
20
-4.5770892519685038
11
1.3244559842519685
21
-4.5698445669291337
0
LINE
8
User.Drawings
6
CONTINUOUS
10
1.3244559842519685
20
-4.5698445669291337
11
1.3237169291338582
21
-4.5623258267716533
0
LINE
8
User.Drawings
6
CONTINUOUS
10
1.3237169291338582
20
-4.5623258267716533
11
1.3216879527559056
21
-4.5564982677165355
0
LINE
8
User.Drawings
6
CONTINUOUS
10
1.3216879527559056
20
-4.5564982677165355
11
1.3185057086614174
21
-4.5519801968503932
0
LINE
8
User.Drawings
6
CONTINUOUS
10
1.3185057086614174
20
-4.5519801968503932
11
1.3141987795275589
21
-4.5485185826771657
0
LINE
8
User.Drawings
6
CONTINUOUS
10
1.3141987795275589
20
-4.5485185826771657
11
1.3092013385826771
21
-4.5464412204724409
0
LINE
8
User.Drawings
6
CONTINUOUS
10
1.3092013385826771
20
-4.5464412204724409
11
1.3033001574803149
21
-4.5457202755905515
0
LINE
8
User.Drawings
6
CONTINUOUS
10
1.3033001574803149
20
-4.5457202755905515
11
1.2981787007874015
21
-4.5462538976377953
0
LINE
8
User.Drawings
6
CONTINUOUS
10
1.2981787007874015
20
-4.5462538976377953
11
1.2934399999999999
21
-4.5478342519685038
0
LINE
8
User.Drawings
6
CONTINUOUS
10
1.2934399999999999
20
-4.5478342519685038
11
1.2889763779527559
21
-4.5505036220472439
0
LINE
8
User.Drawings
6
CONTINUOUS
10
1.2889763779527559
20
-4.5505036220472439
11
1.2847163385826772
21
-4.5543975196850397
0
LINE
8
User.Drawings
6
CONTINUOUS
10
1.2847163385826772
20
-4.5543975196850397
11
1.2806298031496062
21
-4.5597344488188973
0
LINE
8
User.Drawings
6
CONTINUOUS
10
1.2806298031496062
20
-4.5597344488188973
11
1.2752074015748032
21
-4.5551203937007871
0
LINE
8
User.Drawings
6
CONTINUOUS
10
1.2752074015748032
20
-4.5551203937007871
11
1.2688099606299212
21
-4.5511522834645666
0
LINE
8
User.Drawings
6
CONTINUOUS
10
1.2688099606299212
20
-4.5511522834645666
11
1.2734005905511812
21
-4.4929619291338581
0
LINE
8
User.Drawings
6
CONTINUOUS
10
1.2734005905511812
20
-4.4929619291338581
11
1.3338727952755904
21
-4.4929619291338581
0
LINE
8
User.Drawings
6
CONTINUOUS
10
1.3338727952755904
20
-4.4929619291338581
11
1.3338727952755904
21
-4.5231172440944878
0
LINE
8
User.Drawings
6
CONTINUOUS
10
1.4006005511811024
20
-4.4914648031496061
11
1.4070177165354329
21
-4.493355354330709
0
LINE
8
User.Drawings
6
CONTINUOUS
10
1.4070177165354329
20
-4.493355354330709
11
1.4126943307086615
21
-4.4964382283464568
0
LINE
8
User.Drawings
6
CONTINUOUS
10
1.4126943307086615
20
-4.4964382283464568
11
1.4177540157480315
21
-4.5007777559055118
0
LINE
8
User.Drawings
6
CONTINUOUS
10
1.4177540157480315
20
-4.5007777559055118
11
1.4222588976377952
21
-4.5065385433070864
0
LINE
8
User.Drawings
6
CONTINUOUS
10
1.4222588976377952
20
-4.5065385433070864
11
1.4264442125984251
21
-4.51449311023622
0
LINE
8
User.Drawings
6
CONTINUOUS
10
1.4264442125984251
20
-4.51449311023622
11
1.4296262992125983
21
-4.5240955118110238
0
LINE
8
User.Drawings
6
CONTINUOUS
10
1.4296262992125983
20
-4.5240955118110238
11
1.4316835039370079
21
-4.5356502755905508
0
LINE
8
User.Drawings
6
CONTINUOUS
10
1.4316835039370079
20
-4.5356502755905508
11
1.4324228740157481
21
-4.5495098818897635
0
LINE
8
User.Drawings
6
CONTINUOUS
10
1.4324228740157481
20
-4.5495098818897635
11
1.4318373228346457
21
-4.5618064960629923
0
LINE
8
User.Drawings
6
CONTINUOUS
10
1.4318373228346457
20
-4.5618064960629923
11
1.4301948818897638
21
-4.5722845669291337
0
LINE
8
User.Drawings
6
CONTINUOUS
10
1.4301948818897638
20
-4.5722845669291337
11
1.4276370472440945
21
-4.5811931889763775
0
LINE
8
User.Drawings
6
CONTINUOUS
10
1.4276370472440945
20
-4.5811931889763775
11
1.4238341732283464
21
-4.5895752755905512
0
LINE
8
User.Drawings
6
CONTINUOUS
10
1.4238341732283464
20
-4.5895752755905512
11
1.4193100787401574
21
-4.5961392519685038
0
LINE
8
User.Drawings
6
CONTINUOUS
10
1.4193100787401574
20
-4.5961392519685038
11
1.4140873622047243
21
-4.6011711023622048
0
LINE
8
User.Drawings
6
CONTINUOUS
10
1.4140873622047243
20
-4.6011711023622048
11
1.4079396850393699
21
-4.6049261023622048
0
LINE
8
User.Drawings
6
CONTINUOUS
10
1.4079396850393699
20
-4.6049261023622048
11
1.4010654724409448
21
-4.6071990551181106
0
LINE
8
User.Drawings
6
CONTINUOUS
10
1.4010654724409448
20
-4.6071990551181106
11
1.3932680708661418
21
-4.6079829921259838
0
LINE
8
User.Drawings
6
CONTINUOUS
10
1.3932680708661418
20
-4.6079829921259838
11
1.3858050393700787
21
-4.6073194488188971
0
LINE
8
User.Drawings
6
CONTINUOUS
10
1.3858050393700787
20
-4.6073194488188971
11
1.3792977952755905
21
-4.6054129921259843
0
LINE
8
User.Drawings
6
CONTINUOUS
10
1.3792977952755905
20
-4.6054129921259843
11
1.3735653937007875
21
-4.602310826771653
0
LINE
8
User.Drawings
6
CONTINUOUS
10
1.3735653937007875
20
-4.602310826771653
11
1.3684792913385826
21
-4.5979531496062993
0
LINE
8
User.Drawings
6
CONTINUOUS
10
1.3684792913385826
20
-4.5979531496062993
11
1.3639742913385826
21
-4.5921783464566932
0
LINE
8
User.Drawings
6
CONTINUOUS
10
1.3639742913385826
20
-4.5921783464566932
11
1.3597748818897637
21
-4.5841781102362207
0
LINE
8
User.Drawings
6
CONTINUOUS
10
1.3597748818897637
20
-4.5841781102362207
11
1.3565937795275591
21
-4.5745975590551184
0
LINE
8
User.Drawings
6
CONTINUOUS
10
1.3565937795275591
20
-4.5745975590551184
11
1.3545445669291338
21
-4.5631515748031495
0
LINE
8
User.Drawings
6
CONTINUOUS
10
1.3545445669291338
20
-4.5631515748031495
11
1.35381031496063
21
-4.5495098818897635
0
LINE
8
User.Drawings
6
CONTINUOUS
10
1.35381031496063
20
-4.5495098818897635
11
1.3543955511811023
21
-4.5371578740157483
0
LINE
8
User.Drawings
6
CONTINUOUS
10
1.3543955511811023
20
-4.5371578740157483
11
1.3560361023622047
21
-4.5266426377952751
0
LINE
8
User.Drawings
6
CONTINUOUS
10
1.3560361023622047
20
-4.5266426377952751
11
1.3585894094488189
21
-4.5177121653543306
0
LINE
8
User.Drawings
6
CONTINUOUS
10
1.3585894094488189
20
-4.5177121653543306
11
1.3624074015748031
21
-4.5093146062992124
0
LINE
8
User.Drawings
6
CONTINUOUS
10
1.3624074015748031
20
-4.5093146062992124
11
1.3669819685039371
21
-4.5027245669291336
0
LINE
8
User.Drawings
6
CONTINUOUS
10
1.3669819685039371
20
-4.5027245669291336
11
1.3722939370078739
21
-4.4976602362204723
0
LINE
8
User.Drawings
6
CONTINUOUS
10
1.3722939370078739
20
-4.4976602362204723
11
1.3785412598425197
21
-4.4938763779527555
0
LINE
8
User.Drawings
6
CONTINUOUS
10
1.3785412598425197
20
-4.4938763779527555
11
1.3854697244094487
21
-4.4915929527559051
0
LINE
8
User.Drawings
6
CONTINUOUS
10
1.3854697244094487
20
-4.4915929527559051
11
1.3932680708661418
21
-4.4908079527559055
0
LINE
8
User.Drawings
6
CONTINUOUS
10
1.3932680708661418
20
-4.4908079527559055
11
1.4006005511811024
21
-4.4914648031496061
0
LINE
8
User.Drawings
6
CONTINUOUS
10
1.3876040157480314
20
-4.5047823622047245
11
1.3830283464566928
21
-4.5068534645669294
0
LINE
8
User.Drawings
6
CONTINUOUS
10
1.3830283464566928
20
-4.5068534645669294
11
1.3791591338582676
21
-4.5103210236220468
0
LINE
8
User.Drawings
6
CONTINUOUS
10
1.3791591338582676
20
-4.5103210236220468
11
1.3759085433070866
21
-4.5154639763779523
0
LINE
8
User.Drawings
6
CONTINUOUS
10
1.3759085433070866
20
-4.5154639763779523
11
1.3737555118110236
21
-4.521072874015748
0
LINE
8
User.Drawings
6
CONTINUOUS
10
1.3737555118110236
20
-4.521072874015748
11
1.3720345669291338
21
-4.5283683070866143
0
LINE
8
User.Drawings
6
CONTINUOUS
10
1.3720345669291338
20
-4.5283683070866143
11
1.3708772440944881
21
-4.5377125590551177
0
LINE
8
User.Drawings
6
CONTINUOUS
10
1.3708772440944881
20
-4.5377125590551177
11
1.3704496062992126
21
-4.5495098818897635
0
LINE
8
User.Drawings
6
CONTINUOUS
10
1.3704496062992126
20
-4.5495098818897635
11
1.3709127559055119
21
-4.5619787401574801
0
LINE
8
User.Drawings
6
CONTINUOUS
10
1.3709127559055119
20
-4.5619787401574801
11
1.3721479527559055
21
-4.5715313779527555
0
LINE
8
User.Drawings
6
CONTINUOUS
10
1.3721479527559055
20
-4.5715313779527555
11
1.3739529133858268
21
-4.5787045275590552
0
LINE
8
User.Drawings
6
CONTINUOUS
10
1.3739529133858268
20
-4.5787045275590552
11
1.376171062992126
21
-4.5839731496062992
0
LINE
8
User.Drawings
6
CONTINUOUS
10
1.376171062992126
20
-4.5839731496062992
11
1.3795003543307087
21
-4.5887748818897638
0
LINE
8
User.Drawings
6
CONTINUOUS
10
1.3795003543307087
20
-4.5887748818897638
11
1.3833811811023622
21
-4.5920315354330707
0
LINE
8
User.Drawings
6
CONTINUOUS
10
1.3833811811023622
20
-4.5920315354330707
11
1.387902716535433
21
-4.5939794488188976
0
LINE
8
User.Drawings
6
CONTINUOUS
10
1.387902716535433
20
-4.5939794488188976
11
1.3932680708661418
21
-4.594655393700787
0
LINE
8
User.Drawings
6
CONTINUOUS
10
1.3932680708661418
20
-4.594655393700787
11
1.3985190157480314
21
-4.5939924015748028
0
LINE
8
User.Drawings
6
CONTINUOUS
10
1.3985190157480314
20
-4.5939924015748028
11
1.4029755905511812
21
-4.5920762598425195
0
LINE
8
User.Drawings
6
CONTINUOUS
10
1.4029755905511812
20
-4.5920762598425195
11
1.4068307874015749
21
-4.5888643700787402
0
LINE
8
User.Drawings
6
CONTINUOUS
10
1.4068307874015749
20
-4.5888643700787402
11
1.4101698425196849
21
-4.5841212204724409
0
LINE
8
User.Drawings
6
CONTINUOUS
10
1.4101698425196849
20
-4.5841212204724409
11
1.4123831102362205
21
-4.5789314960629923
0
LINE
8
User.Drawings
6
CONTINUOUS
10
1.4123831102362205
20
-4.5789314960629923
11
1.4142019685039369
21
-4.5717044488188971
0
LINE
8
User.Drawings
6
CONTINUOUS
10
1.4142019685039369
20
-4.5717044488188971
11
1.4154576377952754
21
-4.5618997637795271
0
LINE
8
User.Drawings
6
CONTINUOUS
10
1.4154576377952754
20
-4.5618997637795271
11
1.4159316929133858
21
-4.5489040944881891
0
LINE
8
User.Drawings
6
CONTINUOUS
10
1.4159316929133858
20
-4.5489040944881891
11
1.4154401574803148
21
-4.5360255511811021
0
LINE
8
User.Drawings
6
CONTINUOUS
10
1.4154401574803148
20
-4.5360255511811021
11
1.4141412598425196
21
-4.5263678740157482
0
LINE
8
User.Drawings
6
CONTINUOUS
10
1.4141412598425196
20
-4.5263678740157482
11
1.4122638582677165
21
-4.5192974015748026
0
LINE
8
User.Drawings
6
CONTINUOUS
10
1.4122638582677165
20
-4.5192974015748026
11
1.4099813779527559
21
-4.5142591338582676
0
LINE
8
User.Drawings
6
CONTINUOUS
10
1.4099813779527559
20
-4.5142591338582676
11
1.4065740551181103
21
-4.5096693700787398
0
LINE
8
User.Drawings
6
CONTINUOUS
10
1.4065740551181103
20
-4.5096693700787398
11
1.4026983070866141
21
-4.5065563385826772
0
LINE
8
User.Drawings
6
CONTINUOUS
10
1.4026983070866141
20
-4.5065563385826772
11
1.398270748031496
21
-4.504701220472441
0
LINE
8
User.Drawings
6
CONTINUOUS
10
1.398270748031496
20
-4.504701220472441
11
1.3931132283464567
21
-4.5040614960629917
0
LINE
8
User.Drawings
6
CONTINUOUS
10
1.3931132283464567
20
-4.5040614960629917
11
1.3876040157480314
21
-4.5047823622047245
0
LINE
8
User.Drawings
6
CONTINUOUS
10
2.4721758267716534
20
-4.4914720472440948
11
2.4783525590551179
21
-4.493361299212598
0
LINE
8
User.Drawings
6
CONTINUOUS
10
2.4783525590551179
20
-4.493361299212598
11
2.483648779527559
21
-4.4964104330708663
0
LINE
8
User.Drawings
6
CONTINUOUS
10
2.483648779527559
20
-4.4964104330708663
11
2.4882103937007876
21
-4.5006757480314956
0
LINE
8
User.Drawings
6
CONTINUOUS
10
2.4882103937007876
20
-4.5006757480314956
11
2.4918574409448819
21
-4.5058132283464563
0
LINE
8
User.Drawings
6
CONTINUOUS
10
2.4918574409448819
20
-4.5058132283464563
11
2.4945742913385827
21
-4.5116792519685038
0
LINE
8
User.Drawings
6
CONTINUOUS
10
2.4945742913385827
20
-4.5116792519685038
11
2.4963564566929133
21
-4.5183993700787397
0
LINE
8
User.Drawings
6
CONTINUOUS
10
2.4963564566929133
20
-4.5183993700787397
11
2.4971358267716535
21
-4.5261327952755908
0
LINE
8
User.Drawings
6
CONTINUOUS
10
2.4971358267716535
20
-4.5261327952755908
11
2.4834312992125982
21
-4.5261327952755908
0
LINE
8
User.Drawings
6
CONTINUOUS
10
2.4834312992125982
20
-4.5261327952755908
11
2.4821590551181103
21
-4.5201607086614173
0
LINE
8
User.Drawings
6
CONTINUOUS
10
2.4821590551181103
20
-4.5201607086614173
11
2.4799588976377951
21
-4.5150074015748034
0
LINE
8
User.Drawings
6
CONTINUOUS
10
2.4799588976377951
20
-4.5150074015748034
11
2.4768415354330706
21
-4.5105368110236217
0
LINE
8
User.Drawings
6
CONTINUOUS
10
2.4768415354330706
20
-4.5105368110236217
11
2.472850433070866
21
-4.5070024015748027
0
LINE
8
User.Drawings
6
CONTINUOUS
10
2.472850433070866
20
-4.5070024015748027
11
2.468308188976378
21
-4.5049225196850395
0
LINE
8
User.Drawings
6
CONTINUOUS
10
2.468308188976378
20
-4.5049225196850395
11
2.463022598425197
21
-4.5042095669291333
0
LINE
8
User.Drawings
6
CONTINUOUS
10
2.463022598425197
20
-4.5042095669291333
11
2.4580834645669292
21
-4.5048816535433067
0
LINE
8
User.Drawings
6
CONTINUOUS
10
2.4580834645669292
20
-4.5048816535433067
11
2.453746771653543
21
-4.5068600393700784
0
LINE
8
User.Drawings
6
CONTINUOUS
10
2.453746771653543
20
-4.5068600393700784
11
2.4498439763779527
21
-4.5102513779527555
0
LINE
8
User.Drawings
6
CONTINUOUS
10
2.4498439763779527
20
-4.5102513779527555
11
2.4463092913385824
21
-4.5153630314960633
0
LINE
8
User.Drawings
6
CONTINUOUS
10
2.4463092913385824
20
-4.5153630314960633
11
2.4438198031496063
21
-4.5209237795275588
0
LINE
8
User.Drawings
6
CONTINUOUS
10
2.4438198031496063
20
-4.5209237795275588
11
2.4418529527559056
21
-4.5277744488188976
0
LINE
8
User.Drawings
6
CONTINUOUS
10
2.4418529527559056
20
-4.5277744488188976
11
2.4405052755905512
21
-4.5361529133858269
0
LINE
8
User.Drawings
6
CONTINUOUS
10
2.4405052755905512
20
-4.5361529133858269
11
2.4399079921259843
21
-4.5463261023622046
0
LINE
8
User.Drawings
6
CONTINUOUS
10
2.4399079921259843
20
-4.5463261023622046
11
2.4462864173228347
21
-4.540702440944882
0
LINE
8
User.Drawings
6
CONTINUOUS
10
2.4462864173228347
20
-4.540702440944882
11
2.4527961417322834
21
-4.5368775590551182
0
LINE
8
User.Drawings
6
CONTINUOUS
10
2.4527961417322834
20
-4.5368775590551182
11
2.4595335433070864
21
-4.5346360236220473
0
LINE
8
User.Drawings
6
CONTINUOUS
10
2.4595335433070864
20
-4.5346360236220473
11
2.4666372047244094
21
-4.5338870078740152
0
LINE
8
User.Drawings
6
CONTINUOUS
10
2.4666372047244094
20
-4.5338870078740152
11
2.4720544094488188
21
-4.5343420866141733
0
LINE
8
User.Drawings
6
CONTINUOUS
10
2.4720544094488188
20
-4.5343420866141733
11
2.477187874015748
21
-4.5356934645669291
0
LINE
8
User.Drawings
6
CONTINUOUS
10
2.477187874015748
20
-4.5356934645669291
11
2.4821120078740155
21
-4.5379593307086612
0
LINE
8
User.Drawings
6
CONTINUOUS
10
2.4821120078740155
20
-4.5379593307086612
11
2.4865425196850395
21
-4.5410523228346458
0
LINE
8
User.Drawings
6
CONTINUOUS
10
2.4865425196850395
20
-4.5410523228346458
11
2.4903827165354331
21
-4.5450007480314962
0
LINE
8
User.Drawings
6
CONTINUOUS
10
2.4903827165354331
20
-4.5450007480314962
11
2.4936692913385827
21
-4.5499070472440941
0
LINE
8
User.Drawings
6
CONTINUOUS
10
2.4936692913385827
20
-4.5499070472440941
11
2.496037401574803
21
-4.55531874015748
0
LINE
8
User.Drawings
6
CONTINUOUS
10
2.496037401574803
20
-4.55531874015748
11
2.4975179133858267
21
-4.5615353543307089
0
LINE
8
User.Drawings
6
CONTINUOUS
10
2.4975179133858267
20
-4.5615353543307089
11
2.4980377952755903
21
-4.56871374015748
0
LINE
8
User.Drawings
6
CONTINUOUS
10
2.4980377952755903
20
-4.56871374015748
11
2.4975776771653542
21
-4.5758605905511809
0
LINE
8
User.Drawings
6
CONTINUOUS
10
2.4975776771653542
20
-4.5758605905511809
11
2.4962364566929134
21
-4.5824263385826773
0
LINE
8
User.Drawings
6
CONTINUOUS
10
2.4962364566929134
20
-4.5824263385826773
11
2.4940462598425195
21
-4.588496456692913
0
LINE
8
User.Drawings
6
CONTINUOUS
10
2.4940462598425195
20
-4.588496456692913
11
2.4909353149606299
21
-4.594097440944882
0
LINE
8
User.Drawings
6
CONTINUOUS
10
2.4909353149606299
20
-4.594097440944882
11
2.4870466141732281
21
-4.5988018503937003
0
LINE
8
User.Drawings
6
CONTINUOUS
10
2.4870466141732281
20
-4.5988018503937003
11
2.4823341338582678
21
-4.6027057874015744
0
LINE
8
User.Drawings
6
CONTINUOUS
10
2.4823341338582678
20
-4.6027057874015744
11
2.4769729527559057
21
-4.6055950000000001
0
LINE
8
User.Drawings
6
CONTINUOUS
10
2.4769729527559057
20
-4.6055950000000001
11
2.4709154724409448
21
-4.6073672834645665
0
LINE
8
User.Drawings
6
CONTINUOUS
10
2.4709154724409448
20
-4.6073672834645665
11
2.4639986220472441
21
-4.6079829921259838
0
LINE
8
User.Drawings
6
CONTINUOUS
10
2.4639986220472441
20
-4.6079829921259838
11
2.4565668110236221
21
-4.6072776377952751
0
LINE
8
User.Drawings
6
CONTINUOUS
10
2.4565668110236221
20
-4.6072776377952751
11
2.4498792913385827
21
-4.6052196850393701
0
LINE
8
User.Drawings
6
CONTINUOUS
10
2.4498792913385827
20
-4.6052196850393701
11
2.4437783858267714
21
-4.601810551181102
0
LINE
8
User.Drawings
6
CONTINUOUS
10
2.4437783858267714
20
-4.601810551181102
11
2.4385446456692912
21
-4.597176299212598
0
LINE
8
User.Drawings
6
CONTINUOUS
10
2.4385446456692912
20
-4.597176299212598
11
2.4339467716535435
21
-4.5909585433070861
0
LINE
8
User.Drawings
6
CONTINUOUS
10
2.4339467716535435
20
-4.5909585433070861
11
2.4299998031496064
21
-4.5828490551181105
0
LINE
8
User.Drawings
6
CONTINUOUS
10
2.4299998031496064
20
-4.5828490551181105
11
2.4273444488188978
21
-4.5741722440944885
0
LINE
8
User.Drawings
6
CONTINUOUS
10
2.4273444488188978
20
-4.5741722440944885
11
2.4256180314960631
21
-4.5636586614173229
0
LINE
8
User.Drawings
6
CONTINUOUS
10
2.4256180314960631
20
-4.5636586614173229
11
2.4256159448818897
21
-4.5636458661417318
0
LINE
8
User.Drawings
6
CONTINUOUS
10
2.4256159448818897
20
-4.5636458661417318
11
2.4249918897637794
21
-4.5509368897637792
0
LINE
8
User.Drawings
6
CONTINUOUS
10
2.4249918897637794
20
-4.5509368897637792
11
2.4257430708661416
21
-4.5365503149606301
0
LINE
8
User.Drawings
6
CONTINUOUS
10
2.4257430708661416
20
-4.5365503149606301
11
2.4278257086614174
21
-4.5246410236220473
0
LINE
8
User.Drawings
6
CONTINUOUS
10
2.4278257086614174
20
-4.5246410236220473
11
2.4310326377952753
21
-4.5148244488188976
0
LINE
8
User.Drawings
6
CONTINUOUS
10
2.4310326377952753
20
-4.5148244488188976
11
2.4352298818897635
21
-4.5067674015748027
0
LINE
8
User.Drawings
6
CONTINUOUS
10
2.4352298818897635
20
-4.5067674015748027
11
2.4397703543307085
21
-4.5009429133858267
0
LINE
8
User.Drawings
6
CONTINUOUS
10
2.4397703543307085
20
-4.5009429133858267
11
2.4449098031496064
21
-4.4965437007874014
0
LINE
8
User.Drawings
6
CONTINUOUS
10
2.4449098031496064
20
-4.4965437007874014
11
2.4507154724409448
21
-4.4934086220472436
0
LINE
8
User.Drawings
6
CONTINUOUS
10
2.4507154724409448
20
-4.4934086220472436
11
2.4573194881889764
21
-4.4914798818897639
0
LINE
8
User.Drawings
6
CONTINUOUS
10
2.4573194881889764
20
-4.4914798818897639
11
2.4649073228346454
21
-4.4908079527559055
0
LINE
8
User.Drawings
6
CONTINUOUS
10
2.4649073228346454
20
-4.4908079527559055
11
2.4721758267716534
21
-4.4914720472440948
0
LINE
8
User.Drawings
6
CONTINUOUS
10
2.4591442519685041
20
-4.5494461811023621
11
2.4533701574803151
21
-4.5519540551181104
0
LINE
8
User.Drawings
6
CONTINUOUS
10
2.4533701574803151
20
-4.5519540551181104
11
2.4472508267716533
21
-4.5565127559055121
0
LINE
8
User.Drawings
6
CONTINUOUS
10
2.4472508267716533
20
-4.5565127559055121
11
2.440655157480315
21
-4.5636586614173229
0
LINE
8
User.Drawings
6
CONTINUOUS
10
2.440655157480315
20
-4.5636586614173229
11
2.4427138976377951
21
-4.5745187401574805
0
LINE
8
User.Drawings
6
CONTINUOUS
10
2.4427138976377951
20
-4.5745187401574805
11
2.4455974803149605
21
-4.5823435039370075
0
LINE
8
User.Drawings
6
CONTINUOUS
10
2.4455974803149605
20
-4.5823435039370075
11
2.4490991338582675
21
-4.587815
0
LINE
8
User.Drawings
6
CONTINUOUS
10
2.4490991338582675
20
-4.587815
11
2.4531461417322835
21
-4.5914612992125985
0
LINE
8
User.Drawings
6
CONTINUOUS
10
2.4531461417322835
20
-4.5914612992125985
11
2.4578159055118109
21
-4.5936116141732279
0
LINE
8
User.Drawings
6
CONTINUOUS
10
2.4578159055118109
20
-4.5936116141732279
11
2.4633255118110235
21
-4.5943525196850397
0
LINE
8
User.Drawings
6
CONTINUOUS
10
2.4633255118110235
20
-4.5943525196850397
11
2.4692698425196848
21
-4.5935603149606301
0
LINE
8
User.Drawings
6
CONTINUOUS
10
2.4692698425196848
20
-4.5935603149606301
11
2.474153897637795
21
-4.5912907874015749
0
LINE
8
User.Drawings
6
CONTINUOUS
10
2.474153897637795
20
-4.5912907874015749
11
2.4782348818897639
21
-4.5874935039370079
0
LINE
8
User.Drawings
6
CONTINUOUS
10
2.4782348818897639
20
-4.5874935039370079
11
2.4812334645669289
21
-4.5826541338582674
0
LINE
8
User.Drawings
6
CONTINUOUS
10
2.4812334645669289
20
-4.5826541338582674
11
2.4830840157480316
21
-4.5769911417322833
0
LINE
8
User.Drawings
6
CONTINUOUS
10
2.4830840157480316
20
-4.5769911417322833
11
2.4837342125984252
21
-4.5702955511811023
0
LINE
8
User.Drawings
6
CONTINUOUS
10
2.4837342125984252
20
-4.5702955511811023
11
2.4831385433070867
21
-4.5641864173228344
0
LINE
8
User.Drawings
6
CONTINUOUS
10
2.4831385433070867
20
-4.5641864173228344
11
2.4814506692913385
21
-4.5590759055118113
0
LINE
8
User.Drawings
6
CONTINUOUS
10
2.4814506692913385
20
-4.5590759055118113
11
2.4787262598425195
21
-4.5547601574803149
0
LINE
8
User.Drawings
6
CONTINUOUS
10
2.4787262598425195
20
-4.5547601574803149
11
2.4750100787401572
21
-4.5514049606299212
0
LINE
8
User.Drawings
6
CONTINUOUS
10
2.4750100787401572
20
-4.5514049606299212
11
2.4704406299212596
21
-4.5493682677165355
0
LINE
8
User.Drawings
6
CONTINUOUS
10
2.4704406299212596
20
-4.5493682677165355
11
2.4647524803149605
21
-4.5486483070866139
0
LINE
8
User.Drawings
6
CONTINUOUS
10
2.4647524803149605
20
-4.5486483070866139
11
2.4591442519685041
21
-4.5494461811023621
0
LINE
8
User.Drawings
6
CONTINUOUS
10
2.5838727952755907
20
-4.5231172440944878
11
2.5697846062992125
21
-4.5231172440944878
0
LINE
8
User.Drawings
6
CONTINUOUS
10
2.5697846062992125
20
-4.5231172440944878
11
2.5697846062992125
21
-4.5071174015748028
0
LINE
8
User.Drawings
6
CONTINUOUS
10
2.5697846062992125
20
-4.5071174015748028
11
2.5351463779527559
21
-4.5071174015748028
0
LINE
8
User.Drawings
6
CONTINUOUS
10
2.5351463779527559
20
-4.5071174015748028
11
2.5326625984251967
21
-4.5405911811023625
0
LINE
8
User.Drawings
6
CONTINUOUS
10
2.5326625984251967
20
-4.5405911811023625
11
2.5379011811023622
21
-4.5368877165354329
0
LINE
8
User.Drawings
6
CONTINUOUS
10
2.5379011811023622
20
-4.5368877165354329
11
2.5434695275590551
21
-4.5342773228346456
0
LINE
8
User.Drawings
6
CONTINUOUS
10
2.5434695275590551
20
-4.5342773228346456
11
2.5494457874015746
21
-4.5327010629921256
0
LINE
8
User.Drawings
6
CONTINUOUS
10
2.5494457874015746
20
-4.5327010629921256
11
2.5559320078740155
21
-4.5321638582677162
0
LINE
8
User.Drawings
6
CONTINUOUS
10
2.5559320078740155
20
-4.5321638582677162
11
2.5628572440944883
21
-4.5327564960629916
0
LINE
8
User.Drawings
6
CONTINUOUS
10
2.5628572440944883
20
-4.5327564960629916
11
2.5689684645669293
21
-4.534465787401575
0
LINE
8
User.Drawings
6
CONTINUOUS
10
2.5689684645669293
20
-4.534465787401575
11
2.5744156299212597
21
-4.5372525590551183
0
LINE
8
User.Drawings
6
CONTINUOUS
10
2.5744156299212597
20
-4.5372525590551183
11
2.5792566141732283
21
-4.5410267322834645
0
LINE
8
User.Drawings
6
CONTINUOUS
10
2.5792566141732283
20
-4.5410267322834645
11
2.5832529921259844
21
-4.5455251968503934
0
LINE
8
User.Drawings
6
CONTINUOUS
10
2.5832529921259844
20
-4.5455251968503934
11
2.5864642913385825
21
-4.5508224803149604
0
LINE
8
User.Drawings
6
CONTINUOUS
10
2.5864642913385825
20
-4.5508224803149604
11
2.5887652362204725
21
-4.5566005118110233
0
LINE
8
User.Drawings
6
CONTINUOUS
10
2.5887652362204725
20
-4.5566005118110233
11
2.5901655905511811
21
-4.5628134645669292
0
LINE
8
User.Drawings
6
CONTINUOUS
10
2.5901655905511811
20
-4.5628134645669292
11
2.5906442913385828
21
-4.5695483858267716
0
LINE
8
User.Drawings
6
CONTINUOUS
10
2.5906442913385828
20
-4.5695483858267716
11
2.5900952755905511
21
-4.5770128740157476
0
LINE
8
User.Drawings
6
CONTINUOUS
10
2.5900952755905511
20
-4.5770128740157476
11
2.5885105511811024
21
-4.5836760236220471
0
LINE
8
User.Drawings
6
CONTINUOUS
10
2.5885105511811024
20
-4.5836760236220471
11
2.585939251968504
21
-4.5896676377952756
0
LINE
8
User.Drawings
6
CONTINUOUS
10
2.585939251968504
20
-4.5896676377952756
11
2.5823361417322834
21
-4.5950585039370075
0
LINE
8
User.Drawings
6
CONTINUOUS
10
2.5823361417322834
20
-4.5950585039370075
11
2.577834409448819
21
-4.5995429527559057
0
LINE
8
User.Drawings
6
CONTINUOUS
10
2.577834409448819
20
-4.5995429527559057
11
2.5723424409448818
21
-4.6031971653543309
0
LINE
8
User.Drawings
6
CONTINUOUS
10
2.5723424409448818
20
-4.6031971653543309
11
2.566250748031496
21
-4.6058045669291339
0
LINE
8
User.Drawings
6
CONTINUOUS
10
2.566250748031496
20
-4.6058045669291339
11
2.5593975590551179
21
-4.6074203937007869
0
LINE
8
User.Drawings
6
CONTINUOUS
10
2.5593975590551179
20
-4.6074203937007869
11
2.5516375590551181
21
-4.6079829921259838
0
LINE
8
User.Drawings
6
CONTINUOUS
10
2.5516375590551181
20
-4.6079829921259838
11
2.5430396456692912
21
-4.6073072440944882
0
LINE
8
User.Drawings
6
CONTINUOUS
10
2.5430396456692912
20
-4.6073072440944882
11
2.5357787401574803
21
-4.6053994094488191
0
LINE
8
User.Drawings
6
CONTINUOUS
10
2.5357787401574803
20
-4.6053994094488191
11
2.5296176771653545
21
-4.6023656692913386
0
LINE
8
User.Drawings
6
CONTINUOUS
10
2.5296176771653545
20
-4.6023656692913386
11
2.5243766141732285
21
-4.5982094094488186
0
LINE
8
User.Drawings
6
CONTINUOUS
10
2.5243766141732285
20
-4.5982094094488186
11
2.5201389370078742
21
-4.5930509448818899
0
LINE
8
User.Drawings
6
CONTINUOUS
10
2.5201389370078742
20
-4.5930509448818899
11
2.5168623622047241
21
-4.5867903543307085
0
LINE
8
User.Drawings
6
CONTINUOUS
10
2.5168623622047241
20
-4.5867903543307085
11
2.5145726377952755
21
-4.5792202755905507
0
LINE
8
User.Drawings
6
CONTINUOUS
10
2.5145726377952755
20
-4.5792202755905507
11
2.5133847244094487
21
-4.57007342519685
0
LINE
8
User.Drawings
6
CONTINUOUS
10
2.5133847244094487
20
-4.57007342519685
11
2.5279911811023621
21
-4.57007342519685
0
LINE
8
User.Drawings
6
CONTINUOUS
10
2.5279911811023621
20
-4.57007342519685
11
2.5295707874015747
21
-4.5775507480314959
0
LINE
8
User.Drawings
6
CONTINUOUS
10
2.5295707874015747
20
-4.5775507480314959
11
2.5321329133858268
21
-4.5835074803149602
0
LINE
8
User.Drawings
6
CONTINUOUS
10
2.5321329133858268
20
-4.5835074803149602
11
2.5355973622047245
21
-4.5882272047244097
0
LINE
8
User.Drawings
6
CONTINUOUS
10
2.5355973622047245
20
-4.5882272047244097
11
2.5400845669291336
21
-4.5918461417322831
0
LINE
8
User.Drawings
6
CONTINUOUS
10
2.5400845669291336
20
-4.5918461417322831
11
2.5454000787401574
21
-4.5940368110236216
0
LINE
8
User.Drawings
6
CONTINUOUS
10
2.5454000787401574
20
-4.5940368110236216
11
2.5517923622047243
21
-4.5948035039370074
0
LINE
8
User.Drawings
6
CONTINUOUS
10
2.5517923622047243
20
-4.5948035039370074
11
2.5581686614173229
21
-4.594012559055118
0
LINE
8
User.Drawings
6
CONTINUOUS
10
2.5581686614173229
20
-4.594012559055118
11
2.5635343307086615
21
-4.5917369685039366
0
LINE
8
User.Drawings
6
CONTINUOUS
10
2.5635343307086615
20
-4.5917369685039366
11
2.5681287795275591
21
-4.5879444881889766
0
LINE
8
User.Drawings
6
CONTINUOUS
10
2.5681287795275591
20
-4.5879444881889766
11
2.5715687007874015
21
-4.5830290157480311
0
LINE
8
User.Drawings
6
CONTINUOUS
10
2.5715687007874015
20
-4.5830290157480311
11
2.5736999606299213
21
-4.5770892519685038
0
LINE
8
User.Drawings
6
CONTINUOUS
10
2.5736999606299213
20
-4.5770892519685038
11
2.5744559842519683
21
-4.5698445669291337
0
LINE
8
User.Drawings
6
CONTINUOUS
10
2.5744559842519683
20
-4.5698445669291337
11
2.5737169291338584
21
-4.5623258267716533
0
LINE
8
User.Drawings
6
CONTINUOUS
10
2.5737169291338584
20
-4.5623258267716533
11
2.5716879527559056
21
-4.5564982677165355
0
LINE
8
User.Drawings
6
CONTINUOUS
10
2.5716879527559056
20
-4.5564982677165355
11
2.5685057086614171
21
-4.5519801968503932
0
LINE
8
User.Drawings
6
CONTINUOUS
10
2.5685057086614171
20
-4.5519801968503932
11
2.5641987795275591
21
-4.5485185826771657
0
LINE
8
User.Drawings
6
CONTINUOUS
10
2.5641987795275591
20
-4.5485185826771657
11
2.5592013385826773
21
-4.5464412204724409
0
LINE
8
User.Drawings
6
CONTINUOUS
10
2.5592013385826773
20
-4.5464412204724409
11
2.5533001574803147
21
-4.5457202755905515
0
LINE
8
User.Drawings
6
CONTINUOUS
10
2.5533001574803147
20
-4.5457202755905515
11
2.5481787007874015
21
-4.5462538976377953
0
LINE
8
User.Drawings
6
CONTINUOUS
10
2.5481787007874015
20
-4.5462538976377953
11
2.5434399999999999
21
-4.5478342519685038
0
LINE
8
User.Drawings
6
CONTINUOUS
10
2.5434399999999999
20
-4.5478342519685038
11
2.5389763779527557
21
-4.5505036220472439
0
LINE
8
User.Drawings
6
CONTINUOUS
10
2.5389763779527557
20
-4.5505036220472439
11
2.534716338582677
21
-4.5543975196850397
0
LINE
8
User.Drawings
6
CONTINUOUS
10
2.534716338582677
20
-4.5543975196850397
11
2.5306298031496062
21
-4.5597344488188973
0
LINE
8
User.Drawings
6
CONTINUOUS
10
2.5306298031496062
20
-4.5597344488188973
11
2.5252074015748032
21
-4.5551203937007871
0
LINE
8
User.Drawings
6
CONTINUOUS
10
2.5252074015748032
20
-4.5551203937007871
11
2.518809960629921
21
-4.5511522834645666
0
LINE
8
User.Drawings
6
CONTINUOUS
10
2.518809960629921
20
-4.5511522834645666
11
2.5234005905511809
21
-4.4929619291338581
0
LINE
8
User.Drawings
6
CONTINUOUS
10
2.5234005905511809
20
-4.4929619291338581
11
2.5838727952755907
21
-4.4929619291338581
0
LINE
8
User.Drawings
6
CONTINUOUS
10
2.5838727952755907
20
-4.4929619291338581
11
2.5838727952755907
21
-4.5231172440944878
0
LINE
8
User.Drawings
6
CONTINUOUS
10
2.6506005511811024
20
-4.4914648031496061
11
2.6570177165354329
21
-4.493355354330709
0
LINE
8
User.Drawings
6
CONTINUOUS
10
2.6570177165354329
20
-4.493355354330709
11
2.6626943307086615
21
-4.4964382283464568
0
LINE
8
User.Drawings
6
CONTINUOUS
10
2.6626943307086615
20
-4.4964382283464568
11
2.6677540157480313
21
-4.5007777559055118
0
LINE
8
User.Drawings
6
CONTINUOUS
10
2.6677540157480313
20
-4.5007777559055118
11
2.672258897637795
21
-4.5065385433070864
0
LINE
8
User.Drawings
6
CONTINUOUS
10
2.672258897637795
20
-4.5065385433070864
11
2.6764442125984251
21
-4.51449311023622
0
LINE
8
User.Drawings
6
CONTINUOUS
10
2.6764442125984251
20
-4.51449311023622
11
2.6796262992125985
21
-4.5240955118110238
0
LINE
8
User.Drawings
6
CONTINUOUS
10
2.6796262992125985
20
-4.5240955118110238
11
2.6816835039370077
21
-4.5356502755905508
0
LINE
8
User.Drawings
6
CONTINUOUS
10
2.6816835039370077
20
-4.5356502755905508
11
2.6824228740157481
21
-4.5495098818897635
0
LINE
8
User.Drawings
6
CONTINUOUS
10
2.6824228740157481
20
-4.5495098818897635
11
2.6818373228346455
21
-4.5618064960629923
0
LINE
8
User.Drawings
6
CONTINUOUS
10
2.6818373228346455
20
-4.5618064960629923
11
2.6801948818897636
21
-4.5722845669291337
0
LINE
8
User.Drawings
6
CONTINUOUS
10
2.6801948818897636
20
-4.5722845669291337
11
2.6776370472440942
21
-4.5811931889763775
0
LINE
8
User.Drawings
6
CONTINUOUS
10
2.6776370472440942
20
-4.5811931889763775
11
2.6738341732283466
21
-4.5895752755905512
0
LINE
8
User.Drawings
6
CONTINUOUS
10
2.6738341732283466
20
-4.5895752755905512
11
2.6693100787401574
21
-4.5961392519685038
0
LINE
8
User.Drawings
6
CONTINUOUS
10
2.6693100787401574
20
-4.5961392519685038
11
2.6640873622047243
21
-4.6011711023622048
0
LINE
8
User.Drawings
6
CONTINUOUS
10
2.6640873622047243
20
-4.6011711023622048
11
2.6579396850393699
21
-4.6049261023622048
0
LINE
8
User.Drawings
6
CONTINUOUS
10
2.6579396850393699
20
-4.6049261023622048
11
2.651065472440945
21
-4.6071990551181106
0
LINE
8
User.Drawings
6
CONTINUOUS
10
2.651065472440945
20
-4.6071990551181106
11
2.6432680708661418
21
-4.6079829921259838
0
LINE
8
User.Drawings
6
CONTINUOUS
10
2.6432680708661418
20
-4.6079829921259838
11
2.6358050393700787
21
-4.6073194488188971
0
LINE
8
User.Drawings
6
CONTINUOUS
10
2.6358050393700787
20
-4.6073194488188971
11
2.6292977952755905
21
-4.6054129921259843
0
LINE
8
User.Drawings
6
CONTINUOUS
10
2.6292977952755905
20
-4.6054129921259843
11
2.6235653937007872
21
-4.602310826771653
0
LINE
8
User.Drawings
6
CONTINUOUS
10
2.6235653937007872
20
-4.602310826771653
11
2.6184792913385828
21
-4.5979531496062993
0
LINE
8
User.Drawings
6
CONTINUOUS
10
2.6184792913385828
20
-4.5979531496062993
11
2.6139742913385828
21
-4.5921783464566932
0
LINE
8
User.Drawings
6
CONTINUOUS
10
2.6139742913385828
20
-4.5921783464566932
11
2.6097748818897637
21
-4.5841781102362207
0
LINE
8
User.Drawings
6
CONTINUOUS
10
2.6097748818897637
20
-4.5841781102362207
11
2.6065937795275591
21
-4.5745975590551184
0
LINE
8
User.Drawings
6
CONTINUOUS
10
2.6065937795275591
20
-4.5745975590551184
11
2.6045445669291336
21
-4.5631515748031495
0
LINE
8
User.Drawings
6
CONTINUOUS
10
2.6045445669291336
20
-4.5631515748031495
11
2.6038103149606298
21
-4.5495098818897635
0
LINE
8
User.Drawings
6
CONTINUOUS
10
2.6038103149606298
20
-4.5495098818897635
11
2.6043955511811023
21
-4.5371578740157483
0
LINE
8
User.Drawings
6
CONTINUOUS
10
2.6043955511811023
20
-4.5371578740157483
11
2.6060361023622045
21
-4.5266426377952751
0
LINE
8
User.Drawings
6
CONTINUOUS
10
2.6060361023622045
20
-4.5266426377952751
11
2.6085894094488187
21
-4.5177121653543306
0
LINE
8
User.Drawings
6
CONTINUOUS
10
2.6085894094488187
20
-4.5177121653543306
11
2.6124074015748029
21
-4.5093146062992124
0
LINE
8
User.Drawings
6
CONTINUOUS
10
2.6124074015748029
20
-4.5093146062992124
11
2.6169819685039371
21
-4.5027245669291336
0
LINE
8
User.Drawings
6
CONTINUOUS
10
2.6169819685039371
20
-4.5027245669291336
11
2.6222939370078739
21
-4.4976602362204723
0
LINE
8
User.Drawings
6
CONTINUOUS
10
2.6222939370078739
20
-4.4976602362204723
11
2.6285412598425197
21
-4.4938763779527555
0
LINE
8
User.Drawings
6
CONTINUOUS
10
2.6285412598425197
20
-4.4938763779527555
11
2.6354697244094489
21
-4.4915929527559051
0
LINE
8
User.Drawings
6
CONTINUOUS
10
2.6354697244094489
20
-4.4915929527559051
11
2.6432680708661418
21
-4.4908079527559055
0
LINE
8
User.Drawings
6
CONTINUOUS
10
2.6432680708661418
20
-4.4908079527559055
11
2.6506005511811024
21
-4.4914648031496061
0
LINE
8
User.Drawings
6
CONTINUOUS
10
2.6376040157480314
20
-4.5047823622047245
11
2.633028346456693
21
-4.5068534645669294
0
LINE
8
User.Drawings
6
CONTINUOUS
10
2.633028346456693
20
-4.5068534645669294
11
2.6291591338582676
21
-4.5103210236220468
0
LINE
8
User.Drawings
6
CONTINUOUS
10
2.6291591338582676
20
-4.5103210236220468
11
2.6259085433070863
21
-4.5154639763779523
0
LINE
8
User.Drawings
6
CONTINUOUS
10
2.6259085433070863
20
-4.5154639763779523
11
2.6237555118110234
21
-4.521072874015748
0
LINE
8
User.Drawings
6
CONTINUOUS
10
2.6237555118110234
20
-4.521072874015748
11
2.6220345669291336
21
-4.5283683070866143
0
LINE
8
User.Drawings
6
CONTINUOUS
10
2.6220345669291336
20
-4.5283683070866143
11
2.6208772440944883
21
-4.5377125590551177
0
LINE
8
User.Drawings
6
CONTINUOUS
10
2.6208772440944883
20
-4.5377125590551177
11
2.6204496062992124
21
-4.5495098818897635
0
LINE
8
User.Drawings
6
CONTINUOUS
10
2.6204496062992124
20
-4.5495098818897635
11
2.6209127559055116
21
-4.5619787401574801
0
LINE
8
User.Drawings
6
CONTINUOUS
10
2.6209127559055116
20
-4.5619787401574801
11
2.6221479527559053
21
-4.5715313779527555
0
LINE
8
User.Drawings
6
CONTINUOUS
10
2.6221479527559053
20
-4.5715313779527555
11
2.6239529133858266
21
-4.5787045275590552
0
LINE
8
User.Drawings
6
CONTINUOUS
10
2.6239529133858266
20
-4.5787045275590552
11
2.626171062992126
21
-4.5839731496062992
0
LINE
8
User.Drawings
6
CONTINUOUS
10
2.626171062992126
20
-4.5839731496062992
11
2.6295003543307085
21
-4.5887748818897638
0
LINE
8
User.Drawings
6
CONTINUOUS
10
2.6295003543307085
20
-4.5887748818897638
11
2.633381181102362
21
-4.5920315354330707
0
LINE
8
User.Drawings
6
CONTINUOUS
10
2.633381181102362
20
-4.5920315354330707
11
2.6379027165354332
21
-4.5939794488188976
0
LINE
8
User.Drawings
6
CONTINUOUS
10
2.6379027165354332
20
-4.5939794488188976
11
2.6432680708661418
21
-4.594655393700787
0
LINE
8
User.Drawings
6
CONTINUOUS
10
2.6432680708661418
20
-4.594655393700787
11
2.6485190157480316
21
-4.5939924015748028
0
LINE
8
User.Drawings
6
CONTINUOUS
10
2.6485190157480316
20
-4.5939924015748028
11
2.6529755905511809
21
-4.5920762598425195
0
LINE
8
User.Drawings
6
CONTINUOUS
10
2.6529755905511809
20
-4.5920762598425195
11
2.6568307874015749
21
-4.5888643700787402
0
LINE
8
User.Drawings
6
CONTINUOUS
10
2.6568307874015749
20
-4.5888643700787402
11
2.6601698425196849
21
-4.5841212204724409
0
LINE
8
User.Drawings
6
CONTINUOUS
10
2.6601698425196849
20
-4.5841212204724409
11
2.6623831102362203
21
-4.5789314960629923
0
LINE
8
User.Drawings
6
CONTINUOUS
10
2.6623831102362203
20
-4.5789314960629923
11
2.6642019685039369
21
-4.5717044488188971
0
LINE
8
User.Drawings
6
CONTINUOUS
10
2.6642019685039369
20
-4.5717044488188971
11
2.6654576377952757
21
-4.5618997637795271
0
LINE
8
User.Drawings
6
CONTINUOUS
10
2.6654576377952757
20
-4.5618997637795271
11
2.6659316929133858
21
-4.5489040944881891
0
LINE
8
User.Drawings
6
CONTINUOUS
10
2.6659316929133858
20
-4.5489040944881891
11
2.6654401574803148
21
-4.5360255511811021
0
LINE
8
User.Drawings
6
CONTINUOUS
10
2.6654401574803148
20
-4.5360255511811021
11
2.6641412598425198
21
-4.5263678740157482
0
LINE
8
User.Drawings
6
CONTINUOUS
10
2.6641412598425198
20
-4.5263678740157482
11
2.6622638582677163
21
-4.5192974015748026
0
LINE
8
User.Drawings
6
CONTINUOUS
10
2.6622638582677163
20
-4.5192974015748026
11
2.6599813779527559
21
-4.5142591338582676
0
LINE
8
User.Drawings
6
CONTINUOUS
10
2.6599813779527559
20
-4.5142591338582676
11
2.6565740551181101
21
-4.5096693700787398
0
LINE
8
User.Drawings
6
CONTINUOUS
10
2.6565740551181101
20
-4.5096693700787398
11
2.6526983070866139
21
-4.5065563385826772
0
LINE
8
User.Drawings
6
CONTINUOUS
10
2.6526983070866139
20
-4.5065563385826772
11
2.648270748031496
21
-4.504701220472441
0
LINE
8
User.Drawings
6
CONTINUOUS
10
2.648270748031496
20
-4.504701220472441
11
2.6431132283464565
21
-4.5040614960629917
0
LINE
8
User.Drawings
6
CONTINUOUS
10
2.6431132283464565
20
-4.5040614960629917
11
2.6376040157480314
21
-4.5047823622047245
0
LINE
8
User.Drawings
6
CONTINUOUS
10
5.4249666141732282
20
-4.4913590157480314
11
5.43133031496063
21
-4.4930069291338581
0
LINE
8
User.Drawings
6
CONTINUOUS
10
5.43133031496063
20
-4.4930069291338581
11
5.4375413779527557
21
-4.4957889370078741
0
LINE
8
User.Drawings
6
CONTINUOUS
10
5.4375413779527557
20
-4.4957889370078741
11
5.4436681102362208
21
-4.4998007086614171
0
LINE
8
User.Drawings
6
CONTINUOUS
10
5.4436681102362208
20
-4.4998007086614171
11
5.4436681102362208
21
-4.4921003149606298
0
LINE
8
User.Drawings
6
CONTINUOUS
10
5.4436681102362208
20
-4.4921003149606298
11
5.4575274409448822
21
-4.4921003149606298
0
LINE
8
User.Drawings
6
CONTINUOUS
10
5.4575274409448822
20
-4.4921003149606298
11
5.4575274409448822
21
-4.5265635826771655
0
LINE
8
User.Drawings
6
CONTINUOUS
10
5.4575274409448822
20
-4.5265635826771655
11
5.4436681102362208
21
-4.5265635826771655
0
LINE
8
User.Drawings
6
CONTINUOUS
10
5.4436681102362208
20
-4.5265635826771655
11
5.4436681102362208
21
-4.5186814566929137
0
LINE
8
User.Drawings
6
CONTINUOUS
10
5.4436681102362208
20
-4.5186814566929137
11
5.4397643307086616
21
-4.5137522834645667
0
LINE
8
User.Drawings
6
CONTINUOUS
10
5.4397643307086616
20
-4.5137522834645667
11
5.4354703543307084
21
-4.5100643700787399
0
LINE
8
User.Drawings
6
CONTINUOUS
10
5.4354703543307084
20
-4.5100643700787399
11
5.4307414566929131
21
-4.5074655905511811
0
LINE
8
User.Drawings
6
CONTINUOUS
10
5.4307414566929131
20
-4.5074655905511811
11
5.4254854724409451
21
-4.5058853937007877
0
LINE
8
User.Drawings
6
CONTINUOUS
10
5.4254854724409451
20
-4.5058853937007877
11
5.4195707480314956
21
-4.505340393700787
0
LINE
8
User.Drawings
6
CONTINUOUS
10
5.4195707480314956
20
-4.505340393700787
11
5.4134409842519684
21
-4.5058233858267718
0
LINE
8
User.Drawings
6
CONTINUOUS
10
5.4134409842519684
20
-4.5058233858267718
11
5.4087783464566925
21
-4.5071258267716532
0
LINE
8
User.Drawings
6
CONTINUOUS
10
5.4087783464566925
20
-4.5071258267716532
11
5.4052604330708665
21
-4.5091031102362207
0
LINE
8
User.Drawings
6
CONTINUOUS
10
5.4052604330708665
20
-4.5091031102362207
11
5.4025320866141735
21
-4.5119329133858264
0
LINE
8
User.Drawings
6
CONTINUOUS
10
5.4025320866141735
20
-4.5119329133858264
11
5.4008789370078736
21
-4.5154681496062992
0
LINE
8
User.Drawings
6
CONTINUOUS
10
5.4008789370078736
20
-4.5154681496062992
11
5.4002928740157481
21
-4.5199334251968502
0
LINE
8
User.Drawings
6
CONTINUOUS
10
5.4002928740157481
20
-4.5199334251968502
11
5.4008507480314956
21
-4.5242136614173232
0
LINE
8
User.Drawings
6
CONTINUOUS
10
5.4008507480314956
20
-4.5242136614173232
11
5.4024188582677164
21
-4.5275770866141727
0
LINE
8
User.Drawings
6
CONTINUOUS
10
5.4024188582677164
20
-4.5275770866141727
11
5.4049979133858264
21
-4.5302454724409449
0
LINE
8
User.Drawings
6
CONTINUOUS
10
5.4049979133858264
20
-4.5302454724409449
11
5.410451771653543
21
-4.5333022440944877
0
LINE
8
User.Drawings
6
CONTINUOUS
10
5.410451771653543
20
-4.5333022440944877
11
5.419422677165354
21
-4.5362631102362201
0
LINE
8
User.Drawings
6
CONTINUOUS
10
5.419422677165354
20
-4.5362631102362201
11
5.4327502755905508
21
-4.5397969291338578
0
LINE
8
User.Drawings
6
CONTINUOUS
10
5.4327502755905508
20
-4.5397969291338578
11
5.4410962598425199
21
-4.542497834645669
0
LINE
8
User.Drawings
6
CONTINUOUS
10
5.4410962598425199
20
-4.542497834645669
11
5.447492755905512
21
-4.5455074015748034
0
LINE
8
User.Drawings
6
CONTINUOUS
10
5.447492755905512
20
-4.5455074015748034
11
5.4522906299212597
21
-4.5487560236220475
0
LINE
8
User.Drawings
6
CONTINUOUS
10
5.4522906299212597
20
-4.5487560236220475
11
5.4564919685039373
21
-4.5527477165354329
0
LINE
8
User.Drawings
6
CONTINUOUS
10
5.4564919685039373
20
-4.5527477165354329
11
5.45938279527559
21
-4.5566683464566928
0
LINE
8
User.Drawings
6
CONTINUOUS
10
5.45938279527559
20
-4.5566683464566928
11
5.4611757086614174
21
-4.5605690944881889
0
LINE
8
User.Drawings
6
CONTINUOUS
10
5.4611757086614174
20
-4.5605690944881889
11
5.4627105118110233
21
-4.5670388188976379
0
LINE
8
User.Drawings
6
CONTINUOUS
10
5.4627105118110233
20
-4.5670388188976379
11
5.4632488976377953
21
-4.5744890157480311
0
LINE
8
User.Drawings
6
CONTINUOUS
10
5.4632488976377953
20
-4.5744890157480311
11
5.4625962598425195
21
-4.5820848031496064
0
LINE
8
User.Drawings
6
CONTINUOUS
10
5.4625962598425195
20
-4.5820848031496064
11
5.4607404330708658
21
-4.5885653937007875
0
LINE
8
User.Drawings
6
CONTINUOUS
10
5.4607404330708658
20
-4.5885653937007875
11
5.4577561023622048
21
-4.5941373622047239
0
LINE
8
User.Drawings
6
CONTINUOUS
10
5.4577561023622048
20
-4.5941373622047239
11
5.4536099606299215
21
-4.5989498425196853
0
LINE
8
User.Drawings
6
CONTINUOUS
10
5.4536099606299215
20
-4.5989498425196853
11
5.4485513385826767
21
-4.6027988582677164
0
LINE
8
User.Drawings
6
CONTINUOUS
10
5.4485513385826767
20
-4.6027988582677164
11
5.4426729527559052
21
-4.6056040551181106
0
LINE
8
User.Drawings
6
CONTINUOUS
10
5.4426729527559052
20
-4.6056040551181106
11
5.4358181102362204
21
-4.6073625196850392
0
LINE
8
User.Drawings
6
CONTINUOUS
10
5.4358181102362204
20
-4.6073625196850392
11
5.4277827165354333
21
-4.6079829921259838
0
LINE
8
User.Drawings
6
CONTINUOUS
10
5.4277827165354333
20
-4.6079829921259838
11
5.4203051574803149
21
-4.6072925984251967
0
LINE
8
User.Drawings
6
CONTINUOUS
10
5.4203051574803149
20
-4.6072925984251967
11
5.4132052362204721
21
-4.6052351968503933
0
LINE
8
User.Drawings
6
CONTINUOUS
10
5.4132052362204721
20
-4.6052351968503933
11
5.4063646062992126
21
-4.6017608267716534
0
LINE
8
User.Drawings
6
CONTINUOUS
10
5.4063646062992126
20
-4.6017608267716534
11
5.3996938188976378
21
-4.5967285826771649
0
LINE
8
User.Drawings
6
CONTINUOUS
10
5.3996938188976378
20
-4.5967285826771649
11
5.3996938188976378
21
-4.6062598425196848
0
LINE
8
User.Drawings
6
CONTINUOUS
10
5.3996938188976378
20
-4.6062598425196848
11
5.3855383070866143
21
-4.6062598425196848
0
LINE
8
User.Drawings
6
CONTINUOUS
10
5.3855383070866143
20
-4.6062598425196848
11
5.3855383070866143
21
-4.5649039370078741
0
LINE
8
User.Drawings
6
CONTINUOUS
10
5.3855383070866143
20
-4.5649039370078741
11
5.3996938188976378
21
-4.5649039370078741
0
LINE
8
User.Drawings
6
CONTINUOUS
10
5.3996938188976378
20
-4.5649039370078741
11
5.3996938188976378
21
-4.57486594488189
0
LINE
8
User.Drawings
6
CONTINUOUS
10
5.3996938188976378
20
-4.57486594488189
11
5.4043773622047242
21
-4.5820330314960627
0
LINE
8
User.Drawings
6
CONTINUOUS
10
5.4043773622047242
20
-4.5820330314960627
11
5.4093153543307082
21
-4.587193464566929
0
LINE
8
User.Drawings
6
CONTINUOUS
10
5.4093153543307082
20
-4.587193464566929
11
5.4145288188976375
21
-4.5906938976377951
0
LINE
8
User.Drawings
6
CONTINUOUS
10
5.4145288188976375
20
-4.5906938976377951
11
5.4201072047244097
21
-4.5927546456692916
0
LINE
8
User.Drawings
6
CONTINUOUS
10
5.4201072047244097
20
-4.5927546456692916
11
5.426200905511811
21
-4.5934505511811023
0
LINE
8
User.Drawings
6
CONTINUOUS
10
5.426200905511811
20
-4.5934505511811023
11
5.4323942125984255
21
-4.5928418110236215
0
LINE
8
User.Drawings
6
CONTINUOUS
10
5.4323942125984255
20
-4.5928418110236215
11
5.4372394094488188
21
-4.5911641338582676
0
LINE
8
User.Drawings
6
CONTINUOUS
10
5.4372394094488188
20
-4.5911641338582676
11
5.4410362598425195
21
-4.5885233858267718
0
LINE
8
User.Drawings
6
CONTINUOUS
10
5.4410362598425195
20
-4.5885233858267718
11
5.4438904724409447
21
-4.5849215748031495
0
LINE
8
User.Drawings
6
CONTINUOUS
10
5.4438904724409447
20
-4.5849215748031495
11
5.4456683858267718
21
-4.5803874409448815
0
LINE
8
User.Drawings
6
CONTINUOUS
10
5.4456683858267718
20
-4.5803874409448815
11
5.4463066929133861
21
-4.5746438188976377
0
LINE
8
User.Drawings
6
CONTINUOUS
10
5.4463066929133861
20
-4.5746438188976377
11
5.4456876377952756
21
-4.57028311023622
0
LINE
8
User.Drawings
6
CONTINUOUS
10
5.4456876377952756
20
-4.57028311023622
11
5.4438703543307083
21
-4.5665166929133854
0
LINE
8
User.Drawings
6
CONTINUOUS
10
5.4438703543307083
20
-4.5665166929133854
11
5.4407448818897635
21
-4.5631798031496063
0
LINE
8
User.Drawings
6
CONTINUOUS
10
5.4407448818897635
20
-4.5631798031496063
11
5.4359944488188976
21
-4.5602212598425194
0
LINE
8
User.Drawings
6
CONTINUOUS
10
5.4359944488188976
20
-4.5602212598425194
11
5.4291356692913384
21
-4.5577083858267713
0
LINE
8
User.Drawings
6
CONTINUOUS
10
5.4291356692913384
20
-4.5577083858267713
11
5.4149801574803149
21
-4.5537235826771649
0
LINE
8
User.Drawings
6
CONTINUOUS
10
5.4149801574803149
20
-4.5537235826771649
11
5.4050368897637791
21
-4.5501912204724411
0
LINE
8
User.Drawings
6
CONTINUOUS
10
5.4050368897637791
20
-4.5501912204724411
11
5.3976780314960626
21
-4.5462222047244092
0
LINE
8
User.Drawings
6
CONTINUOUS
10
5.3976780314960626
20
-4.5462222047244092
11
5.3923905511811023
21
-4.5419037401574798
0
LINE
8
User.Drawings
6
CONTINUOUS
10
5.3923905511811023
20
-4.5419037401574798
11
5.3892517716535435
21
-4.5379703937007871
0
LINE
8
User.Drawings
6
CONTINUOUS
10
5.3892517716535435
20
-4.5379703937007871
11
5.3869875196850394
21
-4.5334652755905509
0
LINE
8
User.Drawings
6
CONTINUOUS
10
5.3869875196850394
20
-4.5334652755905509
11
5.3855805905511813
21
-4.5282784645669292
0
LINE
8
User.Drawings
6
CONTINUOUS
10
5.3855805905511813
20
-4.5282784645669292
11
5.3850873228346456
21
-4.5222624015748032
0
LINE
8
User.Drawings
6
CONTINUOUS
10
5.3850873228346456
20
-4.5222624015748032
11
5.3856999212598424
21
-4.5148459842519681
0
LINE
8
User.Drawings
6
CONTINUOUS
10
5.3856999212598424
20
-4.5148459842519681
11
5.3874247637795278
21
-4.5086446850393695
0
LINE
8
User.Drawings
6
CONTINUOUS
10
5.3874247637795278
20
-4.5086446850393695
11
5.3901661417322835
21
-4.5034334645669292
0
LINE
8
User.Drawings
6
CONTINUOUS
10
5.3901661417322835
20
-4.5034334645669292
11
5.3939320078740156
21
-4.4990468110236224
0
LINE
8
User.Drawings
6
CONTINUOUS
10
5.3939320078740156
20
-4.4990468110236224
11
5.3985672440944876
21
-4.4955674015748031
0
LINE
8
User.Drawings
6
CONTINUOUS
10
5.3985672440944876
20
-4.4955674015748031
11
5.4040642519685038
21
-4.4930060629921256
0
LINE
8
User.Drawings
6
CONTINUOUS
10
5.4040642519685038
20
-4.4930060629921256
11
5.4105916929133855
21
-4.4913846456692914
0
LINE
8
User.Drawings
6
CONTINUOUS
10
5.4105916929133855
20
-4.4913846456692914
11
5.418365905511811
21
-4.4908079527559055
0
LINE
8
User.Drawings
6
CONTINUOUS
10
5.418365905511811
20
-4.4908079527559055
11
5.4249666141732282
21
-4.4913590157480314
0
LINE
8
User.Drawings
6
CONTINUOUS
10
2.0332455511811025
20
-4.5266665354330708
11
2.0395563385826772
21
-4.5281688188976377
0
LINE
8
User.Drawings
6
CONTINUOUS
10
2.0395563385826772
20
-4.5281688188976377
11
2.0448976771653542
21
-4.530541653543307
0
LINE
8
User.Drawings
6
CONTINUOUS
10
2.0448976771653542
20
-4.530541653543307
11
2.0448976771653542
21
-4.5269943700787403
0
LINE
8
User.Drawings
6
CONTINUOUS
10
2.0448976771653542
20
-4.5269943700787403
11
2.0584540944881891
21
-4.5269943700787403
0
LINE
8
User.Drawings
6
CONTINUOUS
10
2.0584540944881891
20
-4.5269943700787403
11
2.0584540944881891
21
-4.5532725984251972
0
LINE
8
User.Drawings
6
CONTINUOUS
10
2.0584540944881891
20
-4.5532725984251972
11
2.0448976771653542
21
-4.5532725984251972
0
LINE
8
User.Drawings
6
CONTINUOUS
10
2.0448976771653542
20
-4.5532725984251972
11
2.0448976771653542
21
-4.5485204330708662
0
LINE
8
User.Drawings
6
CONTINUOUS
10
2.0448976771653542
20
-4.5485204330708662
11
2.0411395275590549
21
-4.5442746456692911
0
LINE
8
User.Drawings
6
CONTINUOUS
10
2.0411395275590549
20
-4.5442746456692911
11
2.0368782283464566
21
-4.5413319685039371
0
LINE
8
User.Drawings
6
CONTINUOUS
10
2.0368782283464566
20
-4.5413319685039371
11
2.0320137401574803
21
-4.539552283464567
0
LINE
8
User.Drawings
6
CONTINUOUS
10
2.0320137401574803
20
-4.539552283464567
11
2.0263736614173227
21
-4.5389353543307083
0
LINE
8
User.Drawings
6
CONTINUOUS
10
2.0263736614173227
20
-4.5389353543307083
11
2.0205969685039369
21
-4.5396559842519686
0
LINE
8
User.Drawings
6
CONTINUOUS
10
2.0205969685039369
20
-4.5396559842519686
11
2.0162837401574802
21
-4.5416345275590553
0
LINE
8
User.Drawings
6
CONTINUOUS
10
2.0162837401574802
20
-4.5416345275590553
11
2.0140588582677164
21
-4.5436655905511811
0
LINE
8
User.Drawings
6
CONTINUOUS
10
2.0140588582677164
20
-4.5436655905511811
11
2.0127928740157479
21
-4.5459524409448822
0
LINE
8
User.Drawings
6
CONTINUOUS
10
2.0127928740157479
20
-4.5459524409448822
11
2.0123662598425196
21
-4.5486012204724409
0
LINE
8
User.Drawings
6
CONTINUOUS
10
2.0123662598425196
20
-4.5486012204724409
11
2.0131175196850393
21
-4.5520339763779525
0
LINE
8
User.Drawings
6
CONTINUOUS
10
2.0131175196850393
20
-4.5520339763779525
11
2.0153414173228348
21
-4.5546120866141733
0
LINE
8
User.Drawings
6
CONTINUOUS
10
2.0153414173228348
20
-4.5546120866141733
11
2.0193028346456692
21
-4.556400472440945
0
LINE
8
User.Drawings
6
CONTINUOUS
10
2.0193028346456692
20
-4.556400472440945
11
2.0287093700787402
21
-4.558448818897638
0
LINE
8
User.Drawings
6
CONTINUOUS
10
2.0287093700787402
20
-4.558448818897638
11
2.0391762204724411
21
-4.560474881889764
0
LINE
8
User.Drawings
6
CONTINUOUS
10
2.0391762204724411
20
-4.560474881889764
11
2.0470392125984254
21
-4.5625524803149604
0
LINE
8
User.Drawings
6
CONTINUOUS
10
2.0470392125984254
20
-4.5625524803149604
11
2.052900748031496
21
-4.5653583858267712
0
LINE
8
User.Drawings
6
CONTINUOUS
10
2.052900748031496
20
-4.5653583858267712
11
2.0571709842519685
21
-4.568785984251968
0
LINE
8
User.Drawings
6
CONTINUOUS
10
2.0571709842519685
20
-4.568785984251968
11
2.0601414173228347
21
-4.5728407480314957
0
LINE
8
User.Drawings
6
CONTINUOUS
10
2.0601414173228347
20
-4.5728407480314957
11
2.0619561811023623
21
-4.577640905511811
0
LINE
8
User.Drawings
6
CONTINUOUS
10
2.0619561811023623
20
-4.577640905511811
11
2.0625937401574803
21
-4.5834009842519681
0
LINE
8
User.Drawings
6
CONTINUOUS
10
2.0625937401574803
20
-4.5834009842519681
11
2.0620470078740158
21
-4.5886671259842515
0
LINE
8
User.Drawings
6
CONTINUOUS
10
2.0620470078740158
20
-4.5886671259842515
11
2.0604670472440945
21
-4.5932568503937006
0
LINE
8
User.Drawings
6
CONTINUOUS
10
2.0604670472440945
20
-4.5932568503937006
11
2.0578596062992127
21
-4.5973160629921255
0
LINE
8
User.Drawings
6
CONTINUOUS
10
2.0578596062992127
20
-4.5973160629921255
11
2.0541192913385826
21
-4.6009355118110236
0
LINE
8
User.Drawings
6
CONTINUOUS
10
2.0541192913385826
20
-4.6009355118110236
11
2.0497551574803148
21
-4.6037203937007876
0
LINE
8
User.Drawings
6
CONTINUOUS
10
2.0497551574803148
20
-4.6037203937007876
11
2.0446496062992123
21
-4.6057828740157483
0
LINE
8
User.Drawings
6
CONTINUOUS
10
2.0446496062992123
20
-4.6057828740157483
11
2.0386675196850392
21
-4.6070891338582678
0
LINE
8
User.Drawings
6
CONTINUOUS
10
2.0386675196850392
20
-4.6070891338582678
11
2.0316441338582676
21
-4.6075522047244091
0
LINE
8
User.Drawings
6
CONTINUOUS
10
2.0316441338582676
20
-4.6075522047244091
11
2.0261236220472441
21
-4.6071491732283461
0
LINE
8
User.Drawings
6
CONTINUOUS
10
2.0261236220472441
20
-4.6071491732283461
11
2.0206859055118112
21
-4.6059367322834648
0
LINE
8
User.Drawings
6
CONTINUOUS
10
2.0206859055118112
20
-4.6059367322834648
11
2.0155929527559056
21
-4.6040548818897635
0
LINE
8
User.Drawings
6
CONTINUOUS
10
2.0155929527559056
20
-4.6040548818897635
11
2.0116864173228346
21
-4.6019115354330706
0
LINE
8
User.Drawings
6
CONTINUOUS
10
2.0116864173228346
20
-4.6019115354330706
11
2.0116864173228346
21
-4.6062598425196848
0
LINE
8
User.Drawings
6
CONTINUOUS
10
2.0116864173228346
20
-4.6062598425196848
11
1.9978338188976377
21
-4.6062598425196848
0
LINE
8
User.Drawings
6
CONTINUOUS
10
1.9978338188976377
20
-4.6062598425196848
11
1.9978338188976377
21
-4.5791199999999996
0
LINE
8
User.Drawings
6
CONTINUOUS
10
1.9978338188976377
20
-4.5791199999999996
11
2.0116864173228346
21
-4.5791199999999996
0
LINE
8
User.Drawings
6
CONTINUOUS
10
2.0116864173228346
20
-4.5791199999999996
11
2.0116864173228346
21
-4.5818259055118107
0
LINE
8
User.Drawings
6
CONTINUOUS
10
2.0116864173228346
20
-4.5818259055118107
11
2.0128840944881889
21
-4.5853582283464567
0
LINE
8
User.Drawings
6
CONTINUOUS
10
2.0128840944881889
20
-4.5853582283464567
11
2.0149680708661415
21
-4.588384803149606
0
LINE
8
User.Drawings
6
CONTINUOUS
10
2.0149680708661415
20
-4.588384803149606
11
2.0180472834645671
21
-4.5909937007874015
0
LINE
8
User.Drawings
6
CONTINUOUS
10
2.0180472834645671
20
-4.5909937007874015
11
2.0216745669291338
21
-4.5928914566929135
0
LINE
8
User.Drawings
6
CONTINUOUS
10
2.0216745669291338
20
-4.5928914566929135
11
2.0256975590551183
21
-4.5940478740157475
0
LINE
8
User.Drawings
6
CONTINUOUS
10
2.0256975590551183
20
-4.5940478740157475
11
2.0302103937007874
21
-4.5944467322834646
0
LINE
8
User.Drawings
6
CONTINUOUS
10
2.0302103937007874
20
-4.5944467322834646
11
2.0352343700787401
21
-4.5941070078740154
0
LINE
8
User.Drawings
6
CONTINUOUS
10
2.0352343700787401
20
-4.5941070078740154
11
2.039152440944882
21
-4.5931853149606301
0
LINE
8
User.Drawings
6
CONTINUOUS
10
2.039152440944882
20
-4.5931853149606301
11
2.0421850393700787
21
-4.5917879527559053
0
LINE
8
User.Drawings
6
CONTINUOUS
10
2.0421850393700787
20
-4.5917879527559053
11
2.0446226377952756
21
-4.5897107874015743
0
LINE
8
User.Drawings
6
CONTINUOUS
10
2.0446226377952756
20
-4.5897107874015743
11
2.0460536614173228
21
-4.5871283858267713
0
LINE
8
User.Drawings
6
CONTINUOUS
10
2.0460536614173228
20
-4.5871283858267713
11
2.046553503937008
21
-4.5838721653543306
0
LINE
8
User.Drawings
6
CONTINUOUS
10
2.046553503937008
20
-4.5838721653543306
11
2.0461641732283464
21
-4.5815167716535434
0
LINE
8
User.Drawings
6
CONTINUOUS
10
2.0461641732283464
20
-4.5815167716535434
11
2.0450387401574801
21
-4.5796409055118108
0
LINE
8
User.Drawings
6
CONTINUOUS
10
2.0450387401574801
20
-4.5796409055118108
11
2.0430870078740155
21
-4.5781238188976374
0
LINE
8
User.Drawings
6
CONTINUOUS
10
2.0430870078740155
20
-4.5781238188976374
11
2.0387126771653543
21
-4.5764215748031498
0
LINE
8
User.Drawings
6
CONTINUOUS
10
2.0387126771653543
20
-4.5764215748031498
11
2.0291603543307084
21
-4.5741726771653539
0
LINE
8
User.Drawings
6
CONTINUOUS
10
2.0291603543307084
20
-4.5741726771653539
11
2.0211032283464565
21
-4.5724427559055121
0
LINE
8
User.Drawings
6
CONTINUOUS
10
2.0211032283464565
20
-4.5724427559055121
11
2.0133375196850394
21
-4.5702741732283467
0
LINE
8
User.Drawings
6
CONTINUOUS
10
2.0133375196850394
20
-4.5702741732283467
11
2.0076337007874017
21
-4.5674843700787404
0
LINE
8
User.Drawings
6
CONTINUOUS
10
2.0076337007874017
20
-4.5674843700787404
11
2.0035552362204725
21
-4.5641769685039373
0
LINE
8
User.Drawings
6
CONTINUOUS
10
2.0035552362204725
20
-4.5641769685039373
11
2.0004951181102362
21
-4.5599730314960629
0
LINE
8
User.Drawings
6
CONTINUOUS
10
2.0004951181102362
20
-4.5599730314960629
11
1.9986329133858267
21
-4.5550531496062989
0
LINE
8
User.Drawings
6
CONTINUOUS
10
1.9986329133858267
20
-4.5550531496062989
11
1.9979818897637796
21
-4.5492137401574801
0
LINE
8
User.Drawings
6
CONTINUOUS
10
1.9979818897637796
20
-4.5492137401574801
11
1.9984573228346456
21
-4.5444425984251966
0
LINE
8
User.Drawings
6
CONTINUOUS
10
1.9984573228346456
20
-4.5444425984251966
11
1.9998284251968503
21
-4.5402872834645667
0
LINE
8
User.Drawings
6
CONTINUOUS
10
1.9998284251968503
20
-4.5402872834645667
11
2.0020811417322832
21
-4.5366198425196851
0
LINE
8
User.Drawings
6
CONTINUOUS
10
2.0020811417322832
20
-4.5366198425196851
11
2.0067344881889762
21
-4.5320641732283464
0
LINE
8
User.Drawings
6
CONTINUOUS
10
2.0067344881889762
20
-4.5320641732283464
11
2.0125883858267715
21
-4.5287646456692912
0
LINE
8
User.Drawings
6
CONTINUOUS
10
2.0125883858267715
20
-4.5287646456692912
11
2.0191005511811024
21
-4.5267874409448821
0
LINE
8
User.Drawings
6
CONTINUOUS
10
2.0191005511811024
20
-4.5267874409448821
11
2.0257678740157479
21
-4.5261327952755908
0
LINE
8
User.Drawings
6
CONTINUOUS
10
2.0257678740157479
20
-4.5261327952755908
11
2.0332455511811025
21
-4.5266665354330708
0
LINE
8
User.Drawings
6
CONTINUOUS
10
2.0995138188976377
20
-4.5269943700787403
11
2.1139722440944881
21
-4.5269943700787403
0
LINE
8
User.Drawings
6
CONTINUOUS
10
2.1139722440944881
20
-4.5269943700787403
11
2.1139722440944881
21
-4.5409277559055115
0
LINE
8
User.Drawings
6
CONTINUOUS
10
2.1139722440944881
20
-4.5409277559055115
11
2.0995138188976377
21
-4.5409277559055115
0
LINE
8
User.Drawings
6
CONTINUOUS
10
2.0995138188976377
20
-4.5409277559055115
11
2.0995138188976377
21
-4.5824653937007875
0
LINE
8
User.Drawings
6
CONTINUOUS
10
2.0995138188976377
20
-4.5824653937007875
11
2.0999607874015749
21
-4.5883461417322833
0
LINE
8
User.Drawings
6
CONTINUOUS
10
2.0999607874015749
20
-4.5883461417322833
11
2.1009071653543305
21
-4.5908725196850391
0
LINE
8
User.Drawings
6
CONTINUOUS
10
2.1009071653543305
20
-4.5908725196850391
11
2.1026838976377951
21
-4.5922636614173227
0
LINE
8
User.Drawings
6
CONTINUOUS
10
2.1026838976377951
20
-4.5922636614173227
11
2.1056862598425194
21
-4.5927909055118112
0
LINE
8
User.Drawings
6
CONTINUOUS
10
2.1056862598425194
20
-4.5927909055118112
11
2.109803346456693
21
-4.5924372047244093
0
LINE
8
User.Drawings
6
CONTINUOUS
10
2.109803346456693
20
-4.5924372047244093
11
2.1139722440944881
21
-4.5913571653543306
0
LINE
8
User.Drawings
6
CONTINUOUS
10
2.1139722440944881
20
-4.5913571653543306
11
2.1139722440944881
21
-4.6054453543307083
0
LINE
8
User.Drawings
6
CONTINUOUS
10
2.1139722440944881
20
-4.6054453543307083
11
2.1070386220472441
21
-4.6070959448818893
0
LINE
8
User.Drawings
6
CONTINUOUS
10
2.1070386220472441
20
-4.6070959448818893
11
2.1023005118110234
21
-4.6075522047244091
0
LINE
8
User.Drawings
6
CONTINUOUS
10
2.1023005118110234
20
-4.6075522047244091
11
2.0959654724409447
21
-4.6069136220472444
0
LINE
8
User.Drawings
6
CONTINUOUS
10
2.0959654724409447
20
-4.6069136220472444
11
2.0914234251968504
21
-4.6052145275590552
0
LINE
8
User.Drawings
6
CONTINUOUS
10
2.0914234251968504
20
-4.6052145275590552
11
2.0882123228346456
21
-4.6026183070866145
0
LINE
8
User.Drawings
6
CONTINUOUS
10
2.0882123228346456
20
-4.6026183070866145
11
2.0860322047244093
21
-4.5990357874015748
0
LINE
8
User.Drawings
6
CONTINUOUS
10
2.0860322047244093
20
-4.5990357874015748
11
2.0845152362204722
21
-4.5936202362204721
0
LINE
8
User.Drawings
6
CONTINUOUS
10
2.0845152362204722
20
-4.5936202362204721
11
2.0839246062992127
21
-4.5856962992125982
0
LINE
8
User.Drawings
6
CONTINUOUS
10
2.0839246062992127
20
-4.5856962992125982
11
2.0839246062992127
21
-4.5409277559055115
0
LINE
8
User.Drawings
6
CONTINUOUS
10
2.0839246062992127
20
-4.5409277559055115
11
2.073612559055118
21
-4.5409277559055115
0
LINE
8
User.Drawings
6
CONTINUOUS
10
2.073612559055118
20
-4.5409277559055115
11
2.073612559055118
21
-4.5269943700787403
0
LINE
8
User.Drawings
6
CONTINUOUS
10
2.073612559055118
20
-4.5269943700787403
11
2.0839246062992127
21
-4.5269943700787403
0
LINE
8
User.Drawings
6
CONTINUOUS
10
2.0839246062992127
20
-4.5269943700787403
11
2.0839246062992127
21
-4.5149860629921257
0
LINE
8
User.Drawings
6
CONTINUOUS
10
2.0839246062992127
20
-4.5149860629921257
11
2.0995138188976377
21
-4.5007161417322834
0
LINE
8
User.Drawings
6
CONTINUOUS
10
2.0995138188976377
20
-4.5007161417322834
11
2.0995138188976377
21
-4.5269943700787403
0
LINE
8
User.Drawings
6
CONTINUOUS
10
2.9624030708661415
20
-4.5071174015748028
11
2.9487793307086614
21
-4.5071174015748028
0
LINE
8
User.Drawings
6
CONTINUOUS
10
2.9487793307086614
20
-4.5071174015748028
11
2.969935157480315
21
-4.581671102362205
0
LINE
8
User.Drawings
6
CONTINUOUS
10
2.969935157480315
20
-4.581671102362205
11
2.9908688976377951
21
-4.5071174015748028
0
LINE
8
User.Drawings
6
CONTINUOUS
10
2.9908688976377951
20
-4.5071174015748028
11
2.9773191732283464
21
-4.5071174015748028
0
LINE
8
User.Drawings
6
CONTINUOUS
10
2.9773191732283464
20
-4.5071174015748028
11
2.9773191732283464
21
-4.4929619291338581
0
LINE
8
User.Drawings
6
CONTINUOUS
10
2.9773191732283464
20
-4.4929619291338581
11
3.0294246456692915
21
-4.4929619291338581
0
LINE
8
User.Drawings
6
CONTINUOUS
10
3.0294246456692915
20
-4.4929619291338581
11
3.0294246456692915
21
-4.5071174015748028
0
LINE
8
User.Drawings
6
CONTINUOUS
10
3.0294246456692915
20
-4.5071174015748028
11
3.0160230314960628
21
-4.5071174015748028
0
LINE
8
User.Drawings
6
CONTINUOUS
10
3.0160230314960628
20
-4.5071174015748028
11
3.0367279133858265
21
-4.581671102362205
0
LINE
8
User.Drawings
6
CONTINUOUS
10
3.0367279133858265
20
-4.581671102362205
11
3.0579645275590552
21
-4.5071174015748028
0
LINE
8
User.Drawings
6
CONTINUOUS
10
3.0579645275590552
20
-4.5071174015748028
11
3.0445629133858265
21
-4.5071174015748028
0
LINE
8
User.Drawings
6
CONTINUOUS
10
3.0445629133858265
20
-4.5071174015748028
11
3.0445629133858265
21
-4.4929619291338581
0
LINE
8
User.Drawings
6
CONTINUOUS
10
3.0445629133858265
20
-4.4929619291338581
11
3.0862082283464565
21
-4.4929619291338581
0
LINE
8
User.Drawings
6
CONTINUOUS
10
3.0862082283464565
20
-4.4929619291338581
11
3.0862082283464565
21
-4.5071174015748028
0
LINE
8
User.Drawings
6
CONTINUOUS
10
3.0862082283464565
20
-4.5071174015748028
11
3.073102755905512
21
-4.5071174015748028
0
LINE
8
User.Drawings
6
CONTINUOUS
10
3.073102755905512
20
-4.5071174015748028
11
3.0444148031496061
21
-4.6075522047244091
0
LINE
8
User.Drawings
6
CONTINUOUS
10
3.0444148031496061
20
-4.6075522047244091
11
3.0283746062992125
21
-4.6075522047244091
0
LINE
8
User.Drawings
6
CONTINUOUS
10
3.0283746062992125
20
-4.6075522047244091
11
3.0027694881889762
21
-4.5172746456692909
0
LINE
8
User.Drawings
6
CONTINUOUS
10
3.0027694881889762
20
-4.5172746456692909
11
2.9773191732283464
21
-4.6075522047244091
0
LINE
8
User.Drawings
6
CONTINUOUS
10
2.9773191732283464
20
-4.6075522047244091
11
2.9614270472440944
21
-4.6075522047244091
0
LINE
8
User.Drawings
6
CONTINUOUS
10
2.9614270472440944
20
-4.6075522047244091
11
2.932436181102362
21
-4.5071174015748028
0
LINE
8
User.Drawings
6
CONTINUOUS
10
2.932436181102362
20
-4.5071174015748028
11
2.9190278346456693
21
-4.5071174015748028
0
LINE
8
User.Drawings
6
CONTINUOUS
10
2.9190278346456693
20
-4.5071174015748028
11
2.9190278346456693
21
-4.4929619291338581
0
LINE
8
User.Drawings
6
CONTINUOUS
10
2.9190278346456693
20
-4.4929619291338581
11
2.9624030708661415
21
-4.4929619291338581
0
LINE
8
User.Drawings
6
CONTINUOUS
10
2.9624030708661415
20
-4.4929619291338581
11
2.9624030708661415
21
-4.5071174015748028
0
LINE
8
User.Drawings
6
CONTINUOUS
10
3.4259846456692911
20
-4.5821624803149605
11
3.4266198425196848
21
-4.5877661023622043
0
LINE
8
User.Drawings
6
CONTINUOUS
10
3.4266198425196848
20
-4.5877661023622043
11
3.428205905511811
21
-4.5911350393700783
0
LINE
8
User.Drawings
6
CONTINUOUS
10
3.428205905511811
20
-4.5911350393700783
11
3.4298950393700784
21
-4.5926546062992122
0
LINE
8
User.Drawings
6
CONTINUOUS
10
3.4298950393700784
20
-4.5926546062992122
11
3.4322638582677163
21
-4.5936316535433068
0
LINE
8
User.Drawings
6
CONTINUOUS
10
3.4322638582677163
20
-4.5936316535433068
11
3.4355495275590551
21
-4.5939957480314959
0
LINE
8
User.Drawings
6
CONTINUOUS
10
3.4355495275590551
20
-4.5939957480314959
11
3.4404869291338582
21
-4.5934506299212599
0
LINE
8
User.Drawings
6
CONTINUOUS
10
3.4404869291338582
20
-4.5934506299212599
11
3.4458246456692914
21
-4.591724566929134
0
LINE
8
User.Drawings
6
CONTINUOUS
10
3.4458246456692914
20
-4.591724566929134
11
3.4516923228346457
21
-4.5886105905511814
0
LINE
8
User.Drawings
6
CONTINUOUS
10
3.4516923228346457
20
-4.5886105905511814
11
3.4582131496062991
21
-4.5838183464566926
0
LINE
8
User.Drawings
6
CONTINUOUS
10
3.4582131496062991
20
-4.5838183464566926
11
3.4582131496062991
21
-4.5409277559055115
0
LINE
8
User.Drawings
6
CONTINUOUS
10
3.4582131496062991
20
-4.5409277559055115
11
3.4442124803149605
21
-4.5409277559055115
0
LINE
8
User.Drawings
6
CONTINUOUS
10
3.4442124803149605
20
-4.5409277559055115
11
3.4442124803149605
21
-4.5269943700787403
0
LINE
8
User.Drawings
6
CONTINUOUS
10
3.4442124803149605
20
-4.5269943700787403
11
3.4738024015748032
21
-4.5269943700787403
0
LINE
8
User.Drawings
6
CONTINUOUS
10
3.4738024015748032
20
-4.5269943700787403
11
3.4738024015748032
21
-4.5924004724409446
0
LINE
8
User.Drawings
6
CONTINUOUS
10
3.4738024015748032
20
-4.5924004724409446
11
3.4873588188976377
21
-4.5924004724409446
0
LINE
8
User.Drawings
6
CONTINUOUS
10
3.4873588188976377
20
-4.5924004724409446
11
3.4873588188976377
21
-4.6062598425196848
0
LINE
8
User.Drawings
6
CONTINUOUS
10
3.4873588188976377
20
-4.6062598425196848
11
3.4582131496062991
21
-4.6062598425196848
0
LINE
8
User.Drawings
6
CONTINUOUS
10
3.4582131496062991
20
-4.6062598425196848
11
3.4582131496062991
21
-4.597078582677165
0
LINE
8
User.Drawings
6
CONTINUOUS
10
3.4582131496062991
20
-4.597078582677165
11
3.4509648818897638
21
-4.6019400787401574
0
LINE
8
User.Drawings
6
CONTINUOUS
10
3.4509648818897638
20
-4.6019400787401574
11
3.4442801968503938
21
-4.6051568897637791
0
LINE
8
User.Drawings
6
CONTINUOUS
10
3.4442801968503938
20
-4.6051568897637791
11
3.4380497244094488
21
-4.6069713385826772
0
LINE
8
User.Drawings
6
CONTINUOUS
10
3.4380497244094488
20
-4.6069713385826772
11
3.4321570472440945
21
-4.6075522047244091
0
LINE
8
User.Drawings
6
CONTINUOUS
10
3.4321570472440945
20
-4.6075522047244091
11
3.426625
21
-4.6070803149606299
0
LINE
8
User.Drawings
6
CONTINUOUS
10
3.426625
20
-4.6070803149606299
11
3.4221718110236221
21
-4.6057718503937011
0
LINE
8
User.Drawings
6
CONTINUOUS
10
3.4221718110236221
20
-4.6057718503937011
11
3.4185814173228346
21
-4.6037200393700788
0
LINE
8
User.Drawings
6
CONTINUOUS
10
3.4185814173228346
20
-4.6037200393700788
11
3.4156995275590551
21
-4.6009220472440946
0
LINE
8
User.Drawings
6
CONTINUOUS
10
3.4156995275590551
20
-4.6009220472440946
11
3.4136040157480316
21
-4.5975407874015746
0
LINE
8
User.Drawings
6
CONTINUOUS
10
3.4136040157480316
20
-4.5975407874015746
11
3.4119410629921259
21
-4.5929635433070866
0
LINE
8
User.Drawings
6
CONTINUOUS
10
3.4119410629921259
20
-4.5929635433070866
11
3.4108160236220471
21
-4.5868771653543305
0
LINE
8
User.Drawings
6
CONTINUOUS
10
3.4108160236220471
20
-4.5868771653543305
11
3.4103953937007874
21
-4.5789113385826772
0
LINE
8
User.Drawings
6
CONTINUOUS
10
3.4103953937007874
20
-4.5789113385826772
11
3.4103953937007874
21
-4.5409277559055115
0
LINE
8
User.Drawings
6
CONTINUOUS
10
3.4103953937007874
20
-4.5409277559055115
11
3.3993294881889762
21
-4.5409277559055115
0
LINE
8
User.Drawings
6
CONTINUOUS
10
3.3993294881889762
20
-4.5409277559055115
11
3.3993294881889762
21
-4.5269943700787403
0
LINE
8
User.Drawings
6
CONTINUOUS
10
3.3993294881889762
20
-4.5269943700787403
11
3.4259846456692911
21
-4.5269943700787403
0
LINE
8
User.Drawings
6
CONTINUOUS
10
3.4259846456692911
20
-4.5269943700787403
11
3.4259846456692911
21
-4.5821624803149605
0
LINE
8
User.Drawings
6
CONTINUOUS
10
4.1969249212598427
20
-4.5253847244094487
11
4.2032749212598421
21
-4.5268681496062992
0
LINE
8
User.Drawings
6
CONTINUOUS
10
4.2032749212598421
20
-4.5268681496062992
11
4.208240472440945
21
-4.5291272047244098
0
LINE
8
User.Drawings
6
CONTINUOUS
10
4.208240472440945
20
-4.5291272047244098
11
4.2120870078740156
21
-4.5320898031496064
0
LINE
8
User.Drawings
6
CONTINUOUS
10
4.2120870078740156
20
-4.5320898031496064
11
4.2150984645669292
21
-4.5359006299212599
0
LINE
8
User.Drawings
6
CONTINUOUS
10
4.2150984645669292
20
-4.5359006299212599
11
4.2173852362204727
21
-4.540800787401575
0
LINE
8
User.Drawings
6
CONTINUOUS
10
4.2173852362204727
20
-4.540800787401575
11
4.2188822834645672
21
-4.5470466535433074
0
LINE
8
User.Drawings
6
CONTINUOUS
10
4.2188822834645672
20
-4.5470466535433074
11
4.2194306299212601
21
-4.5549620866141733
0
LINE
8
User.Drawings
6
CONTINUOUS
10
4.2194306299212601
20
-4.5549620866141733
11
4.2194306299212601
21
-4.5924004724409446
0
LINE
8
User.Drawings
6
CONTINUOUS
10
4.2194306299212601
20
-4.5924004724409446
11
4.2326841732283462
21
-4.5924004724409446
0
LINE
8
User.Drawings
6
CONTINUOUS
10
4.2326841732283462
20
-4.5924004724409446
11
4.2326841732283462
21
-4.6062598425196848
0
LINE
8
User.Drawings
6
CONTINUOUS
10
4.2326841732283462
20
-4.6062598425196848
11
4.2057261023622043
21
-4.6062598425196848
0
LINE
8
User.Drawings
6
CONTINUOUS
10
4.2057261023622043
20
-4.6062598425196848
11
4.2057261023622043
21
-4.5965131889763775
0
LINE
8
User.Drawings
6
CONTINUOUS
10
4.2057261023622043
20
-4.5965131889763775
11
4.1997116141732285
21
-4.6014852362204719
0
LINE
8
User.Drawings
6
CONTINUOUS
10
4.1997116141732285
20
-4.6014852362204719
11
4.1935775590551181
21
-4.6048848818897641
0
LINE
8
User.Drawings
6
CONTINUOUS
10
4.1935775590551181
20
-4.6048848818897641
11
4.1872374803149608
21
-4.6068837795275588
0
LINE
8
User.Drawings
6
CONTINUOUS
10
4.1872374803149608
20
-4.6068837795275588
11
4.1805719685039371
21
-4.6075522047244091
0
LINE
8
User.Drawings
6
CONTINUOUS
10
4.1805719685039371
20
-4.6075522047244091
11
4.1757919291338581
21
-4.6071687007874011
0
LINE
8
User.Drawings
6
CONTINUOUS
10
4.1757919291338581
20
-4.6071687007874011
11
4.1713590157480311
21
-4.6060414173228343
0
LINE
8
User.Drawings
6
CONTINUOUS
10
4.1713590157480311
20
-4.6060414173228343
11
4.1672040157480312
21
-4.604173188976378
0
LINE
8
User.Drawings
6
CONTINUOUS
10
4.1672040157480312
20
-4.604173188976378
11
4.1617299999999995
21
-4.6002063779527562
0
LINE
8
User.Drawings
6
CONTINUOUS
10
4.1617299999999995
20
-4.6002063779527562
11
4.1574910236220468
21
-4.5951265748031496
0
LINE
8
User.Drawings
6
CONTINUOUS
10
4.1574910236220468
20
-4.5951265748031496
11
4.1554659842519683
21
-4.5912104724409444
0
LINE
8
User.Drawings
6
CONTINUOUS
10
4.1554659842519683
20
-4.5912104724409444
11
4.1542538188976375
21
-4.5870406692913388
0
LINE
8
User.Drawings
6
CONTINUOUS
10
4.1542538188976375
20
-4.5870406692913388
11
4.1538427559055116
21
-4.5825394094488185
0
LINE
8
User.Drawings
6
CONTINUOUS
10
4.1538427559055116
20
-4.5825394094488185
11
4.1538433858267716
21
-4.5825326771653545
0
LINE
8
User.Drawings
6
CONTINUOUS
10
4.1538433858267716
20
-4.5825326771653545
11
4.1543004330708664
21
-4.5777071653543304
0
LINE
8
User.Drawings
6
CONTINUOUS
10
4.1543004330708664
20
-4.5777071653543304
11
4.1556405118110238
21
-4.573319488188976
0
LINE
8
User.Drawings
6
CONTINUOUS
10
4.1556405118110238
20
-4.573319488188976
11
4.1578679527559057
21
-4.5692791338582674
0
LINE
8
User.Drawings
6
CONTINUOUS
10
4.1578679527559057
20
-4.5692791338582674
11
4.160843582677165
21
-4.5657199999999998
0
LINE
8
User.Drawings
6
CONTINUOUS
10
4.160843582677165
20
-4.5657199999999998
11
4.1644464173228348
21
-4.5627385039370081
0
LINE
8
User.Drawings
6
CONTINUOUS
10
4.1644464173228348
20
-4.5627385039370081
11
4.1687521653543307
21
-4.5603065748031497
0
LINE
8
User.Drawings
6
CONTINUOUS
10
4.1687521653543307
20
-4.5603065748031497
11
4.1756951574803152
21
-4.5579224803149607
0
LINE
8
User.Drawings
6
CONTINUOUS
10
4.1756951574803152
20
-4.5579224803149607
11
4.1825307480314962
21
-4.55714968503937
0
LINE
8
User.Drawings
6
CONTINUOUS
10
4.1825307480314962
20
-4.55714968503937
11
4.1900603149606299
21
-4.5578952362204728
0
LINE
8
User.Drawings
6
CONTINUOUS
10
4.1900603149606299
20
-4.5578952362204728
11
4.1972210236220473
21
-4.5601233464566926
0
LINE
8
User.Drawings
6
CONTINUOUS
10
4.1972210236220473
20
-4.5601233464566926
11
4.2041442913385829
21
-4.5639077165354331
0
LINE
8
User.Drawings
6
CONTINUOUS
10
4.2041442913385829
20
-4.5639077165354331
11
4.2041442913385829
21
-4.5553323228346452
0
LINE
8
User.Drawings
6
CONTINUOUS
10
4.2041442913385829
20
-4.5553323228346452
11
4.2036204724409449
21
-4.5492115748031496
0
LINE
8
User.Drawings
6
CONTINUOUS
10
4.2036204724409449
20
-4.5492115748031496
11
4.2022517322834645
21
-4.5449169685039372
0
LINE
8
User.Drawings
6
CONTINUOUS
10
4.2022517322834645
20
-4.5449169685039372
11
4.2002268110236223
21
-4.5419710629921255
0
LINE
8
User.Drawings
6
CONTINUOUS
10
4.2002268110236223
20
-4.5419710629921255
11
4.1973431102362202
21
-4.539875866141732
0
LINE
8
User.Drawings
6
CONTINUOUS
10
4.1973431102362202
20
-4.539875866141732
11
4.1931977952755908
21
-4.5384772047244093
0
LINE
8
User.Drawings
6
CONTINUOUS
10
4.1931977952755908
20
-4.5384772047244093
11
4.1873501968503932
21
-4.5379458661417322
0
LINE
8
User.Drawings
6
CONTINUOUS
10
4.1873501968503932
20
-4.5379458661417322
11
4.1813680708661414
21
-4.5385699606299212
0
LINE
8
User.Drawings
6
CONTINUOUS
10
4.1813680708661414
20
-4.5385699606299212
11
4.1767756299212602
21
-4.5402815748031493
0
LINE
8
User.Drawings
6
CONTINUOUS
10
4.1767756299212602
20
-4.5402815748031493
11
4.1729436614173228
21
-4.5431643700787401
0
LINE
8
User.Drawings
6
CONTINUOUS
10
4.1729436614173228
20
-4.5431643700787401
11
4.1697349212598427
21
-4.5473626771653546
0
LINE
8
User.Drawings
6
CONTINUOUS
10
4.1697349212598427
20
-4.5473626771653546
11
4.1548255118110236
21
-4.5436471259842515
0
LINE
8
User.Drawings
6
CONTINUOUS
10
4.1548255118110236
20
-4.5436471259842515
11
4.1586581496062989
21
-4.537765039370079
0
LINE
8
User.Drawings
6
CONTINUOUS
10
4.1586581496062989
20
-4.537765039370079
11
4.163183307086614
21
-4.5330971653543308
0
LINE
8
User.Drawings
6
CONTINUOUS
10
4.163183307086614
20
-4.5330971653543308
11
4.1684492519685037
21
-4.529505078740157
0
LINE
8
User.Drawings
6
CONTINUOUS
10
4.1684492519685037
20
-4.529505078740157
11
4.1743442913385822
21
-4.5269752362204727
0
LINE
8
User.Drawings
6
CONTINUOUS
10
4.1743442913385822
20
-4.5269752362204727
11
4.1810926771653545
21
-4.5253947637795271
0
LINE
8
User.Drawings
6
CONTINUOUS
10
4.1810926771653545
20
-4.5253947637795271
11
4.1888579527559058
21
-4.5248403937007877
0
LINE
8
User.Drawings
6
CONTINUOUS
10
4.1888579527559058
20
-4.5248403937007877
11
4.1969249212598427
21
-4.5253847244094487
0
LINE
8
User.Drawings
6
CONTINUOUS
10
4.1798406692913384
20
-4.5694091338582679
11
4.1763225196850389
21
-4.5706912204724413
0
LINE
8
User.Drawings
6
CONTINUOUS
10
4.1763225196850389
20
-4.5706912204724413
11
4.1731542913385828
21
-4.5728331889763778
0
LINE
8
User.Drawings
6
CONTINUOUS
10
4.1731542913385828
20
-4.5728331889763778
11
4.1706498425196852
21
-4.5756519685039372
0
LINE
8
User.Drawings
6
CONTINUOUS
10
4.1706498425196852
20
-4.5756519685039372
11
4.1691804724409449
21
-4.5788409842519684
0
LINE
8
User.Drawings
6
CONTINUOUS
10
4.1691804724409449
20
-4.5788409842519684
11
4.16867811023622
21
-4.5825326771653545
0
LINE
8
User.Drawings
6
CONTINUOUS
10
4.16867811023622
20
-4.5825326771653545
11
4.1691245669291339
21
-4.5861161811023621
0
LINE
8
User.Drawings
6
CONTINUOUS
10
4.1691245669291339
20
-4.5861161811023621
11
4.1704184645669287
21
-4.589186692913386
0
LINE
8
User.Drawings
6
CONTINUOUS
10
4.1704184645669287
20
-4.589186692913386
11
4.1725888976377954
21
-4.59186874015748
0
LINE
8
User.Drawings
6
CONTINUOUS
10
4.1725888976377954
20
-4.59186874015748
11
4.1753961811023625
21
-4.5938995669291334
0
LINE
8
User.Drawings
6
CONTINUOUS
10
4.1753961811023625
20
-4.5938995669291334
11
4.1787139763779528
21
-4.5951414960629924
0
LINE
8
User.Drawings
6
CONTINUOUS
10
4.1787139763779528
20
-4.5951414960629924
11
4.1826855511811019
21
-4.5955775590551182
0
LINE
8
User.Drawings
6
CONTINUOUS
10
4.1826855511811019
20
-4.5955775590551182
11
4.1881667716535436
21
-4.5950146456692913
0
LINE
8
User.Drawings
6
CONTINUOUS
10
4.1881667716535436
20
-4.5950146456692913
11
4.1935092913385823
21
-4.5933129921259841
0
LINE
8
User.Drawings
6
CONTINUOUS
10
4.1935092913385823
20
-4.5933129921259841
11
4.1988105511811025
21
-4.5903853149606295
0
LINE
8
User.Drawings
6
CONTINUOUS
10
4.1988105511811025
20
-4.5903853149606295
11
4.2041442913385829
21
-4.586059803149606
0
LINE
8
User.Drawings
6
CONTINUOUS
10
4.2041442913385829
20
-4.586059803149606
11
4.2041442913385829
21
-4.5768381889763781
0
LINE
8
User.Drawings
6
CONTINUOUS
10
4.2041442913385829
20
-4.5768381889763781
11
4.1970684645669287
21
-4.572313661417323
0
LINE
8
User.Drawings
6
CONTINUOUS
10
4.1970684645669287
20
-4.572313661417323
11
4.1903483070866141
21
-4.5697819685039365
0
LINE
8
User.Drawings
6
CONTINUOUS
10
4.1903483070866141
20
-4.5697819685039365
11
4.1838163779527555
21
-4.5689695275590552
0
LINE
8
User.Drawings
6
CONTINUOUS
10
4.1838163779527555
20
-4.5689695275590552
11
4.1798406692913384
21
-4.5694091338582679
0
LINE
8
User.Drawings
6
CONTINUOUS
10
4.3240656299212601
20
-4.5923331889763777
11
4.3383759448818893
21
-4.5923331889763777
0
LINE
8
User.Drawings
6
CONTINUOUS
10
4.3383759448818893
20
-4.5923331889763777
11
4.3383759448818893
21
-4.6062598425196848
0
LINE
8
User.Drawings
6
CONTINUOUS
10
4.3383759448818893
20
-4.6062598425196848
11
4.3086311811023625
21
-4.6062598425196848
0
LINE
8
User.Drawings
6
CONTINUOUS
10
4.3086311811023625
20
-4.6062598425196848
11
4.3086311811023625
21
-4.594581377952756
0
LINE
8
User.Drawings
6
CONTINUOUS
10
4.3086311811023625
20
-4.594581377952756
11
4.3022405118110232
21
-4.6003699606299211
0
LINE
8
User.Drawings
6
CONTINUOUS
10
4.3022405118110232
20
-4.6003699606299211
11
4.2954621653543308
21
-4.6043644094488192
0
LINE
8
User.Drawings
6
CONTINUOUS
10
4.2954621653543308
20
-4.6043644094488192
11
4.2881841732283466
21
-4.6067444488188976
0
LINE
8
User.Drawings
6
CONTINUOUS
10
4.2881841732283466
20
-4.6067444488188976
11
4.2802394094488188
21
-4.6075522047244091
0
LINE
8
User.Drawings
6
CONTINUOUS
10
4.2802394094488188
20
-4.6075522047244091
11
4.2727649999999997
21
-4.6069286614173226
0
LINE
8
User.Drawings
6
CONTINUOUS
10
4.2727649999999997
20
-4.6069286614173226
11
4.2660726377952756
21
-4.605120708661417
0
LINE
8
User.Drawings
6
CONTINUOUS
10
4.2660726377952756
20
-4.605120708661417
11
4.2600191732283461
21
-4.6021605905511809
0
LINE
8
User.Drawings
6
CONTINUOUS
10
4.2600191732283461
20
-4.6021605905511809
11
4.2546070866141728
21
-4.5981357874015751
0
LINE
8
User.Drawings
6
CONTINUOUS
10
4.2546070866141728
20
-4.5981357874015751
11
4.2500848818897641
21
-4.5932767322834644
0
LINE
8
User.Drawings
6
CONTINUOUS
10
4.2500848818897641
20
-4.5932767322834644
11
4.246388700787401
21
-4.587500236220472
0
LINE
8
User.Drawings
6
CONTINUOUS
10
4.246388700787401
20
-4.587500236220472
11
4.2437129527559057
21
-4.581161535433071
0
LINE
8
User.Drawings
6
CONTINUOUS
10
4.2437129527559057
20
-4.581161535433071
11
4.2420896456692914
21
-4.5743587401574803
0
LINE
8
User.Drawings
6
CONTINUOUS
10
4.2420896456692914
20
-4.5743587401574803
11
4.2415355511811024
21
-4.566990590551181
0
LINE
8
User.Drawings
6
CONTINUOUS
10
4.2415355511811024
20
-4.566990590551181
11
4.2415711417322832
21
-4.5665328740157483
0
LINE
8
User.Drawings
6
CONTINUOUS
10
4.2415711417322832
20
-4.5665328740157483
11
4.2421196850393699
21
-4.5594790944881884
0
LINE
8
User.Drawings
6
CONTINUOUS
10
4.2421196850393699
20
-4.5594790944881884
11
4.2438395669291333
21
-4.5524741732283465
0
LINE
8
User.Drawings
6
CONTINUOUS
10
4.2438395669291333
20
-4.5524741732283465
11
4.246691614173228
21
-4.5458751181102359
0
LINE
8
User.Drawings
6
CONTINUOUS
10
4.246691614173228
20
-4.5458751181102359
11
4.2505959448818897
21
-4.5398495275590554
0
LINE
8
User.Drawings
6
CONTINUOUS
10
4.2505959448818897
20
-4.5398495275590554
11
4.2553320472440941
21
-4.5347639763779526
0
LINE
8
User.Drawings
6
CONTINUOUS
10
4.2553320472440941
20
-4.5347639763779526
11
4.2609615354330712
21
-4.530534921259842
0
LINE
8
User.Drawings
6
CONTINUOUS
10
4.2609615354330712
20
-4.530534921259842
11
4.2672353543307082
21
-4.5273590551181098
0
LINE
8
User.Drawings
6
CONTINUOUS
10
4.2672353543307082
20
-4.5273590551181098
11
4.2737752362204722
21
-4.5254741338582676
0
LINE
8
User.Drawings
6
CONTINUOUS
10
4.2737752362204722
20
-4.5254741338582676
11
4.2806903937007874
21
-4.5248403937007877
0
LINE
8
User.Drawings
6
CONTINUOUS
10
4.2806903937007874
20
-4.5248403937007877
11
4.2881933070866145
21
-4.5256162598425194
0
LINE
8
User.Drawings
6
CONTINUOUS
10
4.2881933070866145
20
-4.5256162598425194
11
4.2952632283464567
21
-4.5279299999999996
0
LINE
8
User.Drawings
6
CONTINUOUS
10
4.2952632283464567
20
-4.5279299999999996
11
4.3018778740157479
21
-4.5317806692913383
0
LINE
8
User.Drawings
6
CONTINUOUS
10
4.3018778740157479
20
-4.5317806692913383
11
4.3086311811023625
21
-4.5376564173228342
0
LINE
8
User.Drawings
6
CONTINUOUS
10
4.3086311811023625
20
-4.5376564173228342
11
4.3086311811023625
21
-4.5066664173228341
0
LINE
8
User.Drawings
6
CONTINUOUS
10
4.3086311811023625
20
-4.5066664173228341
11
4.2933448818897633
21
-4.5066664173228341
0
LINE
8
User.Drawings
6
CONTINUOUS
10
4.2933448818897633
20
-4.5066664173228341
11
4.2933448818897633
21
-4.4929619291338581
0
LINE
8
User.Drawings
6
CONTINUOUS
10
4.2933448818897633
20
-4.4929619291338581
11
4.3240656299212601
21
-4.4929619291338581
0
LINE
8
User.Drawings
6
CONTINUOUS
10
4.3240656299212601
20
-4.4929619291338581
11
4.3240656299212601
21
-4.5923331889763777
0
LINE
8
User.Drawings
6
CONTINUOUS
10
4.2782257480314962
20
-4.539584330708661
11
4.2740000393700788
21
-4.5408534645669292
0
LINE
8
User.Drawings
6
CONTINUOUS
10
4.2740000393700788
20
-4.5408534645669292
11
4.2701090944881885
21
-4.5429605511811024
0
LINE
8
User.Drawings
6
CONTINUOUS
10
4.2701090944881885
20
-4.5429605511811024
11
4.2651183464566929
21
-4.5473656692913389
0
LINE
8
User.Drawings
6
CONTINUOUS
10
4.2651183464566929
20
-4.5473656692913389
11
4.2612644488188973
21
-4.5530706692913387
0
LINE
8
User.Drawings
6
CONTINUOUS
10
4.2612644488188973
20
-4.5530706692913387
11
4.2588383464566926
21
-4.5595773228346452
0
LINE
8
User.Drawings
6
CONTINUOUS
10
4.2588383464566926
20
-4.5595773228346452
11
4.2580267716535429
21
-4.5665328740157483
0
LINE
8
User.Drawings
6
CONTINUOUS
10
4.2580267716535429
20
-4.5665328740157483
11
4.2584075984251966
21
-4.5715775196850394
0
LINE
8
User.Drawings
6
CONTINUOUS
10
4.2584075984251966
20
-4.5715775196850394
11
4.2595177559055113
21
-4.5761786220472436
0
LINE
8
User.Drawings
6
CONTINUOUS
10
4.2595177559055113
20
-4.5761786220472436
11
4.2613384645669292
21
-4.5804124015748027
0
LINE
8
User.Drawings
6
CONTINUOUS
10
4.2613384645669292
20
-4.5804124015748027
11
4.2638434645669294
21
-4.5842761811023625
0
LINE
8
User.Drawings
6
CONTINUOUS
10
4.2638434645669294
20
-4.5842761811023625
11
4.266845472440945
21
-4.5875005118110233
0
LINE
8
User.Drawings
6
CONTINUOUS
10
4.266845472440945
20
-4.5875005118110233
11
4.2703783464566927
21
-4.5901455511811022
0
LINE
8
User.Drawings
6
CONTINUOUS
10
4.2703783464566927
20
-4.5901455511811022
11
4.274320866141732
21
-4.5921075196850394
0
LINE
8
User.Drawings
6
CONTINUOUS
10
4.274320866141732
20
-4.5921075196850394
11
4.2785620472440948
21
-4.5932898818897634
0
LINE
8
User.Drawings
6
CONTINUOUS
10
4.2785620472440948
20
-4.5932898818897634
11
4.2831809055118111
21
-4.5936928740157477
0
LINE
8
User.Drawings
6
CONTINUOUS
10
4.2831809055118111
20
-4.5936928740157477
11
4.2878839763779526
21
-4.5932576377952756
0
LINE
8
User.Drawings
6
CONTINUOUS
10
4.2878839763779526
20
-4.5932576377952756
11
4.2921964566929134
21
-4.5919790157480316
0
LINE
8
User.Drawings
6
CONTINUOUS
10
4.2921964566929134
20
-4.5919790157480316
11
4.2962055905511809
21
-4.5898494094488189
0
LINE
8
User.Drawings
6
CONTINUOUS
10
4.2962055905511809
20
-4.5898494094488189
11
4.2997855905511813
21
-4.5870091732283464
0
LINE
8
User.Drawings
6
CONTINUOUS
10
4.2997855905511813
20
-4.5870091732283464
11
4.3028125984251968
21
-4.5836089763779526
0
LINE
8
User.Drawings
6
CONTINUOUS
10
4.3028125984251968
20
-4.5836089763779526
11
4.3053194881889763
21
-4.5795911811023622
0
LINE
8
User.Drawings
6
CONTINUOUS
10
4.3053194881889763
20
-4.5795911811023622
11
4.3078003543307082
21
-4.5729613385826768
0
LINE
8
User.Drawings
6
CONTINUOUS
10
4.3078003543307082
20
-4.5729613385826768
11
4.3086311811023625
21
-4.5658530314960633
0
LINE
8
User.Drawings
6
CONTINUOUS
10
4.3086311811023625
20
-4.5658530314960633
11
4.3082541338582674
21
-4.5610109842519684
0
LINE
8
User.Drawings
6
CONTINUOUS
10
4.3082541338582674
20
-4.5610109842519684
11
4.3071477952755908
21
-4.5565330314960626
0
LINE
8
User.Drawings
6
CONTINUOUS
10
4.3071477952755908
20
-4.5565330314960626
11
4.3053194881889763
21
-4.552350433070866
0
LINE
8
User.Drawings
6
CONTINUOUS
10
4.3053194881889763
20
-4.552350433070866
11
4.3028136220472444
21
-4.5485450393700786
0
LINE
8
User.Drawings
6
CONTINUOUS
10
4.3028136220472444
20
-4.5485450393700786
11
4.2997653937007874
21
-4.5453452362204727
0
LINE
8
User.Drawings
6
CONTINUOUS
10
4.2997653937007874
20
-4.5453452362204727
11
4.2961315354330711
21
-4.5426980314960632
0
LINE
8
User.Drawings
6
CONTINUOUS
10
4.2961315354330711
20
-4.5426980314960632
11
4.2920864173228344
21
-4.5407418897637797
0
LINE
8
User.Drawings
6
CONTINUOUS
10
4.2920864173228344
20
-4.5407418897637797
11
4.2876962204724407
21
-4.539556456692913
0
LINE
8
User.Drawings
6
CONTINUOUS
10
4.2876962204724407
20
-4.539556456692913
11
4.2828779921259841
21
-4.5391507480314957
0
LINE
8
User.Drawings
6
CONTINUOUS
10
4.2828779921259841
20
-4.5391507480314957
11
4.2782257480314962
21
-4.539584330708661
0
LINE
8
User.Drawings
6
CONTINUOUS
10
4.6797899606299209
20
-4.5071174015748028
11
4.666166181102362
21
-4.5071174015748028
0
LINE
8
User.Drawings
6
CONTINUOUS
10
4.666166181102362
20
-4.5071174015748028
11
4.687322047244094
21
-4.581671102362205
0
LINE
8
User.Drawings
6
CONTINUOUS
10
4.687322047244094
20
-4.581671102362205
11
4.7082557874015745
21
-4.5071174015748028
0
LINE
8
User.Drawings
6
CONTINUOUS
10
4.7082557874015745
20
-4.5071174015748028
11
4.6947060629921262
21
-4.5071174015748028
0
LINE
8
User.Drawings
6
CONTINUOUS
10
4.6947060629921262
20
-4.5071174015748028
11
4.6947060629921262
21
-4.4929619291338581
0
LINE
8
User.Drawings
6
CONTINUOUS
10
4.6947060629921262
20
-4.4929619291338581
11
4.7468115354330704
21
-4.4929619291338581
0
LINE
8
User.Drawings
6
CONTINUOUS
10
4.7468115354330704
20
-4.4929619291338581
11
4.7468115354330704
21
-4.5071174015748028
0
LINE
8
User.Drawings
6
CONTINUOUS
10
4.7468115354330704
20
-4.5071174015748028
11
4.7334099212598426
21
-4.5071174015748028
0
LINE
8
User.Drawings
6
CONTINUOUS
10
4.7334099212598426
20
-4.5071174015748028
11
4.7541147637795271
21
-4.581671102362205
0
LINE
8
User.Drawings
6
CONTINUOUS
10
4.7541147637795271
20
-4.581671102362205
11
4.7753514173228346
21
-4.5071174015748028
0
LINE
8
User.Drawings
6
CONTINUOUS
10
4.7753514173228346
20
-4.5071174015748028
11
4.7619497637795272
21
-4.5071174015748028
0
LINE
8
User.Drawings
6
CONTINUOUS
10
4.7619497637795272
20
-4.5071174015748028
11
4.7619497637795272
21
-4.4929619291338581
0
LINE
8
User.Drawings
6
CONTINUOUS
10
4.7619497637795272
20
-4.4929619291338581
11
4.8035951181102359
21
-4.4929619291338581
0
LINE
8
User.Drawings
6
CONTINUOUS
10
4.8035951181102359
20
-4.4929619291338581
11
4.8035951181102359
21
-4.5071174015748028
0
LINE
8
User.Drawings
6
CONTINUOUS
10
4.8035951181102359
20
-4.5071174015748028
11
4.7904896456692914
21
-4.5071174015748028
0
LINE
8
User.Drawings
6
CONTINUOUS
10
4.7904896456692914
20
-4.5071174015748028
11
4.7618016929133855
21
-4.6075522047244091
0
LINE
8
User.Drawings
6
CONTINUOUS
10
4.7618016929133855
20
-4.6075522047244091
11
4.7457614960629924
21
-4.6075522047244091
0
LINE
8
User.Drawings
6
CONTINUOUS
10
4.7457614960629924
20
-4.6075522047244091
11
4.7201563779527556
21
-4.5172746456692909
0
LINE
8
User.Drawings
6
CONTINUOUS
10
4.7201563779527556
20
-4.5172746456692909
11
4.6947060629921262
21
-4.6075522047244091
0
LINE
8
User.Drawings
6
CONTINUOUS
10
4.6947060629921262
20
-4.6075522047244091
11
4.6788139370078738
21
-4.6075522047244091
0
LINE
8
User.Drawings
6
CONTINUOUS
10
4.6788139370078738
20
-4.6075522047244091
11
4.6498230708661419
21
-4.5071174015748028
0
LINE
8
User.Drawings
6
CONTINUOUS
10
4.6498230708661419
20
-4.5071174015748028
11
4.6364147244094491
21
-4.5071174015748028
0
LINE
8
User.Drawings
6
CONTINUOUS
10
4.6364147244094491
20
-4.5071174015748028
11
4.6364147244094491
21
-4.4929619291338581
0
LINE
8
User.Drawings
6
CONTINUOUS
10
4.6364147244094491
20
-4.4929619291338581
11
4.6797899606299209
21
-4.4929619291338581
0
LINE
8
User.Drawings
6
CONTINUOUS
10
4.6797899606299209
20
-4.4929619291338581
11
4.6797899606299209
21
-4.5071174015748028
0
LINE
8
User.Drawings
6
CONTINUOUS
10
4.9441741732283466
20
-4.5269943700787403
11
4.9586325984251971
21
-4.5269943700787403
0
LINE
8
User.Drawings
6
CONTINUOUS
10
4.9586325984251971
20
-4.5269943700787403
11
4.9586325984251971
21
-4.5409277559055115
0
LINE
8
User.Drawings
6
CONTINUOUS
10
4.9586325984251971
20
-4.5409277559055115
11
4.9441741732283466
21
-4.5409277559055115
0
LINE
8
User.Drawings
6
CONTINUOUS
10
4.9441741732283466
20
-4.5409277559055115
11
4.9441741732283466
21
-4.5824653937007875
0
LINE
8
User.Drawings
6
CONTINUOUS
10
4.9441741732283466
20
-4.5824653937007875
11
4.9446211417322834
21
-4.5883461417322833
0
LINE
8
User.Drawings
6
CONTINUOUS
10
4.9446211417322834
20
-4.5883461417322833
11
4.9455675196850395
21
-4.5908725196850391
0
LINE
8
User.Drawings
6
CONTINUOUS
10
4.9455675196850395
20
-4.5908725196850391
11
4.947344251968504
21
-4.5922636614173227
0
LINE
8
User.Drawings
6
CONTINUOUS
10
4.947344251968504
20
-4.5922636614173227
11
4.9503466141732284
21
-4.5927909055118112
0
LINE
8
User.Drawings
6
CONTINUOUS
10
4.9503466141732284
20
-4.5927909055118112
11
4.9544636614173223
21
-4.5924372047244093
0
LINE
8
User.Drawings
6
CONTINUOUS
10
4.9544636614173223
20
-4.5924372047244093
11
4.9586325984251971
21
-4.5913571653543306
0
LINE
8
User.Drawings
6
CONTINUOUS
10
4.9586325984251971
20
-4.5913571653543306
11
4.9586325984251971
21
-4.6054453543307083
0
LINE
8
User.Drawings
6
CONTINUOUS
10
4.9586325984251971
20
-4.6054453543307083
11
4.9516989763779522
21
-4.6070959448818893
0
LINE
8
User.Drawings
6
CONTINUOUS
10
4.9516989763779522
20
-4.6070959448818893
11
4.9469608661417324
21
-4.6075522047244091
0
LINE
8
User.Drawings
6
CONTINUOUS
10
4.9469608661417324
20
-4.6075522047244091
11
4.9406258267716536
21
-4.6069136220472444
0
LINE
8
User.Drawings
6
CONTINUOUS
10
4.9406258267716536
20
-4.6069136220472444
11
4.9360837795275589
21
-4.6052145275590552
0
LINE
8
User.Drawings
6
CONTINUOUS
10
4.9360837795275589
20
-4.6052145275590552
11
4.9328726771653546
21
-4.6026183070866145
0
LINE
8
User.Drawings
6
CONTINUOUS
10
4.9328726771653546
20
-4.6026183070866145
11
4.9306925196850395
21
-4.5990357874015748
0
LINE
8
User.Drawings
6
CONTINUOUS
10
4.9306925196850395
20
-4.5990357874015748
11
4.9291755905511812
21
-4.5936202362204721
0
LINE
8
User.Drawings
6
CONTINUOUS
10
4.9291755905511812
20
-4.5936202362204721
11
4.9285849606299212
21
-4.5856962992125982
0
LINE
8
User.Drawings
6
CONTINUOUS
10
4.9285849606299212
20
-4.5856962992125982
11
4.9285849606299212
21
-4.5409277559055115
0
LINE
8
User.Drawings
6
CONTINUOUS
10
4.9285849606299212
20
-4.5409277559055115
11
4.9182729133858265
21
-4.5409277559055115
0
LINE
8
User.Drawings
6
CONTINUOUS
10
4.9182729133858265
20
-4.5409277559055115
11
4.9182729133858265
21
-4.5269943700787403
0
LINE
8
User.Drawings
6
CONTINUOUS
10
4.9182729133858265
20
-4.5269943700787403
11
4.9285849606299212
21
-4.5269943700787403
0
LINE
8
User.Drawings
6
CONTINUOUS
10
4.9285849606299212
20
-4.5269943700787403
11
4.9285849606299212
21
-4.5149860629921257
0
LINE
8
User.Drawings
6
CONTINUOUS
10
4.9285849606299212
20
-4.5149860629921257
11
4.9441741732283466
21
-4.5007161417322834
0
LINE
8
User.Drawings
6
CONTINUOUS
10
4.9441741732283466
20
-4.5007161417322834
11
4.9441741732283466
21
-4.5269943700787403
0
LINE
8
User.Drawings
6
CONTINUOUS
10
5.4933974803149601
20
-4.5269943700787403
11
5.5078559055118106
21
-4.5269943700787403
0
LINE
8
User.Drawings
6
CONTINUOUS
10
5.5078559055118106
20
-4.5269943700787403
11
5.5078559055118106
21
-4.5409277559055115
0
LINE
8
User.Drawings
6
CONTINUOUS
10
5.5078559055118106
20
-4.5409277559055115
11
5.4933974803149601
21
-4.5409277559055115
0
LINE
8
User.Drawings
6
CONTINUOUS
10
5.4933974803149601
20
-4.5409277559055115
11
5.4933974803149601
21
-4.5824653937007875
0
LINE
8
User.Drawings
6
CONTINUOUS
10
5.4933974803149601
20
-4.5824653937007875
11
5.4938444488188978
21
-4.5883461417322833
0
LINE
8
User.Drawings
6
CONTINUOUS
10
5.4938444488188978
20
-4.5883461417322833
11
5.494790826771653
21
-4.5908725196850391
0
LINE
8
User.Drawings
6
CONTINUOUS
10
5.494790826771653
20
-4.5908725196850391
11
5.4965675590551184
21
-4.5922636614173227
0
LINE
8
User.Drawings
6
CONTINUOUS
10
5.4965675590551184
20
-4.5922636614173227
11
5.4995699212598428
21
-4.5927909055118112
0
LINE
8
User.Drawings
6
CONTINUOUS
10
5.4995699212598428
20
-4.5927909055118112
11
5.5036869685039367
21
-4.5924372047244093
0
LINE
8
User.Drawings
6
CONTINUOUS
10
5.5036869685039367
20
-4.5924372047244093
11
5.5078559055118106
21
-4.5913571653543306
0
LINE
8
User.Drawings
6
CONTINUOUS
10
5.5078559055118106
20
-4.5913571653543306
11
5.5078559055118106
21
-4.6054453543307083
0
LINE
8
User.Drawings
6
CONTINUOUS
10
5.5078559055118106
20
-4.6054453543307083
11
5.5009222834645666
21
-4.6070959448818893
0
LINE
8
User.Drawings
6
CONTINUOUS
10
5.5009222834645666
20
-4.6070959448818893
11
5.4961841732283467
21
-4.6075522047244091
0
LINE
8
User.Drawings
6
CONTINUOUS
10
5.4961841732283467
20
-4.6075522047244091
11
5.489849133858268
21
-4.6069136220472444
0
LINE
8
User.Drawings
6
CONTINUOUS
10
5.489849133858268
20
-4.6069136220472444
11
5.4853070866141733
21
-4.6052145275590552
0
LINE
8
User.Drawings
6
CONTINUOUS
10
5.4853070866141733
20
-4.6052145275590552
11
5.4820959842519681
21
-4.6026183070866145
0
LINE
8
User.Drawings
6
CONTINUOUS
10
5.4820959842519681
20
-4.6026183070866145
11
5.4799158661417318
21
-4.5990357874015748
0
LINE
8
User.Drawings
6
CONTINUOUS
10
5.4799158661417318
20
-4.5990357874015748
11
5.4783988976377955
21
-4.5936202362204721
0
LINE
8
User.Drawings
6
CONTINUOUS
10
5.4783988976377955
20
-4.5936202362204721
11
5.4778082677165356
21
-4.5856962992125982
0
LINE
8
User.Drawings
6
CONTINUOUS
10
5.4778082677165356
20
-4.5856962992125982
11
5.4778082677165356
21
-4.5409277559055115
0
LINE
8
User.Drawings
6
CONTINUOUS
10
5.4778082677165356
20
-4.5409277559055115
11
5.4674962204724409
21
-4.5409277559055115
0
LINE
8
User.Drawings
6
CONTINUOUS
10
5.4674962204724409
20
-4.5409277559055115
11
5.4674962204724409
21
-4.5269943700787403
0
LINE
8
User.Drawings
6
CONTINUOUS
10
5.4674962204724409
20
-4.5269943700787403
11
5.4778082677165356
21
-4.5269943700787403
0
LINE
8
User.Drawings
6
CONTINUOUS
10
5.4778082677165356
20
-4.5269943700787403
11
5.4778082677165356
21
-4.5149860629921257
0
LINE
8
User.Drawings
6
CONTINUOUS
10
5.4778082677165356
20
-4.5149860629921257
11
5.4933974803149601
21
-4.5007161417322834
0
LINE
8
User.Drawings
6
CONTINUOUS
10
5.4933974803149601
20
-4.5007161417322834
11
5.4933974803149601
21
-4.5269943700787403
0
LINE
8
User.Drawings
6
CONTINUOUS
10
1.4909190157480314
20
-4.491335866141732
11
1.4972238976377952
21
-4.4928159448818894
0
LINE
8
User.Drawings
6
CONTINUOUS
10
1.4972238976377952
20
-4.4928159448818894
11
1.5025138582677164
21
-4.4951427952755907
0
LINE
8
User.Drawings
6
CONTINUOUS
10
1.5025138582677164
20
-4.4951427952755907
11
1.5072864566929134
21
-4.4983979921259838
0
LINE
8
User.Drawings
6
CONTINUOUS
10
1.5072864566929134
20
-4.4983979921259838
11
1.5110779527559055
21
-4.5021668110236224
0
LINE
8
User.Drawings
6
CONTINUOUS
10
1.5110779527559055
20
-4.5021668110236224
11
1.5139970866141732
21
-4.5064846850393696
0
LINE
8
User.Drawings
6
CONTINUOUS
10
1.5139970866141732
20
-4.5064846850393696
11
1.5161052755905511
21
-4.5112771653543309
0
LINE
8
User.Drawings
6
CONTINUOUS
10
1.5161052755905511
20
-4.5112771653543309
11
1.517371496062992
21
-4.5163284645669286
0
LINE
8
User.Drawings
6
CONTINUOUS
10
1.517371496062992
20
-4.5163284645669286
11
1.5178001574803148
21
-4.521710433070866
0
LINE
8
User.Drawings
6
CONTINUOUS
10
1.5178001574803148
20
-4.521710433070866
11
1.517238346456693
21
-4.5279407480314964
0
LINE
8
User.Drawings
6
CONTINUOUS
10
1.517238346456693
20
-4.5279407480314964
11
1.5156109448818897
21
-4.5334733070866138
0
LINE
8
User.Drawings
6
CONTINUOUS
10
1.5156109448818897
20
-4.5334733070866138
11
1.51294031496063
21
-4.5384439763779527
0
LINE
8
User.Drawings
6
CONTINUOUS
10
1.51294031496063
20
-4.5384439763779527
11
1.5093528346456693
21
-4.5429148031496061
0
LINE
8
User.Drawings
6
CONTINUOUS
10
1.5093528346456693
20
-4.5429148031496061
11
1.5037985039370079
21
-4.5482840157480311
0
LINE
8
User.Drawings
6
CONTINUOUS
10
1.5037985039370079
20
-4.5482840157480311
11
1.4957356299212599
21
-4.5547197637795271
0
LINE
8
User.Drawings
6
CONTINUOUS
10
1.4957356299212599
20
-4.5547197637795271
11
1.4885131496062991
21
-4.5601450393700782
0
LINE
8
User.Drawings
6
CONTINUOUS
10
1.4885131496062991
20
-4.5601450393700782
11
1.4746874803149606
21
-4.5711503937007869
0
LINE
8
User.Drawings
6
CONTINUOUS
10
1.4746874803149606
20
-4.5711503937007869
11
1.4701614566929133
21
-4.5756182283464568
0
LINE
8
User.Drawings
6
CONTINUOUS
10
1.4701614566929133
20
-4.5756182283464568
11
1.4663678346456692
21
-4.5804931496062995
0
LINE
8
User.Drawings
6
CONTINUOUS
10
1.4663678346456692
20
-4.5804931496062995
11
1.4634660236220471
21
-4.5858875590551182
0
LINE
8
User.Drawings
6
CONTINUOUS
10
1.4634660236220471
20
-4.5858875590551182
11
1.4616291338582676
21
-4.591949488188976
0
LINE
8
User.Drawings
6
CONTINUOUS
10
1.4616291338582676
20
-4.591949488188976
11
1.5043244881889763
21
-4.591949488188976
0
LINE
8
User.Drawings
6
CONTINUOUS
10
1.5043244881889763
20
-4.591949488188976
11
1.5050043307086614
21
-4.5657655118110236
0
LINE
8
User.Drawings
6
CONTINUOUS
10
1.5050043307086614
20
-4.5657655118110236
11
1.5187088582677164
21
-4.5657655118110236
0
LINE
8
User.Drawings
6
CONTINUOUS
10
1.5187088582677164
20
-4.5657655118110236
11
1.5178001574803148
21
-4.6062598425196848
0
LINE
8
User.Drawings
6
CONTINUOUS
10
1.5178001574803148
20
-4.6062598425196848
11
1.4451379133858266
21
-4.6062598425196848
0
LINE
8
User.Drawings
6
CONTINUOUS
10
1.4451379133858266
20
-4.6062598425196848
11
1.4457765354330709
21
-4.5971062204724404
0
LINE
8
User.Drawings
6
CONTINUOUS
10
1.4457765354330709
20
-4.5971062204724404
11
1.447399842519685
21
-4.5891362204724411
0
LINE
8
User.Drawings
6
CONTINUOUS
10
1.447399842519685
20
-4.5891362204724411
11
1.4499170078740158
21
-4.5821826771653544
0
LINE
8
User.Drawings
6
CONTINUOUS
10
1.4499170078740158
20
-4.5821826771653544
11
1.4533208661417323
21
-4.575563267716535
0
LINE
8
User.Drawings
6
CONTINUOUS
10
1.4533208661417323
20
-4.575563267716535
11
1.4570028740157479
21
-4.5699865748031492
0
LINE
8
User.Drawings
6
CONTINUOUS
10
1.4570028740157479
20
-4.5699865748031492
11
1.4609492913385826
21
-4.5653347244094489
0
LINE
8
User.Drawings
6
CONTINUOUS
10
1.4609492913385826
20
-4.5653347244094489
11
1.4677890157480316
21
-4.5588418110236217
0
LINE
8
User.Drawings
6
CONTINUOUS
10
1.4677890157480316
20
-4.5588418110236217
11
1.4763096456692912
21
-4.5519196456692912
0
LINE
8
User.Drawings
6
CONTINUOUS
10
1.4763096456692912
20
-4.5519196456692912
11
1.4875303937007873
21
-4.5434048031496062
0
LINE
8
User.Drawings
6
CONTINUOUS
10
1.4875303937007873
20
-4.5434048031496062
11
1.4944996850393701
21
-4.5376206299212596
0
LINE
8
User.Drawings
6
CONTINUOUS
10
1.4944996850393701
20
-4.5376206299212596
11
1.4983742125984252
21
-4.5330388976377956
0
LINE
8
User.Drawings
6
CONTINUOUS
10
1.4983742125984252
20
-4.5330388976377956
11
1.5006782677165353
21
-4.5280427559055116
0
LINE
8
User.Drawings
6
CONTINUOUS
10
1.5006782677165353
20
-4.5280427559055116
11
1.5014637795275589
21
-4.5222960629921261
0
LINE
8
User.Drawings
6
CONTINUOUS
10
1.5014637795275589
20
-4.5222960629921261
11
1.5008670472440944
21
-4.5168245275590548
0
LINE
8
User.Drawings
6
CONTINUOUS
10
1.5008670472440944
20
-4.5168245275590548
11
1.4992021259842518
21
-4.5124755118110231
0
LINE
8
User.Drawings
6
CONTINUOUS
10
1.4992021259842518
20
-4.5124755118110231
11
1.4965298818897637
21
-4.5089953937007872
0
LINE
8
User.Drawings
6
CONTINUOUS
10
1.4965298818897637
20
-4.5089953937007872
11
1.4929678740157479
21
-4.5064102755905511
0
LINE
8
User.Drawings
6
CONTINUOUS
10
1.4929678740157479
20
-4.5064102755905511
11
1.488521653543307
21
-4.5047909448818899
0
LINE
8
User.Drawings
6
CONTINUOUS
10
1.488521653543307
20
-4.5047909448818899
11
1.4829398031496062
21
-4.5042095669291333
0
LINE
8
User.Drawings
6
CONTINUOUS
10
1.4829398031496062
20
-4.5042095669291333
11
1.4773883858267716
21
-4.5046960236220475
0
LINE
8
User.Drawings
6
CONTINUOUS
10
1.4773883858267716
20
-4.5046960236220475
11
1.4731272440944883
21
-4.5060189763779528
0
LINE
8
User.Drawings
6
CONTINUOUS
10
1.4731272440944883
20
-4.5060189763779528
11
1.4698714173228347
21
-4.5080576377952752
0
LINE
8
User.Drawings
6
CONTINUOUS
10
1.4698714173228347
20
-4.5080576377952752
11
1.4674246062992127
21
-4.5108127952755908
0
LINE
8
User.Drawings
6
CONTINUOUS
10
1.4674246062992127
20
-4.5108127952755908
11
1.4651895275590552
21
-4.5154514173228346
0
LINE
8
User.Drawings
6
CONTINUOUS
10
1.4651895275590552
20
-4.5154514173228346
11
1.4636470078740158
21
-4.5220758267716539
0
LINE
8
User.Drawings
6
CONTINUOUS
10
1.4636470078740158
20
-4.5220758267716539
11
1.4630561023622046
21
-4.5313090157480316
0
LINE
8
User.Drawings
6
CONTINUOUS
10
1.4630561023622046
20
-4.5313090157480316
11
1.4630561023622046
21
-4.5351793700787404
0
LINE
8
User.Drawings
6
CONTINUOUS
10
1.4630561023622046
20
-4.5351793700787404
11
1.4480726771653543
21
-4.5351793700787404
0
LINE
8
User.Drawings
6
CONTINUOUS
10
1.4480726771653543
20
-4.5351793700787404
11
1.4480726771653543
21
-4.5307907086614172
0
LINE
8
User.Drawings
6
CONTINUOUS
10
1.4480726771653543
20
-4.5307907086614172
11
1.4486479133858268
21
-4.521572007874016
0
LINE
8
User.Drawings
6
CONTINUOUS
10
1.4486479133858268
20
-4.521572007874016
11
1.4502503937007873
21
-4.5139178346456692
0
LINE
8
User.Drawings
6
CONTINUOUS
10
1.4502503937007873
20
-4.5139178346456692
11
1.4527424803149607
21
-4.5075709842519682
0
LINE
8
User.Drawings
6
CONTINUOUS
10
1.4527424803149607
20
-4.5075709842519682
11
1.4560557874015747
21
-4.5023181496062987
0
LINE
8
User.Drawings
6
CONTINUOUS
10
1.4560557874015747
20
-4.5023181496062987
11
1.459511653543307
21
-4.4986856299212601
0
LINE
8
User.Drawings
6
CONTINUOUS
10
1.459511653543307
20
-4.4986856299212601
11
1.463313464566929
21
-4.495801299212598
0
LINE
8
User.Drawings
6
CONTINUOUS
10
1.463313464566929
20
-4.495801299212598
11
1.4674986614173229
21
-4.4936081102362202
0
LINE
8
User.Drawings
6
CONTINUOUS
10
1.4674986614173229
20
-4.4936081102362202
11
1.4745304724409449
21
-4.4915540157480311
0
LINE
8
User.Drawings
6
CONTINUOUS
10
1.4745304724409449
20
-4.4915540157480311
11
1.4833907874015748
21
-4.4908079527559055
0
LINE
8
User.Drawings
6
CONTINUOUS
10
1.4833907874015748
20
-4.4908079527559055
11
1.4909190157480314
21
-4.491335866141732
0
LINE
8
User.Drawings
6
CONTINUOUS
10
1.8885476377952755
20
-4.5071174015748028
11
1.8762027952755904
21
-4.5071174015748028
0
LINE
8
User.Drawings
6
CONTINUOUS
10
1.8762027952755904
20
-4.5071174015748028
11
1.8762027952755904
21
-4.5921043307086613
0
LINE
8
User.Drawings
6
CONTINUOUS
10
1.8762027952755904
20
-4.5921043307086613
11
1.8885476377952755
21
-4.5921043307086613
0
LINE
8
User.Drawings
6
CONTINUOUS
10
1.8885476377952755
20
-4.5921043307086613
11
1.8885476377952755
21
-4.6062598425196848
0
LINE
8
User.Drawings
6
CONTINUOUS
10
1.8885476377952755
20
-4.6062598425196848
11
1.8467542125984251
21
-4.6062598425196848
0
LINE
8
User.Drawings
6
CONTINUOUS
10
1.8467542125984251
20
-4.6062598425196848
11
1.8467542125984251
21
-4.5921043307086613
0
LINE
8
User.Drawings
6
CONTINUOUS
10
1.8467542125984251
20
-4.5921043307086613
11
1.8590317322834646
21
-4.5921043307086613
0
LINE
8
User.Drawings
6
CONTINUOUS
10
1.8590317322834646
20
-4.5921043307086613
11
1.8590317322834646
21
-4.5071174015748028
0
LINE
8
User.Drawings
6
CONTINUOUS
10
1.8590317322834646
20
-4.5071174015748028
11
1.8467542125984251
21
-4.5071174015748028
0
LINE
8
User.Drawings
6
CONTINUOUS
10
1.8467542125984251
20
-4.5071174015748028
11
1.8467542125984251
21
-4.4929619291338581
0
LINE
8
User.Drawings
6
CONTINUOUS
10
1.8467542125984251
20
-4.4929619291338581
11
1.8885476377952755
21
-4.4929619291338581
0
LINE
8
User.Drawings
6
CONTINUOUS
10
1.8885476377952755
20
-4.4929619291338581
11
1.8885476377952755
21
-4.5071174015748028
0
LINE
8
User.Drawings
6
CONTINUOUS
10
1.9593118110236221
20
-4.5265947244094491
11
1.9635525196850394
21
-4.527878976377953
0
LINE
8
User.Drawings
6
CONTINUOUS
10
1.9635525196850394
20
-4.527878976377953
11
1.9669872440944882
21
-4.529901692913386
0
LINE
8
User.Drawings
6
CONTINUOUS
10
1.9669872440944882
20
-4.529901692913386
11
1.9697583858267715
21
-4.5326754330708656
0
LINE
8
User.Drawings
6
CONTINUOUS
10
1.9697583858267715
20
-4.5326754330708656
11
1.9723814173228347
21
-4.5373353149606297
0
LINE
8
User.Drawings
6
CONTINUOUS
10
1.9723814173228347
20
-4.5373353149606297
11
1.9741626771653542
21
-4.5439256692913386
0
LINE
8
User.Drawings
6
CONTINUOUS
10
1.9741626771653542
20
-4.5439256692913386
11
1.9748403543307087
21
-4.5530639370078738
0
LINE
8
User.Drawings
6
CONTINUOUS
10
1.9748403543307087
20
-4.5530639370078738
11
1.9748403543307087
21
-4.5924004724409446
0
LINE
8
User.Drawings
6
CONTINUOUS
10
1.9748403543307087
20
-4.5924004724409446
11
1.9880938976377953
21
-4.5924004724409446
0
LINE
8
User.Drawings
6
CONTINUOUS
10
1.9880938976377953
20
-4.5924004724409446
11
1.9880938976377953
21
-4.6062598425196848
0
LINE
8
User.Drawings
6
CONTINUOUS
10
1.9880938976377953
20
-4.6062598425196848
11
1.959257874015748
21
-4.6062598425196848
0
LINE
8
User.Drawings
6
CONTINUOUS
10
1.959257874015748
20
-4.6062598425196848
11
1.959257874015748
21
-4.554053385826772
0
LINE
8
User.Drawings
6
CONTINUOUS
10
1.959257874015748
20
-4.554053385826772
11
1.9586232283464566
21
-4.5472042913385824
0
LINE
8
User.Drawings
6
CONTINUOUS
10
1.9586232283464566
20
-4.5472042913385824
11
1.9571106299212597
21
-4.5433778740157482
0
LINE
8
User.Drawings
6
CONTINUOUS
10
1.9571106299212597
20
-4.5433778740157482
11
1.9554395669291338
21
-4.5416259842519686
0
LINE
8
User.Drawings
6
CONTINUOUS
10
1.9554395669291338
20
-4.5416259842519686
11
1.953161968503937
21
-4.5405376771653545
0
LINE
8
User.Drawings
6
CONTINUOUS
10
1.953161968503937
20
-4.5405376771653545
11
1.9500698818897637
21
-4.5401401968503938
0
LINE
8
User.Drawings
6
CONTINUOUS
10
1.9500698818897637
20
-4.5401401968503938
11
1.9451762598425197
21
-4.5406762992125982
0
LINE
8
User.Drawings
6
CONTINUOUS
10
1.9451762598425197
20
-4.5406762992125982
11
1.9397517322834645
21
-4.5423921259842519
0
LINE
8
User.Drawings
6
CONTINUOUS
10
1.9397517322834645
20
-4.5423921259842519
11
1.9336500787401574
21
-4.5455179921259843
0
LINE
8
User.Drawings
6
CONTINUOUS
10
1.9336500787401574
20
-4.5455179921259843
11
1.9267264566929134
21
-4.5503647637795277
0
LINE
8
User.Drawings
6
CONTINUOUS
10
1.9267264566929134
20
-4.5503647637795277
11
1.9267264566929134
21
-4.5924004724409446
0
LINE
8
User.Drawings
6
CONTINUOUS
10
1.9267264566929134
20
-4.5924004724409446
11
1.9403501968503936
21
-4.5924004724409446
0
LINE
8
User.Drawings
6
CONTINUOUS
10
1.9403501968503936
20
-4.5924004724409446
11
1.9403501968503936
21
-4.6062598425196848
0
LINE
8
User.Drawings
6
CONTINUOUS
10
1.9403501968503936
20
-4.6062598425196848
11
1.8974326771653542
21
-4.6062598425196848
0
LINE
8
User.Drawings
6
CONTINUOUS
10
1.8974326771653542
20
-4.6062598425196848
11
1.8974326771653542
21
-4.5924004724409446
0
LINE
8
User.Drawings
6
CONTINUOUS
10
1.8974326771653542
20
-4.5924004724409446
11
1.9113593307086614
21
-4.5924004724409446
0
LINE
8
User.Drawings
6
CONTINUOUS
10
1.9113593307086614
20
-4.5924004724409446
11
1.9113593307086614
21
-4.5409277559055115
0
LINE
8
User.Drawings
6
CONTINUOUS
10
1.9113593307086614
20
-4.5409277559055115
11
1.8974326771653542
21
-4.5409277559055115
0
LINE
8
User.Drawings
6
CONTINUOUS
10
1.8974326771653542
20
-4.5409277559055115
11
1.8974326771653542
21
-4.5269943700787403
0
LINE
8
User.Drawings
6
CONTINUOUS
10
1.8974326771653542
20
-4.5269943700787403
11
1.9267264566929134
21
-4.5269943700787403
0
LINE
8
User.Drawings
6
CONTINUOUS
10
1.9267264566929134
20
-4.5269943700787403
11
1.9267264566929134
21
-4.5367409842519688
0
LINE
8
User.Drawings
6
CONTINUOUS
10
1.9267264566929134
20
-4.5367409842519688
11
1.9343969685039371
21
-4.5318139370078736
0
LINE
8
User.Drawings
6
CONTINUOUS
10
1.9343969685039371
20
-4.5318139370078736
11
1.9414318503937007
21
-4.5285547637795274
0
LINE
8
User.Drawings
6
CONTINUOUS
10
1.9414318503937007
20
-4.5285547637795274
11
1.947946496062992
21
-4.52671905511811
0
LINE
8
User.Drawings
6
CONTINUOUS
10
1.947946496062992
20
-4.52671905511811
11
1.9540614566929133
21
-4.5261327952755908
0
LINE
8
User.Drawings
6
CONTINUOUS
10
1.9540614566929133
20
-4.5261327952755908
11
1.9593118110236221
21
-4.5265947244094491
0
LINE
8
User.Drawings
6
CONTINUOUS
10
2.1858805905511809
20
-4.5418701181102366
11
2.1824881102362204
21
-4.5418701181102366
0
LINE
8
User.Drawings
6
CONTINUOUS
10
2.1824881102362204
20
-4.5418701181102366
11
2.1740338582677166
21
-4.5423211417322831
0
LINE
8
User.Drawings
6
CONTINUOUS
10
2.1740338582677166
20
-4.5423211417322831
11
2.1679384645669293
21
-4.5434963779527555
0
LINE
8
User.Drawings
6
CONTINUOUS
10
2.1679384645669293
20
-4.5434963779527555
11
2.163661220472441
21
-4.545181811023622
0
LINE
8
User.Drawings
6
CONTINUOUS
10
2.163661220472441
20
-4.545181811023622
11
2.1599905511811022
21
-4.5477801181102357
0
LINE
8
User.Drawings
6
CONTINUOUS
10
2.1599905511811022
20
-4.5477801181102357
11
2.1572985826771651
21
-4.551075787401575
0
LINE
8
User.Drawings
6
CONTINUOUS
10
2.1572985826771651
20
-4.551075787401575
11
2.1554896850393699
21
-4.5551842125984248
0
LINE
8
User.Drawings
6
CONTINUOUS
10
2.1554896850393699
20
-4.5551842125984248
11
2.1540753937007873
21
-4.5626209842519687
0
LINE
8
User.Drawings
6
CONTINUOUS
10
2.1540753937007873
20
-4.5626209842519687
11
2.1534972834645667
21
-4.5745024803149601
0
LINE
8
User.Drawings
6
CONTINUOUS
10
2.1534972834645667
20
-4.5745024803149601
11
2.1534972834645667
21
-4.5924004724409446
0
LINE
8
User.Drawings
6
CONTINUOUS
10
2.1534972834645667
20
-4.5924004724409446
11
2.1707423622047242
21
-4.5924004724409446
0
LINE
8
User.Drawings
6
CONTINUOUS
10
2.1707423622047242
20
-4.5924004724409446
11
2.1707423622047242
21
-4.6062598425196848
0
LINE
8
User.Drawings
6
CONTINUOUS
10
2.1707423622047242
20
-4.6062598425196848
11
2.1221707086614172
21
-4.6062598425196848
0
LINE
8
User.Drawings
6
CONTINUOUS
10
2.1221707086614172
20
-4.6062598425196848
11
2.1221707086614172
21
-4.5924004724409446
0
LINE
8
User.Drawings
6
CONTINUOUS
10
2.1221707086614172
20
-4.5924004724409446
11
2.1380628346456692
21
-4.5924004724409446
0
LINE
8
User.Drawings
6
CONTINUOUS
10
2.1380628346456692
20
-4.5924004724409446
11
2.1380628346456692
21
-4.5409277559055115
0
LINE
8
User.Drawings
6
CONTINUOUS
10
2.1380628346456692
20
-4.5409277559055115
11
2.1221707086614172
21
-4.5409277559055115
0
LINE
8
User.Drawings
6
CONTINUOUS
10
2.1221707086614172
20
-4.5409277559055115
11
2.1221707086614172
21
-4.5269943700787403
0
LINE
8
User.Drawings
6
CONTINUOUS
10
2.1221707086614172
20
-4.5269943700787403
11
2.1504144094488189
21
-4.5269943700787403
0
LINE
8
User.Drawings
6
CONTINUOUS
10
2.1504144094488189
20
-4.5269943700787403
11
2.1504144094488189
21
-4.5450942913385823
0
LINE
8
User.Drawings
6
CONTINUOUS
10
2.1504144094488189
20
-4.5450942913385823
11
2.1540713385826771
21
-4.5383758267716532
0
LINE
8
User.Drawings
6
CONTINUOUS
10
2.1540713385826771
20
-4.5383758267716532
11
2.1580017322834646
21
-4.5335716141732281
0
LINE
8
User.Drawings
6
CONTINUOUS
10
2.1580017322834646
20
-4.5335716141732281
11
2.1622005905511812
21
-4.5303127952755906
0
LINE
8
User.Drawings
6
CONTINUOUS
10
2.1622005905511812
20
-4.5303127952755906
11
2.1670888188976378
21
-4.5281420866141735
0
LINE
8
User.Drawings
6
CONTINUOUS
10
2.1670888188976378
20
-4.5281420866141735
11
2.1736521259842521
21
-4.5266803149606298
0
LINE
8
User.Drawings
6
CONTINUOUS
10
2.1736521259842521
20
-4.5266803149606298
11
2.1823400393700787
21
-4.5261327952755908
0
LINE
8
User.Drawings
6
CONTINUOUS
10
2.1823400393700787
20
-4.5261327952755908
11
2.1858805905511809
21
-4.5261327952755908
0
LINE
8
User.Drawings
6
CONTINUOUS
10
2.1858805905511809
20
-4.5261327952755908
11
2.1858805905511809
21
-4.5418701181102366
0
LINE
8
User.Drawings
6
CONTINUOUS
10
2.2230968503937008
20
-4.6062598425196848
11
2.2029910629921261
21
-4.6062598425196848
0
LINE
8
User.Drawings
6
CONTINUOUS
10
2.2029910629921261
20
-4.6062598425196848
11
2.2029910629921261
21
-4.5860126771653542
0
LINE
8
User.Drawings
6
CONTINUOUS
10
2.2029910629921261
20
-4.5860126771653542
11
2.2230968503937008
21
-4.5860126771653542
0
LINE
8
User.Drawings
6
CONTINUOUS
10
2.2230968503937008
20
-4.5860126771653542
11
2.2230968503937008
21
-4.6062598425196848
0
LINE
8
User.Drawings
6
CONTINUOUS
10
2.7409190157480317
20
-4.491335866141732
11
2.7472238976377952
21
-4.4928159448818894
0
LINE
8
User.Drawings
6
CONTINUOUS
10
2.7472238976377952
20
-4.4928159448818894
11
2.7525138582677164
21
-4.4951427952755907
0
LINE
8
User.Drawings
6
CONTINUOUS
10
2.7525138582677164
20
-4.4951427952755907
11
2.7572864566929134
21
-4.4983979921259838
0
LINE
8
User.Drawings
6
CONTINUOUS
10
2.7572864566929134
20
-4.4983979921259838
11
2.7610779527559055
21
-4.5021668110236224
0
LINE
8
User.Drawings
6
CONTINUOUS
10
2.7610779527559055
20
-4.5021668110236224
11
2.763997086614173
21
-4.5064846850393696
0
LINE
8
User.Drawings
6
CONTINUOUS
10
2.763997086614173
20
-4.5064846850393696
11
2.7661052755905513
21
-4.5112771653543309
0
LINE
8
User.Drawings
6
CONTINUOUS
10
2.7661052755905513
20
-4.5112771653543309
11
2.7673714960629923
21
-4.5163284645669286
0
LINE
8
User.Drawings
6
CONTINUOUS
10
2.7673714960629923
20
-4.5163284645669286
11
2.7678001574803148
21
-4.521710433070866
0
LINE
8
User.Drawings
6
CONTINUOUS
10
2.7678001574803148
20
-4.521710433070866
11
2.767238346456693
21
-4.5279407480314964
0
LINE
8
User.Drawings
6
CONTINUOUS
10
2.767238346456693
20
-4.5279407480314964
11
2.7656109448818897
21
-4.5334733070866138
0
LINE
8
User.Drawings
6
CONTINUOUS
10
2.7656109448818897
20
-4.5334733070866138
11
2.76294031496063
21
-4.5384439763779527
0
LINE
8
User.Drawings
6
CONTINUOUS
10
2.76294031496063
20
-4.5384439763779527
11
2.7593528346456693
21
-4.5429148031496061
0
LINE
8
User.Drawings
6
CONTINUOUS
10
2.7593528346456693
20
-4.5429148031496061
11
2.7537985039370079
21
-4.5482840157480311
0
LINE
8
User.Drawings
6
CONTINUOUS
10
2.7537985039370079
20
-4.5482840157480311
11
2.7457356299212599
21
-4.5547197637795271
0
LINE
8
User.Drawings
6
CONTINUOUS
10
2.7457356299212599
20
-4.5547197637795271
11
2.7385131496062991
21
-4.5601450393700782
0
LINE
8
User.Drawings
6
CONTINUOUS
10
2.7385131496062991
20
-4.5601450393700782
11
2.7246874803149606
21
-4.5711503937007869
0
LINE
8
User.Drawings
6
CONTINUOUS
10
2.7246874803149606
20
-4.5711503937007869
11
2.7201614566929133
21
-4.5756182283464568
0
LINE
8
User.Drawings
6
CONTINUOUS
10
2.7201614566929133
20
-4.5756182283464568
11
2.7163678346456694
21
-4.5804931496062995
0
LINE
8
User.Drawings
6
CONTINUOUS
10
2.7163678346456694
20
-4.5804931496062995
11
2.7134660236220474
21
-4.5858875590551182
0
LINE
8
User.Drawings
6
CONTINUOUS
10
2.7134660236220474
20
-4.5858875590551182
11
2.7116291338582679
21
-4.591949488188976
0
LINE
8
User.Drawings
6
CONTINUOUS
10
2.7116291338582679
20
-4.591949488188976
11
2.7543244881889763
21
-4.591949488188976
0
LINE
8
User.Drawings
6
CONTINUOUS
10
2.7543244881889763
20
-4.591949488188976
11
2.7550043307086614
21
-4.5657655118110236
0
LINE
8
User.Drawings
6
CONTINUOUS
10
2.7550043307086614
20
-4.5657655118110236
11
2.7687088582677166
21
-4.5657655118110236
0
LINE
8
User.Drawings
6
CONTINUOUS
10
2.7687088582677166
20
-4.5657655118110236
11
2.7678001574803148
21
-4.6062598425196848
0
LINE
8
User.Drawings
6
CONTINUOUS
10
2.7678001574803148
20
-4.6062598425196848
11
2.6951379133858269
21
-4.6062598425196848
0
LINE
8
User.Drawings
6
CONTINUOUS
10
2.6951379133858269
20
-4.6062598425196848
11
2.6957765354330707
21
-4.5971062204724404
0
LINE
8
User.Drawings
6
CONTINUOUS
10
2.6957765354330707
20
-4.5971062204724404
11
2.697399842519685
21
-4.5891362204724411
0
LINE
8
User.Drawings
6
CONTINUOUS
10
2.697399842519685
20
-4.5891362204724411
11
2.6999170078740158
21
-4.5821826771653544
0
LINE
8
User.Drawings
6
CONTINUOUS
10
2.6999170078740158
20
-4.5821826771653544
11
2.7033208661417323
21
-4.575563267716535
0
LINE
8
User.Drawings
6
CONTINUOUS
10
2.7033208661417323
20
-4.575563267716535
11
2.7070028740157479
21
-4.5699865748031492
0
LINE
8
User.Drawings
6
CONTINUOUS
10
2.7070028740157479
20
-4.5699865748031492
11
2.7109492913385824
21
-4.5653347244094489
0
LINE
8
User.Drawings
6
CONTINUOUS
10
2.7109492913385824
20
-4.5653347244094489
11
2.7177890157480316
21
-4.5588418110236217
0
LINE
8
User.Drawings
6
CONTINUOUS
10
2.7177890157480316
20
-4.5588418110236217
11
2.7263096456692915
21
-4.5519196456692912
0
LINE
8
User.Drawings
6
CONTINUOUS
10
2.7263096456692915
20
-4.5519196456692912
11
2.7375303937007875
21
-4.5434048031496062
0
LINE
8
User.Drawings
6
CONTINUOUS
10
2.7375303937007875
20
-4.5434048031496062
11
2.7444996850393699
21
-4.5376206299212596
0
LINE
8
User.Drawings
6
CONTINUOUS
10
2.7444996850393699
20
-4.5376206299212596
11
2.7483742125984252
21
-4.5330388976377956
0
LINE
8
User.Drawings
6
CONTINUOUS
10
2.7483742125984252
20
-4.5330388976377956
11
2.7506782677165353
21
-4.5280427559055116
0
LINE
8
User.Drawings
6
CONTINUOUS
10
2.7506782677165353
20
-4.5280427559055116
11
2.7514637795275592
21
-4.5222960629921261
0
LINE
8
User.Drawings
6
CONTINUOUS
10
2.7514637795275592
20
-4.5222960629921261
11
2.7508670472440944
21
-4.5168245275590548
0
LINE
8
User.Drawings
6
CONTINUOUS
10
2.7508670472440944
20
-4.5168245275590548
11
2.7492021259842518
21
-4.5124755118110231
0
LINE
8
User.Drawings
6
CONTINUOUS
10
2.7492021259842518
20
-4.5124755118110231
11
2.7465298818897637
21
-4.5089953937007872
0
LINE
8
User.Drawings
6
CONTINUOUS
10
2.7465298818897637
20
-4.5089953937007872
11
2.7429678740157479
21
-4.5064102755905511
0
LINE
8
User.Drawings
6
CONTINUOUS
10
2.7429678740157479
20
-4.5064102755905511
11
2.738521653543307
21
-4.5047909448818899
0
LINE
8
User.Drawings
6
CONTINUOUS
10
2.738521653543307
20
-4.5047909448818899
11
2.7329398031496064
21
-4.5042095669291333
0
LINE
8
User.Drawings
6
CONTINUOUS
10
2.7329398031496064
20
-4.5042095669291333
11
2.7273883858267718
21
-4.5046960236220475
0
LINE
8
User.Drawings
6
CONTINUOUS
10
2.7273883858267718
20
-4.5046960236220475
11
2.723127244094488
21
-4.5060189763779528
0
LINE
8
User.Drawings
6
CONTINUOUS
10
2.723127244094488
20
-4.5060189763779528
11
2.7198714173228344
21
-4.5080576377952752
0
LINE
8
User.Drawings
6
CONTINUOUS
10
2.7198714173228344
20
-4.5080576377952752
11
2.7174246062992125
21
-4.5108127952755908
0
LINE
8
User.Drawings
6
CONTINUOUS
10
2.7174246062992125
20
-4.5108127952755908
11
2.7151895275590552
21
-4.5154514173228346
0
LINE
8
User.Drawings
6
CONTINUOUS
10
2.7151895275590552
20
-4.5154514173228346
11
2.7136470078740156
21
-4.5220758267716539
0
LINE
8
User.Drawings
6
CONTINUOUS
10
2.7136470078740156
20
-4.5220758267716539
11
2.7130561023622048
21
-4.5313090157480316
0
LINE
8
User.Drawings
6
CONTINUOUS
10
2.7130561023622048
20
-4.5313090157480316
11
2.7130561023622048
21
-4.5351793700787404
0
LINE
8
User.Drawings
6
CONTINUOUS
10
2.7130561023622048
20
-4.5351793700787404
11
2.6980726771653543
21
-4.5351793700787404
0
LINE
8
User.Drawings
6
CONTINUOUS
10
2.6980726771653543
20
-4.5351793700787404
11
2.6980726771653543
21
-4.5307907086614172
0
LINE
8
User.Drawings
6
CONTINUOUS
10
2.6980726771653543
20
-4.5307907086614172
11
2.6986479133858268
21
-4.521572007874016
0
LINE
8
User.Drawings
6
CONTINUOUS
10
2.6986479133858268
20
-4.521572007874016
11
2.7002503937007871
21
-4.5139178346456692
0
LINE
8
User.Drawings
6
CONTINUOUS
10
2.7002503937007871
20
-4.5139178346456692
11
2.7027424803149604
21
-4.5075709842519682
0
LINE
8
User.Drawings
6
CONTINUOUS
10
2.7027424803149604
20
-4.5075709842519682
11
2.7060557874015747
21
-4.5023181496062987
0
LINE
8
User.Drawings
6
CONTINUOUS
10
2.7060557874015747
20
-4.5023181496062987
11
2.709511653543307
21
-4.4986856299212601
0
LINE
8
User.Drawings
6
CONTINUOUS
10
2.709511653543307
20
-4.4986856299212601
11
2.7133134645669292
21
-4.495801299212598
0
LINE
8
User.Drawings
6
CONTINUOUS
10
2.7133134645669292
20
-4.495801299212598
11
2.7174986614173227
21
-4.4936081102362202
0
LINE
8
User.Drawings
6
CONTINUOUS
10
2.7174986614173227
20
-4.4936081102362202
11
2.7245304724409447
21
-4.4915540157480311
0
LINE
8
User.Drawings
6
CONTINUOUS
10
2.7245304724409447
20
-4.4915540157480311
11
2.7333907874015746
21
-4.4908079527559055
0
LINE
8
User.Drawings
6
CONTINUOUS
10
2.7333907874015746
20
-4.4908079527559055
11
2.7409190157480317
21
-4.491335866141732
0
LINE
8
User.Drawings
6
CONTINUOUS
10
2.8811153149606299
20
-4.4935266535433067
11
2.8898516535433072
21
-4.4950392913385828
0
LINE
8
User.Drawings
6
CONTINUOUS
10
2.8898516535433072
20
-4.4950392913385828
11
2.8964572834645668
21
-4.4972749212598426
0
LINE
8
User.Drawings
6
CONTINUOUS
10
2.8964572834645668
20
-4.4972749212598426
11
2.901365433070866
21
-4.5000834251968502
0
LINE
8
User.Drawings
6
CONTINUOUS
10
2.901365433070866
20
-4.5000834251968502
11
2.9054919685039371
21
-4.5039992519685041
0
LINE
8
User.Drawings
6
CONTINUOUS
10
2.9054919685039371
20
-4.5039992519685041
11
2.9084932283464564
21
-4.5088933070866144
0
LINE
8
User.Drawings
6
CONTINUOUS
10
2.9084932283464564
20
-4.5088933070866144
11
2.910398661417323
21
-4.5149766141732286
0
LINE
8
User.Drawings
6
CONTINUOUS
10
2.910398661417323
20
-4.5149766141732286
11
2.9110851574803149
21
-4.5225585826771653
0
LINE
8
User.Drawings
6
CONTINUOUS
10
2.9110851574803149
20
-4.5225585826771653
11
2.9103638582677163
21
-4.5295758267716533
0
LINE
8
User.Drawings
6
CONTINUOUS
10
2.9103638582677163
20
-4.5295758267716533
11
2.9082948818897636
21
-4.5355879921259845
0
LINE
8
User.Drawings
6
CONTINUOUS
10
2.9082948818897636
20
-4.5355879921259845
11
2.9049059842519682
21
-4.5408065748031499
0
LINE
8
User.Drawings
6
CONTINUOUS
10
2.9049059842519682
20
-4.5408065748031499
11
2.9003773622047242
21
-4.5451147244094487
0
LINE
8
User.Drawings
6
CONTINUOUS
10
2.9003773622047242
20
-4.5451147244094487
11
2.8947026377952754
21
-4.5485025984251966
0
LINE
8
User.Drawings
6
CONTINUOUS
10
2.8947026377952754
20
-4.5485025984251966
11
2.8876609055118108
21
-4.5509570866141731
0
LINE
8
User.Drawings
6
CONTINUOUS
10
2.8876609055118108
20
-4.5509570866141731
11
2.9076926771653544
21
-4.5921043307086613
0
LINE
8
User.Drawings
6
CONTINUOUS
10
2.9076926771653544
20
-4.5921043307086613
11
2.9215520078740158
21
-4.5921043307086613
0
LINE
8
User.Drawings
6
CONTINUOUS
10
2.9215520078740158
20
-4.5921043307086613
11
2.9215520078740158
21
-4.6062598425196848
0
LINE
8
User.Drawings
6
CONTINUOUS
10
2.9215520078740158
20
-4.6062598425196848
11
2.8960949606299211
21
-4.6062598425196848
0
LINE
8
User.Drawings
6
CONTINUOUS
10
2.8960949606299211
20
-4.6062598425196848
11
2.8710216141732281
21
-4.5532860629921261
0
LINE
8
User.Drawings
6
CONTINUOUS
10
2.8710216141732281
20
-4.5532860629921261
11
2.8551294881889762
21
-4.5532860629921261
0
LINE
8
User.Drawings
6
CONTINUOUS
10
2.8551294881889762
20
-4.5532860629921261
11
2.8551294881889762
21
-4.5921043307086613
0
LINE
8
User.Drawings
6
CONTINUOUS
10
2.8551294881889762
20
-4.5921043307086613
11
2.8695879133858266
21
-4.5921043307086613
0
LINE
8
User.Drawings
6
CONTINUOUS
10
2.8695879133858266
20
-4.5921043307086613
11
2.8695879133858266
21
-4.6062598425196848
0
LINE
8
User.Drawings
6
CONTINUOUS
10
2.8695879133858266
20
-4.6062598425196848
11
2.8225980708661416
21
-4.6062598425196848
0
LINE
8
User.Drawings
6
CONTINUOUS
10
2.8225980708661416
20
-4.6062598425196848
11
2.8225980708661416
21
-4.5921043307086613
0
LINE
8
User.Drawings
6
CONTINUOUS
10
2.8225980708661416
20
-4.5921043307086613
11
2.8379651968503938
21
-4.5921043307086613
0
LINE
8
User.Drawings
6
CONTINUOUS
10
2.8379651968503938
20
-4.5921043307086613
11
2.8379651968503938
21
-4.539056496062992
0
LINE
8
User.Drawings
6
CONTINUOUS
10
2.8379651968503938
20
-4.539056496062992
11
2.8379651968503938
21
-4.5071174015748028
0
LINE
8
User.Drawings
6
CONTINUOUS
10
2.8379651968503938
20
-4.5071174015748028
11
2.8225980708661416
21
-4.5071174015748028
0
LINE
8
User.Drawings
6
CONTINUOUS
10
2.8225980708661416
20
-4.5071174015748028
11
2.8225980708661416
21
-4.4929619291338581
0
LINE
8
User.Drawings
6
CONTINUOUS
10
2.8225980708661416
20
-4.4929619291338581
11
2.8697427165354332
21
-4.4929619291338581
0
LINE
8
User.Drawings
6
CONTINUOUS
10
2.8697427165354332
20
-4.4929619291338581
11
2.8811153149606299
21
-4.4935266535433067
0
LINE
8
User.Drawings
6
CONTINUOUS
10
2.8551294881889762
20
-4.539056496062992
11
2.8716207086614172
21
-4.539056496062992
0
LINE
8
User.Drawings
6
CONTINUOUS
10
2.8716207086614172
20
-4.539056496062992
11
2.8789507874015747
21
-4.5385482677165356
0
LINE
8
User.Drawings
6
CONTINUOUS
10
2.8789507874015747
20
-4.5385482677165356
11
2.8842638582677163
21
-4.537212401574803
0
LINE
8
User.Drawings
6
CONTINUOUS
10
2.8842638582677163
20
-4.537212401574803
11
2.8880378346456692
21
-4.5352534251968502
0
LINE
8
User.Drawings
6
CONTINUOUS
10
2.8880378346456692
20
-4.5352534251968502
11
2.8908866929133858
21
-4.5323080708661418
0
LINE
8
User.Drawings
6
CONTINUOUS
10
2.8908866929133858
20
-4.5323080708661418
11
2.8927093307086613
21
-4.5281273228346457
0
LINE
8
User.Drawings
6
CONTINUOUS
10
2.8927093307086613
20
-4.5281273228346457
11
2.8933890944881888
21
-4.5222691338582672
0
LINE
8
User.Drawings
6
CONTINUOUS
10
2.8933890944881888
20
-4.5222691338582672
11
2.892778188976378
21
-4.5172872047244095
0
LINE
8
User.Drawings
6
CONTINUOUS
10
2.892778188976378
20
-4.5172872047244095
11
2.8911017322834645
21
-4.5135592519685037
0
LINE
8
User.Drawings
6
CONTINUOUS
10
2.8911017322834645
20
-4.5135592519685037
11
2.8884148031496064
21
-4.510772401574803
0
LINE
8
User.Drawings
6
CONTINUOUS
10
2.8884148031496064
20
-4.510772401574803
11
2.88489031496063
21
-4.5089000787401572
0
LINE
8
User.Drawings
6
CONTINUOUS
10
2.88489031496063
20
-4.5089000787401572
11
2.8798136614173226
21
-4.507611692913386
0
LINE
8
User.Drawings
6
CONTINUOUS
10
2.8798136614173226
20
-4.507611692913386
11
2.8726774803149606
21
-4.5071174015748028
0
LINE
8
User.Drawings
6
CONTINUOUS
10
2.8726774803149606
20
-4.5071174015748028
11
2.8551294881889762
21
-4.5071174015748028
0
LINE
8
User.Drawings
6
CONTINUOUS
10
2.8551294881889762
20
-4.5071174015748028
11
2.8551294881889762
21
-4.539056496062992
0
LINE
8
User.Drawings
6
CONTINUOUS
10
3.352033779527559
20
-4.4935266535433067
11
3.360770157480315
21
-4.4950392913385828
0
LINE
8
User.Drawings
6
CONTINUOUS
10
3.360770157480315
20
-4.4950392913385828
11
3.3673757874015746
21
-4.4972749212598426
0
LINE
8
User.Drawings
6
CONTINUOUS
10
3.3673757874015746
20
-4.4972749212598426
11
3.3722838976377951
21
-4.5000834251968502
0
LINE
8
User.Drawings
6
CONTINUOUS
10
3.3722838976377951
20
-4.5000834251968502
11
3.3764104330708662
21
-4.5039992519685041
0
LINE
8
User.Drawings
6
CONTINUOUS
10
3.3764104330708662
20
-4.5039992519685041
11
3.3794117322834647
21
-4.5088933070866144
0
LINE
8
User.Drawings
6
CONTINUOUS
10
3.3794117322834647
20
-4.5088933070866144
11
3.381317125984252
21
-4.5149766141732286
0
LINE
8
User.Drawings
6
CONTINUOUS
10
3.381317125984252
20
-4.5149766141732286
11
3.382003622047244
21
-4.5225585826771653
0
LINE
8
User.Drawings
6
CONTINUOUS
10
3.382003622047244
20
-4.5225585826771653
11
3.3812823228346458
21
-4.5295758267716533
0
LINE
8
User.Drawings
6
CONTINUOUS
10
3.3812823228346458
20
-4.5295758267716533
11
3.3792133464566927
21
-4.5355879921259845
0
LINE
8
User.Drawings
6
CONTINUOUS
10
3.3792133464566927
20
-4.5355879921259845
11
3.3758244881889765
21
-4.5408065748031499
0
LINE
8
User.Drawings
6
CONTINUOUS
10
3.3758244881889765
20
-4.5408065748031499
11
3.3712958267716533
21
-4.5451147244094487
0
LINE
8
User.Drawings
6
CONTINUOUS
10
3.3712958267716533
20
-4.5451147244094487
11
3.3656211417322832
21
-4.5485025984251966
0
LINE
8
User.Drawings
6
CONTINUOUS
10
3.3656211417322832
20
-4.5485025984251966
11
3.3585793700787403
21
-4.5509570866141731
0
LINE
8
User.Drawings
6
CONTINUOUS
10
3.3585793700787403
20
-4.5509570866141731
11
3.3786111417322835
21
-4.5921043307086613
0
LINE
8
User.Drawings
6
CONTINUOUS
10
3.3786111417322835
20
-4.5921043307086613
11
3.3924704724409449
21
-4.5921043307086613
0
LINE
8
User.Drawings
6
CONTINUOUS
10
3.3924704724409449
20
-4.5921043307086613
11
3.3924704724409449
21
-4.6062598425196848
0
LINE
8
User.Drawings
6
CONTINUOUS
10
3.3924704724409449
20
-4.6062598425196848
11
3.367013464566929
21
-4.6062598425196848
0
LINE
8
User.Drawings
6
CONTINUOUS
10
3.367013464566929
20
-4.6062598425196848
11
3.3419401181102359
21
-4.5532860629921261
0
LINE
8
User.Drawings
6
CONTINUOUS
10
3.3419401181102359
20
-4.5532860629921261
11
3.3260479527559053
21
-4.5532860629921261
0
LINE
8
User.Drawings
6
CONTINUOUS
10
3.3260479527559053
20
-4.5532860629921261
11
3.3260479527559053
21
-4.5921043307086613
0
LINE
8
User.Drawings
6
CONTINUOUS
10
3.3260479527559053
20
-4.5921043307086613
11
3.3405063779527557
21
-4.5921043307086613
0
LINE
8
User.Drawings
6
CONTINUOUS
10
3.3405063779527557
20
-4.5921043307086613
11
3.3405063779527557
21
-4.6062598425196848
0
LINE
8
User.Drawings
6
CONTINUOUS
10
3.3405063779527557
20
-4.6062598425196848
11
3.2935165748031494
21
-4.6062598425196848
0
LINE
8
User.Drawings
6
CONTINUOUS
10
3.2935165748031494
20
-4.6062598425196848
11
3.2935165748031494
21
-4.5921043307086613
0
LINE
8
User.Drawings
6
CONTINUOUS
10
3.2935165748031494
20
-4.5921043307086613
11
3.3088836614173229
21
-4.5921043307086613
0
LINE
8
User.Drawings
6
CONTINUOUS
10
3.3088836614173229
20
-4.5921043307086613
11
3.3088836614173229
21
-4.539056496062992
0
LINE
8
User.Drawings
6
CONTINUOUS
10
3.3088836614173229
20
-4.539056496062992
11
3.3088836614173229
21
-4.5071174015748028
0
LINE
8
User.Drawings
6
CONTINUOUS
10
3.3088836614173229
20
-4.5071174015748028
11
3.2935165748031494
21
-4.5071174015748028
0
LINE
8
User.Drawings
6
CONTINUOUS
10
3.2935165748031494
20
-4.5071174015748028
11
3.2935165748031494
21
-4.4929619291338581
0
LINE
8
User.Drawings
6
CONTINUOUS
10
3.2935165748031494
20
-4.4929619291338581
11
3.3406611811023623
21
-4.4929619291338581
0
LINE
8
User.Drawings
6
CONTINUOUS
10
3.3406611811023623
20
-4.4929619291338581
11
3.352033779527559
21
-4.4935266535433067
0
LINE
8
User.Drawings
6
CONTINUOUS
10
3.3260479527559053
20
-4.539056496062992
11
3.3425391732283463
21
-4.539056496062992
0
LINE
8
User.Drawings
6
CONTINUOUS
10
3.3425391732283463
20
-4.539056496062992
11
3.3498692519685038
21
-4.5385482677165356
0
LINE
8
User.Drawings
6
CONTINUOUS
10
3.3498692519685038
20
-4.5385482677165356
11
3.3551823622047245
21
-4.537212401574803
0
LINE
8
User.Drawings
6
CONTINUOUS
10
3.3551823622047245
20
-4.537212401574803
11
3.3589563385826771
21
-4.5352534251968502
0
LINE
8
User.Drawings
6
CONTINUOUS
10
3.3589563385826771
20
-4.5352534251968502
11
3.3618051968503937
21
-4.5323080708661418
0
LINE
8
User.Drawings
6
CONTINUOUS
10
3.3618051968503937
20
-4.5323080708661418
11
3.3636278346456692
21
-4.5281273228346457
0
LINE
8
User.Drawings
6
CONTINUOUS
10
3.3636278346456692
20
-4.5281273228346457
11
3.3643075590551179
21
-4.5222691338582672
0
LINE
8
User.Drawings
6
CONTINUOUS
10
3.3643075590551179
20
-4.5222691338582672
11
3.3636966929133858
21
-4.5172872047244095
0
LINE
8
User.Drawings
6
CONTINUOUS
10
3.3636966929133858
20
-4.5172872047244095
11
3.3620202362204723
21
-4.5135592519685037
0
LINE
8
User.Drawings
6
CONTINUOUS
10
3.3620202362204723
20
-4.5135592519685037
11
3.3593332677165355
21
-4.510772401574803
0
LINE
8
User.Drawings
6
CONTINUOUS
10
3.3593332677165355
20
-4.510772401574803
11
3.3558088188976378
21
-4.5089000787401572
0
LINE
8
User.Drawings
6
CONTINUOUS
10
3.3558088188976378
20
-4.5089000787401572
11
3.3507321259842517
21
-4.507611692913386
0
LINE
8
User.Drawings
6
CONTINUOUS
10
3.3507321259842517
20
-4.507611692913386
11
3.3435959448818897
21
-4.5071174015748028
0
LINE
8
User.Drawings
6
CONTINUOUS
10
3.3435959448818897
20
-4.5071174015748028
11
3.3260479527559053
21
-4.5071174015748028
0
LINE
8
User.Drawings
6
CONTINUOUS
10
3.3260479527559053
20
-4.5071174015748028
11
3.3260479527559053
21
-4.539056496062992
0
LINE
8
User.Drawings
6
CONTINUOUS
10
3.5565344881889764
20
-4.5265947244094491
11
3.5607751968503938
21
-4.527878976377953
0
LINE
8
User.Drawings
6
CONTINUOUS
10
3.5607751968503938
20
-4.527878976377953
11
3.5642099212598426
21
-4.529901692913386
0
LINE
8
User.Drawings
6
CONTINUOUS
10
3.5642099212598426
20
-4.529901692913386
11
3.5669810236220472
21
-4.5326754330708656
0
LINE
8
User.Drawings
6
CONTINUOUS
10
3.5669810236220472
20
-4.5326754330708656
11
3.5696040551181101
21
-4.5373353149606297
0
LINE
8
User.Drawings
6
CONTINUOUS
10
3.5696040551181101
20
-4.5373353149606297
11
3.5713853543307086
21
-4.5439256692913386
0
LINE
8
User.Drawings
6
CONTINUOUS
10
3.5713853543307086
20
-4.5439256692913386
11
3.5720630314960631
21
-4.5530639370078738
0
LINE
8
User.Drawings
6
CONTINUOUS
10
3.5720630314960631
20
-4.5530639370078738
11
3.5720630314960631
21
-4.5924004724409446
0
LINE
8
User.Drawings
6
CONTINUOUS
10
3.5720630314960631
20
-4.5924004724409446
11
3.5853165748031497
21
-4.5924004724409446
0
LINE
8
User.Drawings
6
CONTINUOUS
10
3.5853165748031497
20
-4.5924004724409446
11
3.5853165748031497
21
-4.6062598425196848
0
LINE
8
User.Drawings
6
CONTINUOUS
10
3.5853165748031497
20
-4.6062598425196848
11
3.5564805118110234
21
-4.6062598425196848
0
LINE
8
User.Drawings
6
CONTINUOUS
10
3.5564805118110234
20
-4.6062598425196848
11
3.5564805118110234
21
-4.554053385826772
0
LINE
8
User.Drawings
6
CONTINUOUS
10
3.5564805118110234
20
-4.554053385826772
11
3.555845905511811
21
-4.5472042913385824
0
LINE
8
User.Drawings
6
CONTINUOUS
10
3.555845905511811
20
-4.5472042913385824
11
3.5543333070866141
21
-4.5433778740157482
0
LINE
8
User.Drawings
6
CONTINUOUS
10
3.5543333070866141
20
-4.5433778740157482
11
3.5526622440944879
21
-4.5416259842519686
0
LINE
8
User.Drawings
6
CONTINUOUS
10
3.5526622440944879
20
-4.5416259842519686
11
3.5503846062992124
21
-4.5405376771653545
0
LINE
8
User.Drawings
6
CONTINUOUS
10
3.5503846062992124
20
-4.5405376771653545
11
3.5472925590551179
21
-4.5401401968503938
0
LINE
8
User.Drawings
6
CONTINUOUS
10
3.5472925590551179
20
-4.5401401968503938
11
3.5423988976377951
21
-4.5406762992125982
0
LINE
8
User.Drawings
6
CONTINUOUS
10
3.5423988976377951
20
-4.5406762992125982
11
3.5369744094488187
21
-4.5423921259842519
0
LINE
8
User.Drawings
6
CONTINUOUS
10
3.5369744094488187
20
-4.5423921259842519
11
3.5308727559055115
21
-4.5455179921259843
0
LINE
8
User.Drawings
6
CONTINUOUS
10
3.5308727559055115
20
-4.5455179921259843
11
3.5239490944881888
21
-4.5503647637795277
0
LINE
8
User.Drawings
6
CONTINUOUS
10
3.5239490944881888
20
-4.5503647637795277
11
3.5239490944881888
21
-4.5924004724409446
0
LINE
8
User.Drawings
6
CONTINUOUS
10
3.5239490944881888
20
-4.5924004724409446
11
3.5375728740157482
21
-4.5924004724409446
0
LINE
8
User.Drawings
6
CONTINUOUS
10
3.5375728740157482
20
-4.5924004724409446
11
3.5375728740157482
21
-4.6062598425196848
0
LINE
8
User.Drawings
6
CONTINUOUS
10
3.5375728740157482
20
-4.6062598425196848
11
3.4946553543307086
21
-4.6062598425196848
0
LINE
8
User.Drawings
6
CONTINUOUS
10
3.4946553543307086
20
-4.6062598425196848
11
3.4946553543307086
21
-4.5924004724409446
0
LINE
8
User.Drawings
6
CONTINUOUS
10
3.4946553543307086
20
-4.5924004724409446
11
3.5085820078740158
21
-4.5924004724409446
0
LINE
8
User.Drawings
6
CONTINUOUS
10
3.5085820078740158
20
-4.5924004724409446
11
3.5085820078740158
21
-4.5409277559055115
0
LINE
8
User.Drawings
6
CONTINUOUS
10
3.5085820078740158
20
-4.5409277559055115
11
3.4946553543307086
21
-4.5409277559055115
0
LINE
8
User.Drawings
6
CONTINUOUS
10
3.4946553543307086
20
-4.5409277559055115
11
3.4946553543307086
21
-4.5269943700787403
0
LINE
8
User.Drawings
6
CONTINUOUS
10
3.4946553543307086
20
-4.5269943700787403
11
3.5239490944881888
21
-4.5269943700787403
0
LINE
8
User.Drawings
6
CONTINUOUS
10
3.5239490944881888
20
-4.5269943700787403
11
3.5239490944881888
21
-4.5367409842519688
0
LINE
8
User.Drawings
6
CONTINUOUS
10
3.5239490944881888
20
-4.5367409842519688
11
3.5316196456692914
21
-4.5318139370078736
0
LINE
8
User.Drawings
6
CONTINUOUS
10
3.5316196456692914
20
-4.5318139370078736
11
3.5386544881889761
21
-4.5285547637795274
0
LINE
8
User.Drawings
6
CONTINUOUS
10
3.5386544881889761
20
-4.5285547637795274
11
3.5451691732283463
21
-4.52671905511811
0
LINE
8
User.Drawings
6
CONTINUOUS
10
3.5451691732283463
20
-4.52671905511811
11
3.5512840944881887
21
-4.5261327952755908
0
LINE
8
User.Drawings
6
CONTINUOUS
10
3.5512840944881887
20
-4.5261327952755908
11
3.5565344881889764
21
-4.5265947244094491
0
LINE
8
User.Drawings
6
CONTINUOUS
10
4.0118000787401575
20
-4.4935266535433067
11
4.0205364566929136
21
-4.4950392913385828
0
LINE
8
User.Drawings
6
CONTINUOUS
10
4.0205364566929136
20
-4.4950392913385828
11
4.0271420866141732
21
-4.4972749212598426
0
LINE
8
User.Drawings
6
CONTINUOUS
10
4.0271420866141732
20
-4.4972749212598426
11
4.0320501968503937
21
-4.5000834251968502
0
LINE
8
User.Drawings
6
CONTINUOUS
10
4.0320501968503937
20
-4.5000834251968502
11
4.0361767322834643
21
-4.5039992519685041
0
LINE
8
User.Drawings
6
CONTINUOUS
10
4.0361767322834643
20
-4.5039992519685041
11
4.0391780314960632
21
-4.5088933070866144
0
LINE
8
User.Drawings
6
CONTINUOUS
10
4.0391780314960632
20
-4.5088933070866144
11
4.0410834251968506
21
-4.5149766141732286
0
LINE
8
User.Drawings
6
CONTINUOUS
10
4.0410834251968506
20
-4.5149766141732286
11
4.0417699212598421
21
-4.5225585826771653
0
LINE
8
User.Drawings
6
CONTINUOUS
10
4.0417699212598421
20
-4.5225585826771653
11
4.0410486220472439
21
-4.5295758267716533
0
LINE
8
User.Drawings
6
CONTINUOUS
10
4.0410486220472439
20
-4.5295758267716533
11
4.0389796456692917
21
-4.5355879921259845
0
LINE
8
User.Drawings
6
CONTINUOUS
10
4.0389796456692917
20
-4.5355879921259845
11
4.0355907874015751
21
-4.5408065748031499
0
LINE
8
User.Drawings
6
CONTINUOUS
10
4.0355907874015751
20
-4.5408065748031499
11
4.0310621259842518
21
-4.5451147244094487
0
LINE
8
User.Drawings
6
CONTINUOUS
10
4.0310621259842518
20
-4.5451147244094487
11
4.0253874409448818
21
-4.5485025984251966
0
LINE
8
User.Drawings
6
CONTINUOUS
10
4.0253874409448818
20
-4.5485025984251966
11
4.0183456692913389
21
-4.5509570866141731
0
LINE
8
User.Drawings
6
CONTINUOUS
10
4.0183456692913389
20
-4.5509570866141731
11
4.038377440944882
21
-4.5921043307086613
0
LINE
8
User.Drawings
6
CONTINUOUS
10
4.038377440944882
20
-4.5921043307086613
11
4.0522367716535435
21
-4.5921043307086613
0
LINE
8
User.Drawings
6
CONTINUOUS
10
4.0522367716535435
20
-4.5921043307086613
11
4.0522367716535435
21
-4.6062598425196848
0
LINE
8
User.Drawings
6
CONTINUOUS
10
4.0522367716535435
20
-4.6062598425196848
11
4.0267797637795271
21
-4.6062598425196848
0
LINE
8
User.Drawings
6
CONTINUOUS
10
4.0267797637795271
20
-4.6062598425196848
11
4.0017064173228345
21
-4.5532860629921261
0
LINE
8
User.Drawings
6
CONTINUOUS
10
4.0017064173228345
20
-4.5532860629921261
11
3.9858142519685038
21
-4.5532860629921261
0
LINE
8
User.Drawings
6
CONTINUOUS
10
3.9858142519685038
20
-4.5532860629921261
11
3.9858142519685038
21
-4.5921043307086613
0
LINE
8
User.Drawings
6
CONTINUOUS
10
3.9858142519685038
20
-4.5921043307086613
11
4.0002726771653538
21
-4.5921043307086613
0
LINE
8
User.Drawings
6
CONTINUOUS
10
4.0002726771653538
20
-4.5921043307086613
11
4.0002726771653538
21
-4.6062598425196848
0
LINE
8
User.Drawings
6
CONTINUOUS
10
4.0002726771653538
20
-4.6062598425196848
11
3.953282874015748
21
-4.6062598425196848
0
LINE
8
User.Drawings
6
CONTINUOUS
10
3.953282874015748
20
-4.6062598425196848
11
3.953282874015748
21
-4.5921043307086613
0
LINE
8
User.Drawings
6
CONTINUOUS
10
3.953282874015748
20
-4.5921043307086613
11
3.968649960629921
21
-4.5921043307086613
0
LINE
8
User.Drawings
6
CONTINUOUS
10
3.968649960629921
20
-4.5921043307086613
11
3.968649960629921
21
-4.539056496062992
0
LINE
8
User.Drawings
6
CONTINUOUS
10
3.968649960629921
20
-4.539056496062992
11
3.968649960629921
21
-4.5071174015748028
0
LINE
8
User.Drawings
6
CONTINUOUS
10
3.968649960629921
20
-4.5071174015748028
11
3.953282874015748
21
-4.5071174015748028
0
LINE
8
User.Drawings
6
CONTINUOUS
10
3.953282874015748
20
-4.5071174015748028
11
3.953282874015748
21
-4.4929619291338581
0
LINE
8
User.Drawings
6
CONTINUOUS
10
3.953282874015748
20
-4.4929619291338581
11
4.0004274803149604
21
-4.4929619291338581
0
LINE
8
User.Drawings
6
CONTINUOUS
10
4.0004274803149604
20
-4.4929619291338581
11
4.0118000787401575
21
-4.4935266535433067
0
LINE
8
User.Drawings
6
CONTINUOUS
10
3.9858142519685038
20
-4.539056496062992
11
4.0023054724409448
21
-4.539056496062992
0
LINE
8
User.Drawings
6
CONTINUOUS
10
4.0023054724409448
20
-4.539056496062992
11
4.0096355511811019
21
-4.5385482677165356
0
LINE
8
User.Drawings
6
CONTINUOUS
10
4.0096355511811019
20
-4.5385482677165356
11
4.0149486614173231
21
-4.537212401574803
0
LINE
8
User.Drawings
6
CONTINUOUS
10
4.0149486614173231
20
-4.537212401574803
11
4.0187226377952756
21
-4.5352534251968502
0
LINE
8
User.Drawings
6
CONTINUOUS
10
4.0187226377952756
20
-4.5352534251968502
11
4.0215714960629922
21
-4.5323080708661418
0
LINE
8
User.Drawings
6
CONTINUOUS
10
4.0215714960629922
20
-4.5323080708661418
11
4.0233941338582673
21
-4.5281273228346457
0
LINE
8
User.Drawings
6
CONTINUOUS
10
4.0233941338582673
20
-4.5281273228346457
11
4.024073858267716
21
-4.5222691338582672
0
LINE
8
User.Drawings
6
CONTINUOUS
10
4.024073858267716
20
-4.5222691338582672
11
4.0234629921259843
21
-4.5172872047244095
0
LINE
8
User.Drawings
6
CONTINUOUS
10
4.0234629921259843
20
-4.5172872047244095
11
4.0217865354330709
21
-4.5135592519685037
0
LINE
8
User.Drawings
6
CONTINUOUS
10
4.0217865354330709
20
-4.5135592519685037
11
4.0190995669291336
21
-4.510772401574803
0
LINE
8
User.Drawings
6
CONTINUOUS
10
4.0190995669291336
20
-4.510772401574803
11
4.0155751181102364
21
-4.5089000787401572
0
LINE
8
User.Drawings
6
CONTINUOUS
10
4.0155751181102364
20
-4.5089000787401572
11
4.0104984251968503
21
-4.507611692913386
0
LINE
8
User.Drawings
6
CONTINUOUS
10
4.0104984251968503
20
-4.507611692913386
11
4.0033622440944878
21
-4.5071174015748028
0
LINE
8
User.Drawings
6
CONTINUOUS
10
4.0033622440944878
20
-4.5071174015748028
11
3.9858142519685038
21
-4.5071174015748028
0
LINE
8
User.Drawings
6
CONTINUOUS
10
3.9858142519685038
20
-4.5071174015748028
11
3.9858142519685038
21
-4.539056496062992
0
LINE
8
User.Drawings
6
CONTINUOUS
10
4.8631788188976373
20
-4.5418701181102366
11
4.8597863385826772
21
-4.5418701181102366
0
LINE
8
User.Drawings
6
CONTINUOUS
10
4.8597863385826772
20
-4.5418701181102366
11
4.8513320866141729
21
-4.5423211417322831
0
LINE
8
User.Drawings
6
CONTINUOUS
10
4.8513320866141729
20
-4.5423211417322831
11
4.8452366929133861
21
-4.5434963779527555
0
LINE
8
User.Drawings
6
CONTINUOUS
10
4.8452366929133861
20
-4.5434963779527555
11
4.8409594488188974
21
-4.545181811023622
0
LINE
8
User.Drawings
6
CONTINUOUS
10
4.8409594488188974
20
-4.545181811023622
11
4.837288779527559
21
-4.5477801181102357
0
LINE
8
User.Drawings
6
CONTINUOUS
10
4.837288779527559
20
-4.5477801181102357
11
4.8345968110236219
21
-4.551075787401575
0
LINE
8
User.Drawings
6
CONTINUOUS
10
4.8345968110236219
20
-4.551075787401575
11
4.8327879133858263
21
-4.5551842125984248
0
LINE
8
User.Drawings
6
CONTINUOUS
10
4.8327879133858263
20
-4.5551842125984248
11
4.8313736220472441
21
-4.5626209842519687
0
LINE
8
User.Drawings
6
CONTINUOUS
10
4.8313736220472441
20
-4.5626209842519687
11
4.8307955118110231
21
-4.5745024803149601
0
LINE
8
User.Drawings
6
CONTINUOUS
10
4.8307955118110231
20
-4.5745024803149601
11
4.8307955118110231
21
-4.5924004724409446
0
LINE
8
User.Drawings
6
CONTINUOUS
10
4.8307955118110231
20
-4.5924004724409446
11
4.8480405905511814
21
-4.5924004724409446
0
LINE
8
User.Drawings
6
CONTINUOUS
10
4.8480405905511814
20
-4.5924004724409446
11
4.8480405905511814
21
-4.6062598425196848
0
LINE
8
User.Drawings
6
CONTINUOUS
10
4.8480405905511814
20
-4.6062598425196848
11
4.799468937007874
21
-4.6062598425196848
0
LINE
8
User.Drawings
6
CONTINUOUS
10
4.799468937007874
20
-4.6062598425196848
11
4.799468937007874
21
-4.5924004724409446
0
LINE
8
User.Drawings
6
CONTINUOUS
10
4.799468937007874
20
-4.5924004724409446
11
4.8153610629921255
21
-4.5924004724409446
0
LINE
8
User.Drawings
6
CONTINUOUS
10
4.8153610629921255
20
-4.5924004724409446
11
4.8153610629921255
21
-4.5409277559055115
0
LINE
8
User.Drawings
6
CONTINUOUS
10
4.8153610629921255
20
-4.5409277559055115
11
4.799468937007874
21
-4.5409277559055115
0
LINE
8
User.Drawings
6
CONTINUOUS
10
4.799468937007874
20
-4.5409277559055115
11
4.799468937007874
21
-4.5269943700787403
0
LINE
8
User.Drawings
6
CONTINUOUS
10
4.799468937007874
20
-4.5269943700787403
11
4.8277126377952753
21
-4.5269943700787403
0
LINE
8
User.Drawings
6
CONTINUOUS
10
4.8277126377952753
20
-4.5269943700787403
11
4.8277126377952753
21
-4.5450942913385823
0
LINE
8
User.Drawings
6
CONTINUOUS
10
4.8277126377952753
20
-4.5450942913385823
11
4.8313695669291334
21
-4.5383758267716532
0
LINE
8
User.Drawings
6
CONTINUOUS
10
4.8313695669291334
20
-4.5383758267716532
11
4.8352999606299214
21
-4.5335716141732281
0
LINE
8
User.Drawings
6
CONTINUOUS
10
4.8352999606299214
20
-4.5335716141732281
11
4.8394988188976376
21
-4.5303127952755906
0
LINE
8
User.Drawings
6
CONTINUOUS
10
4.8394988188976376
20
-4.5303127952755906
11
4.8443870472440942
21
-4.5281420866141735
0
LINE
8
User.Drawings
6
CONTINUOUS
10
4.8443870472440942
20
-4.5281420866141735
11
4.8509503543307089
21
-4.5266803149606298
0
LINE
8
User.Drawings
6
CONTINUOUS
10
4.8509503543307089
20
-4.5266803149606298
11
4.8596382677165355
21
-4.5261327952755908
0
LINE
8
User.Drawings
6
CONTINUOUS
10
4.8596382677165355
20
-4.5261327952755908
11
4.8631788188976373
21
-4.5261327952755908
0
LINE
8
User.Drawings
6
CONTINUOUS
10
4.8631788188976373
20
-4.5261327952755908
11
4.8631788188976373
21
-4.5418701181102366
0
LINE
8
User.Drawings
6
CONTINUOUS
10
4.8977564960629918
20
-4.5924004724409446
11
4.9098051574803145
21
-4.5924004724409446
0
LINE
8
User.Drawings
6
CONTINUOUS
10
4.9098051574803145
20
-4.5924004724409446
11
4.9098051574803145
21
-4.6062598425196848
0
LINE
8
User.Drawings
6
CONTINUOUS
10
4.9098051574803145
20
-4.6062598425196848
11
4.8698224409448816
21
-4.6062598425196848
0
LINE
8
User.Drawings
6
CONTINUOUS
10
4.8698224409448816
20
-4.6062598425196848
11
4.8698224409448816
21
-4.5924004724409446
0
LINE
8
User.Drawings
6
CONTINUOUS
10
4.8698224409448816
20
-4.5924004724409446
11
4.8821672834645664
21
-4.5924004724409446
0
LINE
8
User.Drawings
6
CONTINUOUS
10
4.8821672834645664
20
-4.5924004724409446
11
4.8821672834645664
21
-4.5409277559055115
0
LINE
8
User.Drawings
6
CONTINUOUS
10
4.8821672834645664
20
-4.5409277559055115
11
4.8698224409448816
21
-4.5409277559055115
0
LINE
8
User.Drawings
6
CONTINUOUS
10
4.8698224409448816
20
-4.5409277559055115
11
4.8698224409448816
21
-4.5269943700787403
0
LINE
8
User.Drawings
6
CONTINUOUS
10
4.8698224409448816
20
-4.5269943700787403
11
4.8977564960629918
21
-4.5269943700787403
0
LINE
8
User.Drawings
6
CONTINUOUS
10
4.8977564960629918
20
-4.5269943700787403
11
4.8977564960629918
21
-4.5924004724409446
0
LINE
8
User.Drawings
6
CONTINUOUS
10
4.8929361811023622
20
-4.4919240944881889
11
4.8959458267716531
21
-4.4939513779527562
0
LINE
8
User.Drawings
6
CONTINUOUS
10
4.8959458267716531
20
-4.4939513779527562
11
4.897973661417323
21
-4.4969656692913382
0
LINE
8
User.Drawings
6
CONTINUOUS
10
4.897973661417323
20
-4.4969656692913382
11
4.8986584645669291
21
-4.5006488188976377
0
LINE
8
User.Drawings
6
CONTINUOUS
10
4.8986584645669291
20
-4.5006488188976377
11
4.8979662992125981
21
-4.5042173622047246
0
LINE
8
User.Drawings
6
CONTINUOUS
10
4.8979662992125981
20
-4.5042173622047246
11
4.8958717716535434
21
-4.5072789763779531
0
LINE
8
User.Drawings
6
CONTINUOUS
10
4.8958717716535434
20
-4.5072789763779531
11
4.8928111417322837
21
-4.509373779527559
0
LINE
8
User.Drawings
6
CONTINUOUS
10
4.8928111417322837
20
-4.509373779527559
11
4.8892483858267717
21
-4.51006562992126
0
LINE
8
User.Drawings
6
CONTINUOUS
10
4.8892483858267717
20
-4.51006562992126
11
4.8856926377952759
21
-4.5093711023622047
0
LINE
8
User.Drawings
6
CONTINUOUS
10
4.8856926377952759
20
-4.5093711023622047
11
4.882692283464567
21
-4.5072789763779531
0
LINE
8
User.Drawings
6
CONTINUOUS
10
4.882692283464567
20
-4.5072789763779531
11
4.8806610236220473
21
-4.5042235826771648
0
LINE
8
User.Drawings
6
CONTINUOUS
10
4.8806610236220473
20
-4.5042235826771648
11
4.8799863779527559
21
-4.5006488188976377
0
LINE
8
User.Drawings
6
CONTINUOUS
10
4.8799863779527559
20
-4.5006488188976377
11
4.8806607086614173
21
-4.4970798425196845
0
LINE
8
User.Drawings
6
CONTINUOUS
10
4.8806607086614173
20
-4.4970798425196845
11
4.882692283464567
21
-4.494025433070866
0
LINE
8
User.Drawings
6
CONTINUOUS
10
4.882692283464567
20
-4.494025433070866
11
4.8856926377952759
21
-4.4919333070866143
0
LINE
8
User.Drawings
6
CONTINUOUS
10
4.8856926377952759
20
-4.4919333070866143
11
4.8892483858267717
21
-4.4912387401574803
0
LINE
8
User.Drawings
6
CONTINUOUS
10
4.8892483858267717
20
-4.4912387401574803
11
4.8929361811023622
21
-4.4919240944881889
0
LINE
8
User.Drawings
6
CONTINUOUS
10
1.9860738976377952
20
-4.0659277559055118
11
1.9766570866141733
21
-4.0659277559055118
0
LINE
8
User.Drawings
6
CONTINUOUS
10
1.9766570866141733
20
-4.0659277559055118
11
1.9938281102362205
21
-4.1107030314960626
0
LINE
8
User.Drawings
6
CONTINUOUS
10
1.9938281102362205
20
-4.1107030314960626
11
2.0104741338582675
21
-4.0659277559055118
0
LINE
8
User.Drawings
6
CONTINUOUS
10
2.0104741338582675
20
-4.0659277559055118
11
1.9999264960629921
21
-4.0659277559055118
0
LINE
8
User.Drawings
6
CONTINUOUS
10
1.9999264960629921
20
-4.0659277559055118
11
1.9999264960629921
21
-4.0519943700787397
0
LINE
8
User.Drawings
6
CONTINUOUS
10
1.9999264960629921
20
-4.0519943700787397
11
2.0377283464566927
21
-4.0519943700787397
0
LINE
8
User.Drawings
6
CONTINUOUS
10
2.0377283464566927
20
-4.0519943700787397
11
2.0377283464566927
21
-4.0659277559055118
0
LINE
8
User.Drawings
6
CONTINUOUS
10
2.0377283464566927
20
-4.0659277559055118
11
2.0260566141732284
21
-4.0659277559055118
0
LINE
8
User.Drawings
6
CONTINUOUS
10
2.0260566141732284
20
-4.0659277559055118
11
1.9869758661417323
21
-4.1665846456692917
0
LINE
8
User.Drawings
6
CONTINUOUS
10
1.9869758661417323
20
-4.1665846456692917
11
1.9606168503937007
21
-4.1665846456692917
0
LINE
8
User.Drawings
6
CONTINUOUS
10
1.9606168503937007
20
-4.1665846456692917
11
1.9606168503937007
21
-4.1530281889763776
0
LINE
8
User.Drawings
6
CONTINUOUS
10
1.9606168503937007
20
-4.1530281889763776
11
1.9762061023622046
21
-4.1530281889763776
0
LINE
8
User.Drawings
6
CONTINUOUS
10
1.9762061023622046
20
-4.1530281889763776
11
1.9856229133858267
21
-4.1297991732283466
0
LINE
8
User.Drawings
6
CONTINUOUS
10
1.9856229133858267
20
-4.1297991732283466
11
1.9597148818897638
21
-4.0659277559055118
0
LINE
8
User.Drawings
6
CONTINUOUS
10
1.9597148818897638
20
-4.0659277559055118
11
1.9464613385826772
21
-4.0659277559055118
0
LINE
8
User.Drawings
6
CONTINUOUS
10
1.9464613385826772
20
-4.0659277559055118
11
1.9464613385826772
21
-4.0519943700787397
0
LINE
8
User.Drawings
6
CONTINUOUS
10
1.9464613385826772
20
-4.0519943700787397
11
1.9860738976377952
21
-4.0519943700787397
0
LINE
8
User.Drawings
6
CONTINUOUS
10
1.9860738976377952
20
-4.0519943700787397
11
1.9860738976377952
21
-4.0659277559055118
0
LINE
8
User.Drawings
6
CONTINUOUS
10
3.5872909448818895
20
-4.0517664960629922
11
3.5938975196850391
21
-4.0536122834645667
0
LINE
8
User.Drawings
6
CONTINUOUS
10
3.5938975196850391
20
-4.0536122834645667
11
3.5999298031496063
21
-4.0566522834645671
0
LINE
8
User.Drawings
6
CONTINUOUS
10
3.5999298031496063
20
-4.0566522834645671
11
3.6053175984251968
21
-4.0607563779527558
0
LINE
8
User.Drawings
6
CONTINUOUS
10
3.6053175984251968
20
-4.0607563779527558
11
3.6098277559055116
21
-4.0656956692913386
0
LINE
8
User.Drawings
6
CONTINUOUS
10
3.6098277559055116
20
-4.0656956692913386
11
3.6135198818897636
21
-4.0715549606299213
0
LINE
8
User.Drawings
6
CONTINUOUS
10
3.6135198818897636
20
-4.0715549606299213
11
3.6162064566929133
21
-4.0779616535433068
0
LINE
8
User.Drawings
6
CONTINUOUS
10
3.6162064566929133
20
-4.0779616535433068
11
3.6178285826771654
21
-4.0847624409448819
0
LINE
8
User.Drawings
6
CONTINUOUS
10
3.6178285826771654
20
-4.0847624409448819
11
3.6183797244094489
21
-4.0920511417322833
0
LINE
8
User.Drawings
6
CONTINUOUS
10
3.6183797244094489
20
-4.0920511417322833
11
3.617805748031496
21
-4.0992780708661414
0
LINE
8
User.Drawings
6
CONTINUOUS
10
3.617805748031496
20
-4.0992780708661414
11
3.6161032677165355
21
-4.1061292125984252
0
LINE
8
User.Drawings
6
CONTINUOUS
10
3.6161032677165355
20
-4.1061292125984252
11
3.6132573622047244
21
-4.1126954330708658
0
LINE
8
User.Drawings
6
CONTINUOUS
10
3.6132573622047244
20
-4.1126954330708658
11
3.6093894488188973
21
-4.1186995275590554
0
LINE
8
User.Drawings
6
CONTINUOUS
10
3.6093894488188973
20
-4.1186995275590554
11
3.6047487795275588
21
-4.123723937007874
0
LINE
8
User.Drawings
6
CONTINUOUS
10
3.6047487795275588
20
-4.123723937007874
11
3.5992835826771654
21
-4.1278606299212601
0
LINE
8
User.Drawings
6
CONTINUOUS
10
3.5992835826771654
20
-4.1278606299212601
11
3.5931873228346456
21
-4.1309401968503936
0
LINE
8
User.Drawings
6
CONTINUOUS
10
3.5931873228346456
20
-4.1309401968503936
11
3.5866885826771653
21
-4.1327869291338581
0
LINE
8
User.Drawings
6
CONTINUOUS
10
3.5866885826771653
20
-4.1327869291338581
11
3.5796691732283463
21
-4.133413779527559
0
LINE
8
User.Drawings
6
CONTINUOUS
10
3.5796691732283463
20
-4.133413779527559
11
3.5720000000000001
21
-4.1326585826771653
0
LINE
8
User.Drawings
6
CONTINUOUS
10
3.5720000000000001
20
-4.1326585826771653
11
3.5649037401574803
21
-4.1304269291338578
0
LINE
8
User.Drawings
6
CONTINUOUS
10
3.5649037401574803
20
-4.1304269291338578
11
3.5582325196850393
21
-4.1266775984251964
0
LINE
8
User.Drawings
6
CONTINUOUS
10
3.5582325196850393
20
-4.1266775984251964
11
3.5518831889763778
21
-4.1212506692913387
0
LINE
8
User.Drawings
6
CONTINUOUS
10
3.5518831889763778
20
-4.1212506692913387
11
3.5518831889763778
21
-4.1527253149606302
0
LINE
8
User.Drawings
6
CONTINUOUS
10
3.5518831889763778
20
-4.1527253149606302
11
3.5673243307086615
21
-4.1527253149606302
0
LINE
8
User.Drawings
6
CONTINUOUS
10
3.5673243307086615
20
-4.1527253149606302
11
3.5673243307086615
21
-4.1665846456692917
0
LINE
8
User.Drawings
6
CONTINUOUS
10
3.5673243307086615
20
-4.1665846456692917
11
3.5219903543307085
21
-4.1665846456692917
0
LINE
8
User.Drawings
6
CONTINUOUS
10
3.5219903543307085
20
-4.1665846456692917
11
3.5219903543307085
21
-4.1527253149606302
0
LINE
8
User.Drawings
6
CONTINUOUS
10
3.5219903543307085
20
-4.1527253149606302
11
3.5362939370078741
21
-4.1527253149606302
0
LINE
8
User.Drawings
6
CONTINUOUS
10
3.5362939370078741
20
-4.1527253149606302
11
3.5362939370078741
21
-4.0928521653543308
0
LINE
8
User.Drawings
6
CONTINUOUS
10
3.5362939370078741
20
-4.0928521653543308
11
3.5362939370078741
21
-4.0659277559055118
0
LINE
8
User.Drawings
6
CONTINUOUS
10
3.5362939370078741
20
-4.0659277559055118
11
3.5230403937007875
21
-4.0659277559055118
0
LINE
8
User.Drawings
6
CONTINUOUS
10
3.5230403937007875
20
-4.0659277559055118
11
3.5230403937007875
21
-4.0519943700787397
0
LINE
8
User.Drawings
6
CONTINUOUS
10
3.5230403937007875
20
-4.0519943700787397
11
3.5518831889763778
21
-4.0519943700787397
0
LINE
8
User.Drawings
6
CONTINUOUS
10
3.5518831889763778
20
-4.0519943700787397
11
3.5518831889763778
21
-4.0647969291338581
0
LINE
8
User.Drawings
6
CONTINUOUS
10
3.5518831889763778
20
-4.0647969291338581
11
3.556041496062992
21
-4.0604867322834641
0
LINE
8
User.Drawings
6
CONTINUOUS
10
3.556041496062992
20
-4.0604867322834641
11
3.5603505511811022
21
-4.0570884645669292
0
LINE
8
User.Drawings
6
CONTINUOUS
10
3.5603505511811022
20
-4.0570884645669292
11
3.5648338188976378
21
-4.0545118110236222
0
LINE
8
User.Drawings
6
CONTINUOUS
10
3.5648338188976378
20
-4.0545118110236222
11
3.5696504724409448
21
-4.0526383858267714
0
LINE
8
User.Drawings
6
CONTINUOUS
10
3.5696504724409448
20
-4.0526383858267714
11
3.5746777165354331
21
-4.0515128346456688
0
LINE
8
User.Drawings
6
CONTINUOUS
10
3.5746777165354331
20
-4.0515128346456688
11
3.5799720472440946
21
-4.0511327952755902
0
LINE
8
User.Drawings
6
CONTINUOUS
10
3.5799720472440946
20
-4.0511327952755902
11
3.5872909448818895
21
-4.0517664960629922
0
LINE
8
User.Drawings
6
CONTINUOUS
10
3.572532401574803
20
-4.0650822834645668
11
3.5681444488188974
21
-4.0663733070866144
0
LINE
8
User.Drawings
6
CONTINUOUS
10
3.5681444488188974
20
-4.0663733070866144
11
3.5640799212598426
21
-4.0685192125984253
0
LINE
8
User.Drawings
6
CONTINUOUS
10
3.5640799212598426
20
-4.0685192125984253
11
3.5604617716535434
21
-4.0713776377952753
0
LINE
8
User.Drawings
6
CONTINUOUS
10
3.5604617716535434
20
-4.0713776377952753
11
3.5574389370078738
21
-4.0747809055118109
0
LINE
8
User.Drawings
6
CONTINUOUS
10
3.5574389370078738
20
-4.0747809055118109
11
3.5549727559055118
21
-4.0787841338582673
0
LINE
8
User.Drawings
6
CONTINUOUS
10
3.5549727559055118
20
-4.0787841338582673
11
3.5525581102362205
21
-4.0854395669291339
0
LINE
8
User.Drawings
6
CONTINUOUS
10
3.5525581102362205
20
-4.0854395669291339
11
3.5517350787401574
21
-4.0928521653543308
0
LINE
8
User.Drawings
6
CONTINUOUS
10
3.5517350787401574
20
-4.0928521653543308
11
3.5522652362204723
21
-4.0989246062992128
0
LINE
8
User.Drawings
6
CONTINUOUS
10
3.5522652362204723
20
-4.0989246062992128
11
3.5537683464566929
21
-4.1040628346456689
0
LINE
8
User.Drawings
6
CONTINUOUS
10
3.5537683464566929
20
-4.1040628346456689
11
3.5561803149606299
21
-4.1084430314960629
0
LINE
8
User.Drawings
6
CONTINUOUS
10
3.5561803149606299
20
-4.1084430314960629
11
3.5595297244094488
21
-4.1121906299212601
0
LINE
8
User.Drawings
6
CONTINUOUS
10
3.5595297244094488
20
-4.1121906299212601
11
3.563610590551181
21
-4.1151987401574806
0
LINE
8
User.Drawings
6
CONTINUOUS
10
3.563610590551181
20
-4.1151987401574806
11
3.5682195275590551
21
-4.1173694488188977
0
LINE
8
User.Drawings
6
CONTINUOUS
10
3.5682195275590551
20
-4.1173694488188977
11
3.5734553149606296
21
-4.1187146850393699
0
LINE
8
User.Drawings
6
CONTINUOUS
10
3.5734553149606296
20
-4.1187146850393699
11
3.5794470472440945
21
-4.1191842125984248
0
LINE
8
User.Drawings
6
CONTINUOUS
10
3.5794470472440945
20
-4.1191842125984248
11
3.5836423228346455
21
-4.1187617322834642
0
LINE
8
User.Drawings
6
CONTINUOUS
10
3.5836423228346455
20
-4.1187617322834642
11
3.5875022834645667
21
-4.1175151181102363
0
LINE
8
User.Drawings
6
CONTINUOUS
10
3.5875022834645667
20
-4.1175151181102363
11
3.5911120472440943
21
-4.1154215354330708
0
LINE
8
User.Drawings
6
CONTINUOUS
10
3.5911120472440943
20
-4.1154215354330708
11
3.5942824803149604
21
-4.1126569685039369
0
LINE
8
User.Drawings
6
CONTINUOUS
10
3.5942824803149604
20
-4.1126569685039369
11
3.5969879527559052
21
-4.1092733464566926
0
LINE
8
User.Drawings
6
CONTINUOUS
10
3.5969879527559052
20
-4.1092733464566926
11
3.5992432283464568
21
-4.1051902755905507
0
LINE
8
User.Drawings
6
CONTINUOUS
10
3.5992432283464568
20
-4.1051902755905507
11
3.6014464173228347
21
-4.0985467322834648
0
LINE
8
User.Drawings
6
CONTINUOUS
10
3.6014464173228347
20
-4.0985467322834648
11
3.6021846850393699
21
-4.0914992125984249
0
LINE
8
User.Drawings
6
CONTINUOUS
10
3.6021846850393699
20
-4.0914992125984249
11
3.6013651574803149
21
-4.0844518503937008
0
LINE
8
User.Drawings
6
CONTINUOUS
10
3.6013651574803149
20
-4.0844518503937008
11
3.5989470472440943
21
-4.0780706692913382
0
LINE
8
User.Drawings
6
CONTINUOUS
10
3.5989470472440943
20
-4.0780706692913382
11
3.5950900787401574
21
-4.072540984251968
0
LINE
8
User.Drawings
6
CONTINUOUS
10
3.5950900787401574
20
-4.072540984251968
11
3.5900620078740157
21
-4.068290354330709
0
LINE
8
User.Drawings
6
CONTINUOUS
10
3.5900620078740157
20
-4.068290354330709
11
3.5861605511811021
21
-4.0662726377952758
0
LINE
8
User.Drawings
6
CONTINUOUS
10
3.5861605511811021
20
-4.0662726377952758
11
3.5819457874015748
21
-4.0650568897637793
0
LINE
8
User.Drawings
6
CONTINUOUS
10
3.5819457874015748
20
-4.0650568897637793
11
3.5773334645669292
21
-4.0646420866141728
0
LINE
8
User.Drawings
6
CONTINUOUS
10
3.5773334645669292
20
-4.0646420866141728
11
3.572532401574803
21
-4.0650822834645668
0
LINE
8
User.Drawings
6
CONTINUOUS
10
1.4789714566929133
20
-4.0503468897637793
11
1.4847280314960629
21
-4.0518195275590552
0
LINE
8
User.Drawings
6
CONTINUOUS
10
1.4847280314960629
20
-4.0518195275590552
11
1.4899816929133858
21
-4.0542328740157476
0
LINE
8
User.Drawings
6
CONTINUOUS
10
1.4899816929133858
20
-4.0542328740157476
11
1.4948160629921259
21
-4.0576215748031492
0
LINE
8
User.Drawings
6
CONTINUOUS
10
1.4948160629921259
20
-4.0576215748031492
11
1.4948160629921259
21
-4.0519943700787397
0
LINE
8
User.Drawings
6
CONTINUOUS
10
1.4948160629921259
20
-4.0519943700787397
11
1.5086686614173228
21
-4.0519943700787397
0
LINE
8
User.Drawings
6
CONTINUOUS
10
1.5086686614173228
20
-4.0519943700787397
11
1.5086686614173228
21
-4.0817188976377956
0
LINE
8
User.Drawings
6
CONTINUOUS
10
1.5086686614173228
20
-4.0817188976377956
11
1.4948093307086614
21
-4.0817188976377956
0
LINE
8
User.Drawings
6
CONTINUOUS
10
1.4948093307086614
20
-4.0817188976377956
11
1.4935864173228346
21
-4.0763188188976374
0
LINE
8
User.Drawings
6
CONTINUOUS
10
1.4935864173228346
20
-4.0763188188976374
11
1.4912808661417323
21
-4.0720404724409445
0
LINE
8
User.Drawings
6
CONTINUOUS
10
1.4912808661417323
20
-4.0720404724409445
11
1.4878830314960629
21
-4.0686538582677167
0
LINE
8
User.Drawings
6
CONTINUOUS
10
1.4878830314960629
20
-4.0686538582677167
11
1.4836779133858267
21
-4.0661613779527555
0
LINE
8
User.Drawings
6
CONTINUOUS
10
1.4836779133858267
20
-4.0661613779527555
11
1.4790719685039371
21
-4.064663346456693
0
LINE
8
User.Drawings
6
CONTINUOUS
10
1.4790719685039371
20
-4.064663346456693
11
1.4739496456692913
21
-4.064150748031496
0
LINE
8
User.Drawings
6
CONTINUOUS
10
1.4739496456692913
20
-4.064150748031496
11
1.4695459842519685
21
-4.0645607086614168
0
LINE
8
User.Drawings
6
CONTINUOUS
10
1.4695459842519685
20
-4.0645607086614168
11
1.4655217716535434
21
-4.0657636220472444
0
LINE
8
User.Drawings
6
CONTINUOUS
10
1.4655217716535434
20
-4.0657636220472444
11
1.4617932677165355
21
-4.0677653543307084
0
LINE
8
User.Drawings
6
CONTINUOUS
10
1.4617932677165355
20
-4.0677653543307084
11
1.4584934645669292
21
-4.0704411023622047
0
LINE
8
User.Drawings
6
CONTINUOUS
10
1.4584934645669292
20
-4.0704411023622047
11
1.4557276771653542
21
-4.0736816141732284
0
LINE
8
User.Drawings
6
CONTINUOUS
10
1.4557276771653542
20
-4.0736816141732284
11
1.4534669291338582
21
-4.0775523622047247
0
LINE
8
User.Drawings
6
CONTINUOUS
10
1.4534669291338582
20
-4.0775523622047247
11
1.4512777952755904
21
-4.083952834645669
0
LINE
8
User.Drawings
6
CONTINUOUS
10
1.4512777952755904
20
-4.083952834645669
11
1.4505321653543306
21
-4.0910280314960632
0
LINE
8
User.Drawings
6
CONTINUOUS
10
1.4505321653543306
20
-4.0910280314960632
11
1.4513232283464566
21
-4.0990683858267714
0
LINE
8
User.Drawings
6
CONTINUOUS
10
1.4513232283464566
20
-4.0990683858267714
11
1.4535576377952755
21
-4.1057364173228343
0
LINE
8
User.Drawings
6
CONTINUOUS
10
1.4535576377952755
20
-4.1057364173228343
11
1.4571555511811023
21
-4.1113155511811019
0
LINE
8
User.Drawings
6
CONTINUOUS
10
1.4571555511811023
20
-4.1113155511811019
11
1.4607408267716535
21
-4.1147633464566926
0
LINE
8
User.Drawings
6
CONTINUOUS
10
1.4607408267716535
20
-4.1147633464566926
11
1.4647788582677166
21
-4.1171898031496061
0
LINE
8
User.Drawings
6
CONTINUOUS
10
1.4647788582677166
20
-4.1171898031496061
11
1.4693618503937007
21
-4.1186702362204723
0
LINE
8
User.Drawings
6
CONTINUOUS
10
1.4693618503937007
20
-4.1186702362204723
11
1.4746294881889763
21
-4.1191842125984248
0
LINE
8
User.Drawings
6
CONTINUOUS
10
1.4746294881889763
20
-4.1191842125984248
11
1.4811055118110237
21
-4.1185320078740153
0
LINE
8
User.Drawings
6
CONTINUOUS
10
1.4811055118110237
20
-4.1185320078740153
11
1.4865415748031496
21
-4.1166786220472442
0
LINE
8
User.Drawings
6
CONTINUOUS
10
1.4865415748031496
20
-4.1166786220472442
11
1.4911543700787402
21
-4.1136724409448817
0
LINE
8
User.Drawings
6
CONTINUOUS
10
1.4911543700787402
20
-4.1136724409448817
11
1.4950796850393699
21
-4.1094184645669287
0
LINE
8
User.Drawings
6
CONTINUOUS
10
1.4950796850393699
20
-4.1094184645669287
11
1.4983566141732283
21
-4.1036892125984252
0
LINE
8
User.Drawings
6
CONTINUOUS
10
1.4983566141732283
20
-4.1036892125984252
11
1.5113072834645669
21
-4.1098414566929131
0
LINE
8
User.Drawings
6
CONTINUOUS
10
1.5113072834645669
20
-4.1098414566929131
11
1.5071118110236219
21
-4.1172252755905507
0
LINE
8
User.Drawings
6
CONTINUOUS
10
1.5071118110236219
20
-4.1172252755905507
11
1.5022016929133859
21
-4.1230374803149603
0
LINE
8
User.Drawings
6
CONTINUOUS
10
1.5022016929133859
20
-4.1230374803149603
11
1.496556377952756
21
-4.1274917716535429
0
LINE
8
User.Drawings
6
CONTINUOUS
10
1.496556377952756
20
-4.1274917716535429
11
1.4900821259842518
21
-4.1307096850393696
0
LINE
8
User.Drawings
6
CONTINUOUS
10
1.4900821259842518
20
-4.1307096850393696
11
1.4826196456692913
21
-4.1327114173228345
0
LINE
8
User.Drawings
6
CONTINUOUS
10
1.4826196456692913
20
-4.1327114173228345
11
1.4739563779527558
21
-4.133413779527559
0
LINE
8
User.Drawings
6
CONTINUOUS
10
1.4739563779527558
20
-4.133413779527559
11
1.4662339763779528
21
-4.1327721653543303
0
LINE
8
User.Drawings
6
CONTINUOUS
10
1.4662339763779528
20
-4.1327721653543303
11
1.4592785433070865
21
-4.1309072047244095
0
LINE
8
User.Drawings
6
CONTINUOUS
10
1.4592785433070865
20
-4.1309072047244095
11
1.4529486220472441
21
-4.1278471653543303
0
LINE
8
User.Drawings
6
CONTINUOUS
10
1.4529486220472441
20
-4.1278471653543303
11
1.4472879133858267
21
-4.1236717716535436
0
LINE
8
User.Drawings
6
CONTINUOUS
10
1.4472879133858267
20
-4.1236717716535436
11
1.4425792519685039
21
-4.1186066535433072
0
LINE
8
User.Drawings
6
CONTINUOUS
10
1.4425792519685039
20
-4.1186066535433072
11
1.438752716535433
21
-4.1125608267716531
0
LINE
8
User.Drawings
6
CONTINUOUS
10
1.438752716535433
20
-4.1125608267716531
11
1.4359946062992126
21
-4.1059263385826767
0
LINE
8
User.Drawings
6
CONTINUOUS
10
1.4359946062992126
20
-4.1059263385826767
11
1.4343179133858268
21
-4.0987842125984253
0
LINE
8
User.Drawings
6
CONTINUOUS
10
1.4343179133858268
20
-4.0987842125984253
11
1.4337447637795275
21
-4.0910280314960632
0
LINE
8
User.Drawings
6
CONTINUOUS
10
1.4337447637795275
20
-4.0910280314960632
11
1.4343259448818897
21
-4.0834259055118105
0
LINE
8
User.Drawings
6
CONTINUOUS
10
1.4343259448818897
20
-4.0834259055118105
11
1.4360262992125985
21
-4.0764351968503938
0
LINE
8
User.Drawings
6
CONTINUOUS
10
1.4360262992125985
20
-4.0764351968503938
11
1.4388267716535432
21
-4.069946220472441
0
LINE
8
User.Drawings
6
CONTINUOUS
10
1.4388267716535432
20
-4.069946220472441
11
1.4426761417322835
21
-4.0640347637795271
0
LINE
8
User.Drawings
6
CONTINUOUS
10
1.4426761417322835
20
-4.0640347637795271
11
1.4473126377952756
21
-4.059135236220472
0
LINE
8
User.Drawings
6
CONTINUOUS
10
1.4473126377952756
20
-4.059135236220472
11
1.4527938188976377
21
-4.0551512598425195
0
LINE
8
User.Drawings
6
CONTINUOUS
10
1.4527938188976377
20
-4.0551512598425195
11
1.458908188976378
21
-4.052215078740157
0
LINE
8
User.Drawings
6
CONTINUOUS
10
1.458908188976378
20
-4.052215078740157
11
1.4654728346456694
21
-4.0504439370078735
0
LINE
8
User.Drawings
6
CONTINUOUS
10
1.4654728346456694
20
-4.0504439370078735
11
1.4726034251968503
21
-4.0498403937007872
0
LINE
8
User.Drawings
6
CONTINUOUS
10
1.4726034251968503
20
-4.0498403937007872
11
1.4789714566929133
21
-4.0503468897637793
0
LINE
8
User.Drawings
6
CONTINUOUS
10
1.5703951181102362
20
-4.0504885039370082
11
1.5776044094488189
21
-4.0523524015748027
0
LINE
8
User.Drawings
6
CONTINUOUS
10
1.5776044094488189
20
-4.0523524015748027
11
1.5840099212598424
21
-4.0553733858267718
0
LINE
8
User.Drawings
6
CONTINUOUS
10
1.5840099212598424
20
-4.0553733858267718
11
1.5897272834645668
21
-4.0595490157480318
0
LINE
8
User.Drawings
6
CONTINUOUS
10
1.5897272834645668
20
-4.0595490157480318
11
1.5945920472440944
21
-4.0647761023622042
0
LINE
8
User.Drawings
6
CONTINUOUS
10
1.5945920472440944
20
-4.0647761023622042
11
1.5986567716535434
21
-4.0711779921259845
0
LINE
8
User.Drawings
6
CONTINUOUS
10
1.5986567716535434
20
-4.0711779921259845
11
1.6016050787401575
21
-4.0782106299212595
0
LINE
8
User.Drawings
6
CONTINUOUS
10
1.6016050787401575
20
-4.0782106299212595
11
1.6035663385826771
21
-4.0862443307086611
0
LINE
8
User.Drawings
6
CONTINUOUS
10
1.6035663385826771
20
-4.0862443307086611
11
1.6044589763779527
21
-4.0954503543307084
0
LINE
8
User.Drawings
6
CONTINUOUS
10
1.6044589763779527
20
-4.0954503543307084
11
1.5381172440944881
21
-4.0954503543307084
0
LINE
8
User.Drawings
6
CONTINUOUS
10
1.5381172440944881
20
-4.0954503543307084
11
1.5398020472440945
21
-4.1026973228346453
0
LINE
8
User.Drawings
6
CONTINUOUS
10
1.5398020472440945
20
-4.1026973228346453
11
1.5427437401574802
21
-4.1086042913385823
0
LINE
8
User.Drawings
6
CONTINUOUS
10
1.5427437401574802
20
-4.1086042913385823
11
1.5469282677165355
21
-4.1134224015748027
0
LINE
8
User.Drawings
6
CONTINUOUS
10
1.5469282677165355
20
-4.1134224015748027
11
1.5521679921259841
21
-4.1170588582677166
0
LINE
8
User.Drawings
6
CONTINUOUS
10
1.5521679921259841
20
-4.1170588582677166
11
1.5581232677165353
21
-4.1192530708661419
0
LINE
8
User.Drawings
6
CONTINUOUS
10
1.5581232677165353
20
-4.1192530708661419
11
1.5650012598425196
21
-4.1200121653543302
0
LINE
8
User.Drawings
6
CONTINUOUS
10
1.5650012598425196
20
-4.1200121653543302
11
1.5725930708661418
21
-4.1191927559055115
0
LINE
8
User.Drawings
6
CONTINUOUS
10
1.5725930708661418
20
-4.1191927559055115
11
1.5795337401574803
21
-4.1167744881889758
0
LINE
8
User.Drawings
6
CONTINUOUS
10
1.5795337401574803
20
-4.1167744881889758
11
1.5837163779527559
21
-4.1142592519685035
0
LINE
8
User.Drawings
6
CONTINUOUS
10
1.5837163779527559
20
-4.1142592519685035
11
1.5874442519685039
21
-4.110970157480315
0
LINE
8
User.Drawings
6
CONTINUOUS
10
1.5874442519685039
20
-4.110970157480315
11
1.5907544488188976
21
-4.106825905511811
0
LINE
8
User.Drawings
6
CONTINUOUS
10
1.5907544488188976
20
-4.106825905511811
11
1.6044589763779527
21
-4.1130050787401577
0
LINE
8
User.Drawings
6
CONTINUOUS
10
1.6044589763779527
20
-4.1130050787401577
11
1.5996598031496063
21
-4.1192212598425195
0
LINE
8
User.Drawings
6
CONTINUOUS
10
1.5996598031496063
20
-4.1192212598425195
11
1.5940256692913386
21
-4.1242740944881886
0
LINE
8
User.Drawings
6
CONTINUOUS
10
1.5940256692913386
20
-4.1242740944881886
11
1.5874764173228346
21
-4.128257755905512
0
LINE
8
User.Drawings
6
CONTINUOUS
10
1.5874764173228346
20
-4.128257755905512
11
1.5803221653543307
21
-4.1311061811023624
0
LINE
8
User.Drawings
6
CONTINUOUS
10
1.5803221653543307
20
-4.1311061811023624
11
1.5727370078740157
21
-4.1328285039370076
0
LINE
8
User.Drawings
6
CONTINUOUS
10
1.5727370078740157
20
-4.1328285039370076
11
1.5646243307086614
21
-4.133413779527559
0
LINE
8
User.Drawings
6
CONTINUOUS
10
1.5646243307086614
20
-4.133413779527559
11
1.5562251181102362
21
-4.132792244094488
0
LINE
8
User.Drawings
6
CONTINUOUS
10
1.5562251181102362
20
-4.132792244094488
11
1.5486907874015747
21
-4.1309940944881891
0
LINE
8
User.Drawings
6
CONTINUOUS
10
1.5486907874015747
20
-4.1309940944881891
11
1.5418799212598424
21
-4.1280692913385826
0
LINE
8
User.Drawings
6
CONTINUOUS
10
1.5418799212598424
20
-4.1280692913385826
11
1.5357098818897637
21
-4.1240101574803152
0
LINE
8
User.Drawings
6
CONTINUOUS
10
1.5357098818897637
20
-4.1240101574803152
11
1.5305833858267717
21
-4.119066771653543
0
LINE
8
User.Drawings
6
CONTINUOUS
10
1.5305833858267717
20
-4.119066771653543
11
1.5264051181102363
21
-4.1131666141732284
0
LINE
8
User.Drawings
6
CONTINUOUS
10
1.5264051181102363
20
-4.1131666141732284
11
1.5233577165354331
21
-4.1065964566929134
0
LINE
8
User.Drawings
6
CONTINUOUS
10
1.5233577165354331
20
-4.1065964566929134
11
1.5215064566929133
21
-4.0994595669291334
0
LINE
8
User.Drawings
6
CONTINUOUS
10
1.5215064566929133
20
-4.0994595669291334
11
1.5208721653543307
21
-4.0916270866141735
0
LINE
8
User.Drawings
6
CONTINUOUS
10
1.5208721653543307
20
-4.0916270866141735
11
1.5214604330708661
21
-4.0843036614173229
0
LINE
8
User.Drawings
6
CONTINUOUS
10
1.5214604330708661
20
-4.0843036614173229
11
1.5214972834645668
21
-4.0838448425196852
0
LINE
8
User.Drawings
6
CONTINUOUS
10
1.5214972834645668
20
-4.0838448425196852
11
1.5233234251968504
21
-4.0767357480314956
0
LINE
8
User.Drawings
6
CONTINUOUS
10
1.5233234251968504
20
-4.0767357480314956
11
1.5263311023622046
21
-4.0701750787401574
0
LINE
8
User.Drawings
6
CONTINUOUS
10
1.5263311023622046
20
-4.0701750787401574
11
1.5304366141732284
21
-4.0642400787401574
0
LINE
8
User.Drawings
6
CONTINUOUS
10
1.5304366141732284
20
-4.0642400787401574
11
1.5353932677165354
21
-4.0592841338582675
0
LINE
8
User.Drawings
6
CONTINUOUS
10
1.5353932677165354
20
-4.0592841338582675
11
1.5412741338582676
21
-4.0552252755905513
0
LINE
8
User.Drawings
6
CONTINUOUS
10
1.5412741338582676
20
-4.0552252755905513
11
1.5477819685039369
21
-4.0522468110236218
0
LINE
8
User.Drawings
6
CONTINUOUS
10
1.5477819685039369
20
-4.0522468110236218
11
1.5547250787401574
21
-4.0504511023622047
0
LINE
8
User.Drawings
6
CONTINUOUS
10
1.5547250787401574
20
-4.0504511023622047
11
1.5622146062992126
21
-4.0498403937007872
0
LINE
8
User.Drawings
6
CONTINUOUS
10
1.5622146062992126
20
-4.0498403937007872
11
1.5703951181102362
21
-4.0504885039370082
0
LINE
8
User.Drawings
6
CONTINUOUS
10
1.5568640551181101
20
-4.0634515354330709
11
1.5517688188976377
21
-4.0653982283464565
0
LINE
8
User.Drawings
6
CONTINUOUS
10
1.5517688188976377
20
-4.0653982283464565
11
1.5470763385826771
21
-4.0686942125984249
0
LINE
8
User.Drawings
6
CONTINUOUS
10
1.5470763385826771
20
-4.0686942125984249
11
1.5432354330708662
21
-4.0729839763779525
0
LINE
8
User.Drawings
6
CONTINUOUS
10
1.5432354330708662
20
-4.0729839763779525
11
1.540402559055118
21
-4.0781311811023624
0
LINE
8
User.Drawings
6
CONTINUOUS
10
1.540402559055118
20
-4.0781311811023624
11
1.5385682283464566
21
-4.0843036614173229
0
LINE
8
User.Drawings
6
CONTINUOUS
10
1.5385682283464566
20
-4.0843036614173229
11
1.5881158661417323
21
-4.0843036614173229
0
LINE
8
User.Drawings
6
CONTINUOUS
10
1.5881158661417323
20
-4.0843036614173229
11
1.5860748425196851
21
-4.0781614960629922
0
LINE
8
User.Drawings
6
CONTINUOUS
10
1.5860748425196851
20
-4.0781614960629922
11
1.582998031496063
21
-4.0730100787401575
0
LINE
8
User.Drawings
6
CONTINUOUS
10
1.582998031496063
20
-4.0730100787401575
11
1.5788538976377953
21
-4.0686942125984249
0
LINE
8
User.Drawings
6
CONTINUOUS
10
1.5788538976377953
20
-4.0686942125984249
11
1.5738717716535433
21
-4.0654051181102364
0
LINE
8
User.Drawings
6
CONTINUOUS
10
1.5738717716535433
20
-4.0654051181102364
11
1.5684728346456693
21
-4.0634538188976377
0
LINE
8
User.Drawings
6
CONTINUOUS
10
1.5684728346456693
20
-4.0634538188976377
11
1.5625107480314959
21
-4.062791062992126
0
LINE
8
User.Drawings
6
CONTINUOUS
10
1.5625107480314959
20
-4.062791062992126
11
1.5568640551181101
21
-4.0634515354330709
0
LINE
8
User.Drawings
6
CONTINUOUS
10
2.0867311811023623
20
-4.0503468897637793
11
2.0924877559055117
21
-4.0518195275590552
0
LINE
8
User.Drawings
6
CONTINUOUS
10
2.0924877559055117
20
-4.0518195275590552
11
2.0977414173228346
21
-4.0542328740157476
0
LINE
8
User.Drawings
6
CONTINUOUS
10
2.0977414173228346
20
-4.0542328740157476
11
2.1025757874015749
21
-4.0576215748031492
0
LINE
8
User.Drawings
6
CONTINUOUS
10
2.1025757874015749
20
-4.0576215748031492
11
2.1025757874015749
21
-4.0519943700787397
0
LINE
8
User.Drawings
6
CONTINUOUS
10
2.1025757874015749
20
-4.0519943700787397
11
2.1164283858267714
21
-4.0519943700787397
0
LINE
8
User.Drawings
6
CONTINUOUS
10
2.1164283858267714
20
-4.0519943700787397
11
2.1164283858267714
21
-4.0817188976377956
0
LINE
8
User.Drawings
6
CONTINUOUS
10
2.1164283858267714
20
-4.0817188976377956
11
2.10256905511811
21
-4.0817188976377956
0
LINE
8
User.Drawings
6
CONTINUOUS
10
2.10256905511811
20
-4.0817188976377956
11
2.1013461417322836
21
-4.0763188188976374
0
LINE
8
User.Drawings
6
CONTINUOUS
10
2.1013461417322836
20
-4.0763188188976374
11
2.0990405905511809
21
-4.0720404724409445
0
LINE
8
User.Drawings
6
CONTINUOUS
10
2.0990405905511809
20
-4.0720404724409445
11
2.0956427559055117
21
-4.0686538582677167
0
LINE
8
User.Drawings
6
CONTINUOUS
10
2.0956427559055117
20
-4.0686538582677167
11
2.0914376377952757
21
-4.0661613779527555
0
LINE
8
User.Drawings
6
CONTINUOUS
10
2.0914376377952757
20
-4.0661613779527555
11
2.0868316929133859
21
-4.064663346456693
0
LINE
8
User.Drawings
6
CONTINUOUS
10
2.0868316929133859
20
-4.064663346456693
11
2.0817093700787401
21
-4.064150748031496
0
LINE
8
User.Drawings
6
CONTINUOUS
10
2.0817093700787401
20
-4.064150748031496
11
2.0773057086614171
21
-4.0645607086614168
0
LINE
8
User.Drawings
6
CONTINUOUS
10
2.0773057086614171
20
-4.0645607086614168
11
2.0732814960629922
21
-4.0657636220472444
0
LINE
8
User.Drawings
6
CONTINUOUS
10
2.0732814960629922
20
-4.0657636220472444
11
2.0695529921259843
21
-4.0677653543307084
0
LINE
8
User.Drawings
6
CONTINUOUS
10
2.0695529921259843
20
-4.0677653543307084
11
2.0662531889763778
21
-4.0704411023622047
0
LINE
8
User.Drawings
6
CONTINUOUS
10
2.0662531889763778
20
-4.0704411023622047
11
2.063487401574803
21
-4.0736816141732284
0
LINE
8
User.Drawings
6
CONTINUOUS
10
2.063487401574803
20
-4.0736816141732284
11
2.061226653543307
21
-4.0775523622047247
0
LINE
8
User.Drawings
6
CONTINUOUS
10
2.061226653543307
20
-4.0775523622047247
11
2.0590375196850395
21
-4.083952834645669
0
LINE
8
User.Drawings
6
CONTINUOUS
10
2.0590375196850395
20
-4.083952834645669
11
2.0582918897637796
21
-4.0910280314960632
0
LINE
8
User.Drawings
6
CONTINUOUS
10
2.0582918897637796
20
-4.0910280314960632
11
2.0590829527559054
21
-4.0990683858267714
0
LINE
8
User.Drawings
6
CONTINUOUS
10
2.0590829527559054
20
-4.0990683858267714
11
2.0613173622047243
21
-4.1057364173228343
0
LINE
8
User.Drawings
6
CONTINUOUS
10
2.0613173622047243
20
-4.1057364173228343
11
2.0649152755905513
21
-4.1113155511811019
0
LINE
8
User.Drawings
6
CONTINUOUS
10
2.0649152755905513
20
-4.1113155511811019
11
2.0685005511811023
21
-4.1147633464566926
0
LINE
8
User.Drawings
6
CONTINUOUS
10
2.0685005511811023
20
-4.1147633464566926
11
2.0725385826771654
21
-4.1171898031496061
0
LINE
8
User.Drawings
6
CONTINUOUS
10
2.0725385826771654
20
-4.1171898031496061
11
2.0771215748031495
21
-4.1186702362204723
0
LINE
8
User.Drawings
6
CONTINUOUS
10
2.0771215748031495
20
-4.1186702362204723
11
2.0823892125984251
21
-4.1191842125984248
0
LINE
8
User.Drawings
6
CONTINUOUS
10
2.0823892125984251
20
-4.1191842125984248
11
2.0888652362204723
21
-4.1185320078740153
0
LINE
8
User.Drawings
6
CONTINUOUS
10
2.0888652362204723
20
-4.1185320078740153
11
2.0943012992125984
21
-4.1166786220472442
0
LINE
8
User.Drawings
6
CONTINUOUS
10
2.0943012992125984
20
-4.1166786220472442
11
2.098914094488189
21
-4.1136724409448817
0
LINE
8
User.Drawings
6
CONTINUOUS
10
2.098914094488189
20
-4.1136724409448817
11
2.1028394094488188
21
-4.1094184645669287
0
LINE
8
User.Drawings
6
CONTINUOUS
10
2.1028394094488188
20
-4.1094184645669287
11
2.1061163385826771
21
-4.1036892125984252
0
LINE
8
User.Drawings
6
CONTINUOUS
10
2.1061163385826771
20
-4.1036892125984252
11
2.1190670078740159
21
-4.1098414566929131
0
LINE
8
User.Drawings
6
CONTINUOUS
10
2.1190670078740159
20
-4.1098414566929131
11
2.1148715354330707
21
-4.1172252755905507
0
LINE
8
User.Drawings
6
CONTINUOUS
10
2.1148715354330707
20
-4.1172252755905507
11
2.1099614173228347
21
-4.1230374803149603
0
LINE
8
User.Drawings
6
CONTINUOUS
10
2.1099614173228347
20
-4.1230374803149603
11
2.1043161023622048
21
-4.1274917716535429
0
LINE
8
User.Drawings
6
CONTINUOUS
10
2.1043161023622048
20
-4.1274917716535429
11
2.0978418503937006
21
-4.1307096850393696
0
LINE
8
User.Drawings
6
CONTINUOUS
10
2.0978418503937006
20
-4.1307096850393696
11
2.0903793700787401
21
-4.1327114173228345
0
LINE
8
User.Drawings
6
CONTINUOUS
10
2.0903793700787401
20
-4.1327114173228345
11
2.0817161023622046
21
-4.133413779527559
0
LINE
8
User.Drawings
6
CONTINUOUS
10
2.0817161023622046
20
-4.133413779527559
11
2.0739937007874016
21
-4.1327721653543303
0
LINE
8
User.Drawings
6
CONTINUOUS
10
2.0739937007874016
20
-4.1327721653543303
11
2.0670382677165353
21
-4.1309072047244095
0
LINE
8
User.Drawings
6
CONTINUOUS
10
2.0670382677165353
20
-4.1309072047244095
11
2.0607083464566927
21
-4.1278471653543303
0
LINE
8
User.Drawings
6
CONTINUOUS
10
2.0607083464566927
20
-4.1278471653543303
11
2.0550476377952753
21
-4.1236717716535436
0
LINE
8
User.Drawings
6
CONTINUOUS
10
2.0550476377952753
20
-4.1236717716535436
11
2.0503389763779527
21
-4.1186066535433072
0
LINE
8
User.Drawings
6
CONTINUOUS
10
2.0503389763779527
20
-4.1186066535433072
11
2.0465124409448818
21
-4.1125608267716531
0
LINE
8
User.Drawings
6
CONTINUOUS
10
2.0465124409448818
20
-4.1125608267716531
11
2.0437543307086612
21
-4.1059263385826767
0
LINE
8
User.Drawings
6
CONTINUOUS
10
2.0437543307086612
20
-4.1059263385826767
11
2.0420776377952756
21
-4.0987842125984253
0
LINE
8
User.Drawings
6
CONTINUOUS
10
2.0420776377952756
20
-4.0987842125984253
11
2.0415044881889761
21
-4.0910280314960632
0
LINE
8
User.Drawings
6
CONTINUOUS
10
2.0415044881889761
20
-4.0910280314960632
11
2.0420856692913385
21
-4.0834259055118105
0
LINE
8
User.Drawings
6
CONTINUOUS
10
2.0420856692913385
20
-4.0834259055118105
11
2.0437860236220473
21
-4.0764351968503938
0
LINE
8
User.Drawings
6
CONTINUOUS
10
2.0437860236220473
20
-4.0764351968503938
11
2.046586496062992
21
-4.069946220472441
0
LINE
8
User.Drawings
6
CONTINUOUS
10
2.046586496062992
20
-4.069946220472441
11
2.0504358661417323
21
-4.0640347637795271
0
LINE
8
User.Drawings
6
CONTINUOUS
10
2.0504358661417323
20
-4.0640347637795271
11
2.0550723622047244
21
-4.059135236220472
0
LINE
8
User.Drawings
6
CONTINUOUS
10
2.0550723622047244
20
-4.059135236220472
11
2.0605535433070865
21
-4.0551512598425195
0
LINE
8
User.Drawings
6
CONTINUOUS
10
2.0605535433070865
20
-4.0551512598425195
11
2.0666679133858268
21
-4.052215078740157
0
LINE
8
User.Drawings
6
CONTINUOUS
10
2.0666679133858268
20
-4.052215078740157
11
2.0732325590551182
21
-4.0504439370078735
0
LINE
8
User.Drawings
6
CONTINUOUS
10
2.0732325590551182
20
-4.0504439370078735
11
2.0803631496062991
21
-4.0498403937007872
0
LINE
8
User.Drawings
6
CONTINUOUS
10
2.0803631496062991
20
-4.0498403937007872
11
2.0867311811023623
21
-4.0503468897637793
0
LINE
8
User.Drawings
6
CONTINUOUS
10
2.2275880708661417
20
-4.0504885039370082
11
2.2347973622047244
21
-4.0523524015748027
0
LINE
8
User.Drawings
6
CONTINUOUS
10
2.2347973622047244
20
-4.0523524015748027
11
2.2412028346456694
21
-4.0553733858267718
0
LINE
8
User.Drawings
6
CONTINUOUS
10
2.2412028346456694
20
-4.0553733858267718
11
2.2469202362204723
21
-4.0595490157480318
0
LINE
8
User.Drawings
6
CONTINUOUS
10
2.2469202362204723
20
-4.0595490157480318
11
2.2517849606299212
21
-4.0647761023622042
0
LINE
8
User.Drawings
6
CONTINUOUS
10
2.2517849606299212
20
-4.0647761023622042
11
2.2558497244094489
21
-4.0711779921259845
0
LINE
8
User.Drawings
6
CONTINUOUS
10
2.2558497244094489
20
-4.0711779921259845
11
2.2587980314960627
21
-4.0782106299212595
0
LINE
8
User.Drawings
6
CONTINUOUS
10
2.2587980314960627
20
-4.0782106299212595
11
2.2607592913385828
21
-4.0862443307086611
0
LINE
8
User.Drawings
6
CONTINUOUS
10
2.2607592913385828
20
-4.0862443307086611
11
2.2616519291338584
21
-4.0954503543307084
0
LINE
8
User.Drawings
6
CONTINUOUS
10
2.2616519291338584
20
-4.0954503543307084
11
2.1953101968503939
21
-4.0954503543307084
0
LINE
8
User.Drawings
6
CONTINUOUS
10
2.1953101968503939
20
-4.0954503543307084
11
2.1969949606299211
21
-4.1026973228346453
0
LINE
8
User.Drawings
6
CONTINUOUS
10
2.1969949606299211
20
-4.1026973228346453
11
2.1999366929133859
21
-4.1086042913385823
0
LINE
8
User.Drawings
6
CONTINUOUS
10
2.1999366929133859
20
-4.1086042913385823
11
2.2041211811023622
21
-4.1134224015748027
0
LINE
8
User.Drawings
6
CONTINUOUS
10
2.2041211811023622
20
-4.1134224015748027
11
2.2093609055118111
21
-4.1170588582677166
0
LINE
8
User.Drawings
6
CONTINUOUS
10
2.2093609055118111
20
-4.1170588582677166
11
2.2153162204724408
21
-4.1192530708661419
0
LINE
8
User.Drawings
6
CONTINUOUS
10
2.2153162204724408
20
-4.1192530708661419
11
2.2221942125984251
21
-4.1200121653543302
0
LINE
8
User.Drawings
6
CONTINUOUS
10
2.2221942125984251
20
-4.1200121653543302
11
2.2297860236220473
21
-4.1191927559055115
0
LINE
8
User.Drawings
6
CONTINUOUS
10
2.2297860236220473
20
-4.1191927559055115
11
2.236726653543307
21
-4.1167744881889758
0
LINE
8
User.Drawings
6
CONTINUOUS
10
2.236726653543307
20
-4.1167744881889758
11
2.2409093307086612
21
-4.1142592519685035
0
LINE
8
User.Drawings
6
CONTINUOUS
10
2.2409093307086612
20
-4.1142592519685035
11
2.2446371653543307
21
-4.110970157480315
0
LINE
8
User.Drawings
6
CONTINUOUS
10
2.2446371653543307
20
-4.110970157480315
11
2.2479474015748031
21
-4.106825905511811
0
LINE
8
User.Drawings
6
CONTINUOUS
10
2.2479474015748031
20
-4.106825905511811
11
2.2616519291338584
21
-4.1130050787401577
0
LINE
8
User.Drawings
6
CONTINUOUS
10
2.2616519291338584
20
-4.1130050787401577
11
2.2568527165354331
21
-4.1192212598425195
0
LINE
8
User.Drawings
6
CONTINUOUS
10
2.2568527165354331
20
-4.1192212598425195
11
2.2512186220472441
21
-4.1242740944881886
0
LINE
8
User.Drawings
6
CONTINUOUS
10
2.2512186220472441
20
-4.1242740944881886
11
2.2446693700787401
21
-4.128257755905512
0
LINE
8
User.Drawings
6
CONTINUOUS
10
2.2446693700787401
20
-4.128257755905512
11
2.2375150787401576
21
-4.1311061811023624
0
LINE
8
User.Drawings
6
CONTINUOUS
10
2.2375150787401576
20
-4.1311061811023624
11
2.2299299212598425
21
-4.1328285039370076
0
LINE
8
User.Drawings
6
CONTINUOUS
10
2.2299299212598425
20
-4.1328285039370076
11
2.2218172834645671
21
-4.133413779527559
0
LINE
8
User.Drawings
6
CONTINUOUS
10
2.2218172834645671
20
-4.133413779527559
11
2.2134180708661417
21
-4.132792244094488
0
LINE
8
User.Drawings
6
CONTINUOUS
10
2.2134180708661417
20
-4.132792244094488
11
2.2058837401574802
21
-4.1309940944881891
0
LINE
8
User.Drawings
6
CONTINUOUS
10
2.2058837401574802
20
-4.1309940944881891
11
2.1990728740157479
21
-4.1280692913385826
0
LINE
8
User.Drawings
6
CONTINUOUS
10
2.1990728740157479
20
-4.1280692913385826
11
2.1929028346456692
21
-4.1240101574803152
0
LINE
8
User.Drawings
6
CONTINUOUS
10
2.1929028346456692
20
-4.1240101574803152
11
2.1877763385826769
21
-4.119066771653543
0
LINE
8
User.Drawings
6
CONTINUOUS
10
2.1877763385826769
20
-4.119066771653543
11
2.1835980708661418
21
-4.1131666141732284
0
LINE
8
User.Drawings
6
CONTINUOUS
10
2.1835980708661418
20
-4.1131666141732284
11
2.1805506692913386
21
-4.1065964566929134
0
LINE
8
User.Drawings
6
CONTINUOUS
10
2.1805506692913386
20
-4.1065964566929134
11
2.17869937007874
21
-4.0994595669291334
0
LINE
8
User.Drawings
6
CONTINUOUS
10
2.17869937007874
20
-4.0994595669291334
11
2.178065118110236
21
-4.0916270866141735
0
LINE
8
User.Drawings
6
CONTINUOUS
10
2.178065118110236
20
-4.0916270866141735
11
2.1786533858267716
21
-4.0843036614173229
0
LINE
8
User.Drawings
6
CONTINUOUS
10
2.1786533858267716
20
-4.0843036614173229
11
2.1786902362204725
21
-4.0838448425196852
0
LINE
8
User.Drawings
6
CONTINUOUS
10
2.1786902362204725
20
-4.0838448425196852
11
2.1805163385826769
21
-4.0767357480314956
0
LINE
8
User.Drawings
6
CONTINUOUS
10
2.1805163385826769
20
-4.0767357480314956
11
2.1835240157480316
21
-4.0701750787401574
0
LINE
8
User.Drawings
6
CONTINUOUS
10
2.1835240157480316
20
-4.0701750787401574
11
2.1876295669291337
21
-4.0642400787401574
0
LINE
8
User.Drawings
6
CONTINUOUS
10
2.1876295669291337
20
-4.0642400787401574
11
2.1925861811023624
21
-4.0592841338582675
0
LINE
8
User.Drawings
6
CONTINUOUS
10
2.1925861811023624
20
-4.0592841338582675
11
2.1984670866141731
21
-4.0552252755905513
0
LINE
8
User.Drawings
6
CONTINUOUS
10
2.1984670866141731
20
-4.0552252755905513
11
2.2049748818897639
21
-4.0522468110236218
0
LINE
8
User.Drawings
6
CONTINUOUS
10
2.2049748818897639
20
-4.0522468110236218
11
2.2119180314960629
21
-4.0504511023622047
0
LINE
8
User.Drawings
6
CONTINUOUS
10
2.2119180314960629
20
-4.0504511023622047
11
2.2194075196850394
21
-4.0498403937007872
0
LINE
8
User.Drawings
6
CONTINUOUS
10
2.2194075196850394
20
-4.0498403937007872
11
2.2275880708661417
21
-4.0504885039370082
0
LINE
8
User.Drawings
6
CONTINUOUS
10
2.2140569685039369
20
-4.0634515354330709
11
2.2089617716535432
21
-4.0653982283464565
0
LINE
8
User.Drawings
6
CONTINUOUS
10
2.2089617716535432
20
-4.0653982283464565
11
2.2042692913385826
21
-4.0686942125984249
0
LINE
8
User.Drawings
6
CONTINUOUS
10
2.2042692913385826
20
-4.0686942125984249
11
2.2004283858267715
21
-4.0729839763779525
0
LINE
8
User.Drawings
6
CONTINUOUS
10
2.2004283858267715
20
-4.0729839763779525
11
2.1975955118110235
21
-4.0781311811023624
0
LINE
8
User.Drawings
6
CONTINUOUS
10
2.1975955118110235
20
-4.0781311811023624
11
2.1957611811023621
21
-4.0843036614173229
0
LINE
8
User.Drawings
6
CONTINUOUS
10
2.1957611811023621
20
-4.0843036614173229
11
2.2453088188976378
21
-4.0843036614173229
0
LINE
8
User.Drawings
6
CONTINUOUS
10
2.2453088188976378
20
-4.0843036614173229
11
2.2432677952755906
21
-4.0781614960629922
0
LINE
8
User.Drawings
6
CONTINUOUS
10
2.2432677952755906
20
-4.0781614960629922
11
2.2401909842519685
21
-4.0730100787401575
0
LINE
8
User.Drawings
6
CONTINUOUS
10
2.2401909842519685
20
-4.0730100787401575
11
2.236046811023622
21
-4.0686942125984249
0
LINE
8
User.Drawings
6
CONTINUOUS
10
2.236046811023622
20
-4.0686942125984249
11
2.2310647244094488
21
-4.0654051181102364
0
LINE
8
User.Drawings
6
CONTINUOUS
10
2.2310647244094488
20
-4.0654051181102364
11
2.2256657480314961
21
-4.0634538188976377
0
LINE
8
User.Drawings
6
CONTINUOUS
10
2.2256657480314961
20
-4.0634538188976377
11
2.2197037007874014
21
-4.062791062992126
0
LINE
8
User.Drawings
6
CONTINUOUS
10
2.2197037007874014
20
-4.062791062992126
11
2.2140569685039369
21
-4.0634515354330709
0
LINE
8
User.Drawings
6
CONTINUOUS
10
3.4801924409448817
20
-4.0504885039370082
11
3.4874017322834643
21
-4.0523524015748027
0
LINE
8
User.Drawings
6
CONTINUOUS
10
3.4874017322834643
20
-4.0523524015748027
11
3.4938072440944881
21
-4.0553733858267718
0
LINE
8
User.Drawings
6
CONTINUOUS
10
3.4938072440944881
20
-4.0553733858267718
11
3.4995246062992127
21
-4.0595490157480318
0
LINE
8
User.Drawings
6
CONTINUOUS
10
3.4995246062992127
20
-4.0595490157480318
11
3.5043893700787403
21
-4.0647761023622042
0
LINE
8
User.Drawings
6
CONTINUOUS
10
3.5043893700787403
20
-4.0647761023622042
11
3.5084540944881888
21
-4.0711779921259845
0
LINE
8
User.Drawings
6
CONTINUOUS
10
3.5084540944881888
20
-4.0711779921259845
11
3.5114024409448819
21
-4.0782106299212595
0
LINE
8
User.Drawings
6
CONTINUOUS
10
3.5114024409448819
20
-4.0782106299212595
11
3.5133636614173227
21
-4.0862443307086611
0
LINE
8
User.Drawings
6
CONTINUOUS
10
3.5133636614173227
20
-4.0862443307086611
11
3.5142562992125983
21
-4.0954503543307084
0
LINE
8
User.Drawings
6
CONTINUOUS
10
3.5142562992125983
20
-4.0954503543307084
11
3.4479145669291338
21
-4.0954503543307084
0
LINE
8
User.Drawings
6
CONTINUOUS
10
3.4479145669291338
20
-4.0954503543307084
11
3.4495993700787402
21
-4.1026973228346453
0
LINE
8
User.Drawings
6
CONTINUOUS
10
3.4495993700787402
20
-4.1026973228346453
11
3.4525410629921258
21
-4.1086042913385823
0
LINE
8
User.Drawings
6
CONTINUOUS
10
3.4525410629921258
20
-4.1086042913385823
11
3.4567255905511809
21
-4.1134224015748027
0
LINE
8
User.Drawings
6
CONTINUOUS
10
3.4567255905511809
20
-4.1134224015748027
11
3.4619653149606298
21
-4.1170588582677166
0
LINE
8
User.Drawings
6
CONTINUOUS
10
3.4619653149606298
20
-4.1170588582677166
11
3.4679205905511812
21
-4.1192530708661419
0
LINE
8
User.Drawings
6
CONTINUOUS
10
3.4679205905511812
20
-4.1192530708661419
11
3.4747985826771655
21
-4.1200121653543302
0
LINE
8
User.Drawings
6
CONTINUOUS
10
3.4747985826771655
20
-4.1200121653543302
11
3.4823903937007872
21
-4.1191927559055115
0
LINE
8
User.Drawings
6
CONTINUOUS
10
3.4823903937007872
20
-4.1191927559055115
11
3.4893310629921257
21
-4.1167744881889758
0
LINE
8
User.Drawings
6
CONTINUOUS
10
3.4893310629921257
20
-4.1167744881889758
11
3.4935137007874015
21
-4.1142592519685035
0
LINE
8
User.Drawings
6
CONTINUOUS
10
3.4935137007874015
20
-4.1142592519685035
11
3.4972415748031493
21
-4.110970157480315
0
LINE
8
User.Drawings
6
CONTINUOUS
10
3.4972415748031493
20
-4.110970157480315
11
3.5005518110236218
21
-4.106825905511811
0
LINE
8
User.Drawings
6
CONTINUOUS
10
3.5005518110236218
20
-4.106825905511811
11
3.5142562992125983
21
-4.1130050787401577
0
LINE
8
User.Drawings
6
CONTINUOUS
10
3.5142562992125983
20
-4.1130050787401577
11
3.5094571259842517
21
-4.1192212598425195
0
LINE
8
User.Drawings
6
CONTINUOUS
10
3.5094571259842517
20
-4.1192212598425195
11
3.503822992125984
21
-4.1242740944881886
0
LINE
8
User.Drawings
6
CONTINUOUS
10
3.503822992125984
20
-4.1242740944881886
11
3.49727374015748
21
-4.128257755905512
0
LINE
8
User.Drawings
6
CONTINUOUS
10
3.49727374015748
20
-4.128257755905512
11
3.4901194881889763
21
-4.1311061811023624
0
LINE
8
User.Drawings
6
CONTINUOUS
10
3.4901194881889763
20
-4.1311061811023624
11
3.4825343307086611
21
-4.1328285039370076
0
LINE
8
User.Drawings
6
CONTINUOUS
10
3.4825343307086611
20
-4.1328285039370076
11
3.474421653543307
21
-4.133413779527559
0
LINE
8
User.Drawings
6
CONTINUOUS
10
3.474421653543307
20
-4.133413779527559
11
3.4660224803149604
21
-4.132792244094488
0
LINE
8
User.Drawings
6
CONTINUOUS
10
3.4660224803149604
20
-4.132792244094488
11
3.4584881102362206
21
-4.1309940944881891
0
LINE
8
User.Drawings
6
CONTINUOUS
10
3.4584881102362206
20
-4.1309940944881891
11
3.4516772440944883
21
-4.1280692913385826
0
LINE
8
User.Drawings
6
CONTINUOUS
10
3.4516772440944883
20
-4.1280692913385826
11
3.4455072047244095
21
-4.1240101574803152
0
LINE
8
User.Drawings
6
CONTINUOUS
10
3.4455072047244095
20
-4.1240101574803152
11
3.4403807086614173
21
-4.119066771653543
0
LINE
8
User.Drawings
6
CONTINUOUS
10
3.4403807086614173
20
-4.119066771653543
11
3.4362024409448817
21
-4.1131666141732284
0
LINE
8
User.Drawings
6
CONTINUOUS
10
3.4362024409448817
20
-4.1131666141732284
11
3.4331550787401572
21
-4.1065964566929134
0
LINE
8
User.Drawings
6
CONTINUOUS
10
3.4331550787401572
20
-4.1065964566929134
11
3.4313037795275592
21
-4.0994595669291334
0
LINE
8
User.Drawings
6
CONTINUOUS
10
3.4313037795275592
20
-4.0994595669291334
11
3.4306694881889763
21
-4.0916270866141735
0
LINE
8
User.Drawings
6
CONTINUOUS
10
3.4306694881889763
20
-4.0916270866141735
11
3.4312577559055115
21
-4.0843036614173229
0
LINE
8
User.Drawings
6
CONTINUOUS
10
3.4312577559055115
20
-4.0843036614173229
11
3.4312946062992125
21
-4.0838448425196852
0
LINE
8
User.Drawings
6
CONTINUOUS
10
3.4312946062992125
20
-4.0838448425196852
11
3.433120748031496
21
-4.0767357480314956
0
LINE
8
User.Drawings
6
CONTINUOUS
10
3.433120748031496
20
-4.0767357480314956
11
3.4361284251968502
21
-4.0701750787401574
0
LINE
8
User.Drawings
6
CONTINUOUS
10
3.4361284251968502
20
-4.0701750787401574
11
3.4402339370078741
21
-4.0642400787401574
0
LINE
8
User.Drawings
6
CONTINUOUS
10
3.4402339370078741
20
-4.0642400787401574
11
3.445190590551181
21
-4.0592841338582675
0
LINE
8
User.Drawings
6
CONTINUOUS
10
3.445190590551181
20
-4.0592841338582675
11
3.4510714566929135
21
-4.0552252755905513
0
LINE
8
User.Drawings
6
CONTINUOUS
10
3.4510714566929135
20
-4.0552252755905513
11
3.4575792913385825
21
-4.0522468110236218
0
LINE
8
User.Drawings
6
CONTINUOUS
10
3.4575792913385825
20
-4.0522468110236218
11
3.4645224015748033
21
-4.0504511023622047
0
LINE
8
User.Drawings
6
CONTINUOUS
10
3.4645224015748033
20
-4.0504511023622047
11
3.472011929133858
21
-4.0498403937007872
0
LINE
8
User.Drawings
6
CONTINUOUS
10
3.472011929133858
20
-4.0498403937007872
11
3.4801924409448817
21
-4.0504885039370082
0
LINE
8
User.Drawings
6
CONTINUOUS
10
3.466661377952756
20
-4.0634515354330709
11
3.4615661417322832
21
-4.0653982283464565
0
LINE
8
User.Drawings
6
CONTINUOUS
10
3.4615661417322832
20
-4.0653982283464565
11
3.4568736614173226
21
-4.0686942125984249
0
LINE
8
User.Drawings
6
CONTINUOUS
10
3.4568736614173226
20
-4.0686942125984249
11
3.4530327559055118
21
-4.0729839763779525
0
LINE
8
User.Drawings
6
CONTINUOUS
10
3.4530327559055118
20
-4.0729839763779525
11
3.4501998818897639
21
-4.0781311811023624
0
LINE
8
User.Drawings
6
CONTINUOUS
10
3.4501998818897639
20
-4.0781311811023624
11
3.4483655511811024
21
-4.0843036614173229
0
LINE
8
User.Drawings
6
CONTINUOUS
10
3.4483655511811024
20
-4.0843036614173229
11
3.4979131889763777
21
-4.0843036614173229
0
LINE
8
User.Drawings
6
CONTINUOUS
10
3.4979131889763777
20
-4.0843036614173229
11
3.4958721653543305
21
-4.0781614960629922
0
LINE
8
User.Drawings
6
CONTINUOUS
10
3.4958721653543305
20
-4.0781614960629922
11
3.4927953937007872
21
-4.0730100787401575
0
LINE
8
User.Drawings
6
CONTINUOUS
10
3.4927953937007872
20
-4.0730100787401575
11
3.4886512204724407
21
-4.0686942125984249
0
LINE
8
User.Drawings
6
CONTINUOUS
10
3.4886512204724407
20
-4.0686942125984249
11
3.4836690944881887
21
-4.0654051181102364
0
LINE
8
User.Drawings
6
CONTINUOUS
10
3.4836690944881887
20
-4.0654051181102364
11
3.4782701574803148
21
-4.0634538188976377
0
LINE
8
User.Drawings
6
CONTINUOUS
10
3.4782701574803148
20
-4.0634538188976377
11
3.4723080708661418
21
-4.062791062992126
0
LINE
8
User.Drawings
6
CONTINUOUS
10
3.4723080708661418
20
-4.062791062992126
11
3.466661377952756
21
-4.0634515354330709
0
LINE
8
User.Drawings
6
CONTINUOUS
10
4.0964831102362202
20
-4.0504885039370082
11
4.1036924015748033
21
-4.0523524015748027
0
LINE
8
User.Drawings
6
CONTINUOUS
10
4.1036924015748033
20
-4.0523524015748027
11
4.1100978740157483
21
-4.0553733858267718
0
LINE
8
User.Drawings
6
CONTINUOUS
10
4.1100978740157483
20
-4.0553733858267718
11
4.1158152362204721
21
-4.0595490157480318
0
LINE
8
User.Drawings
6
CONTINUOUS
10
4.1158152362204721
20
-4.0595490157480318
11
4.1206800000000001
21
-4.0647761023622042
0
LINE
8
User.Drawings
6
CONTINUOUS
10
4.1206800000000001
20
-4.0647761023622042
11
4.1247447637795274
21
-4.0711779921259845
0
LINE
8
User.Drawings
6
CONTINUOUS
10
4.1247447637795274
20
-4.0711779921259845
11
4.1276930708661412
21
-4.0782106299212595
0
LINE
8
User.Drawings
6
CONTINUOUS
10
4.1276930708661412
20
-4.0782106299212595
11
4.129654291338583
21
-4.0862443307086611
0
LINE
8
User.Drawings
6
CONTINUOUS
10
4.129654291338583
20
-4.0862443307086611
11
4.1305469685039373
21
-4.0954503543307084
0
LINE
8
User.Drawings
6
CONTINUOUS
10
4.1305469685039373
20
-4.0954503543307084
11
4.0642051968503932
21
-4.0954503543307084
0
LINE
8
User.Drawings
6
CONTINUOUS
10
4.0642051968503932
20
-4.0954503543307084
11
4.0658899999999996
21
-4.1026973228346453
0
LINE
8
User.Drawings
6
CONTINUOUS
10
4.0658899999999996
20
-4.1026973228346453
11
4.0688316929133856
21
-4.1086042913385823
0
LINE
8
User.Drawings
6
CONTINUOUS
10
4.0688316929133856
20
-4.1086042913385823
11
4.0730162204724412
21
-4.1134224015748027
0
LINE
8
User.Drawings
6
CONTINUOUS
10
4.0730162204724412
20
-4.1134224015748027
11
4.0782559448818896
21
-4.1170588582677166
0
LINE
8
User.Drawings
6
CONTINUOUS
10
4.0782559448818896
20
-4.1170588582677166
11
4.084211220472441
21
-4.1192530708661419
0
LINE
8
User.Drawings
6
CONTINUOUS
10
4.084211220472441
20
-4.1192530708661419
11
4.091089251968504
21
-4.1200121653543302
0
LINE
8
User.Drawings
6
CONTINUOUS
10
4.091089251968504
20
-4.1200121653543302
11
4.0986810629921262
21
-4.1191927559055115
0
LINE
8
User.Drawings
6
CONTINUOUS
10
4.0986810629921262
20
-4.1191927559055115
11
4.1056216929133855
21
-4.1167744881889758
0
LINE
8
User.Drawings
6
CONTINUOUS
10
4.1056216929133855
20
-4.1167744881889758
11
4.1098043700787397
21
-4.1142592519685035
0
LINE
8
User.Drawings
6
CONTINUOUS
10
4.1098043700787397
20
-4.1142592519685035
11
4.1135322047244092
21
-4.110970157480315
0
LINE
8
User.Drawings
6
CONTINUOUS
10
4.1135322047244092
20
-4.110970157480315
11
4.1168424409448816
21
-4.106825905511811
0
LINE
8
User.Drawings
6
CONTINUOUS
10
4.1168424409448816
20
-4.106825905511811
11
4.1305469685039373
21
-4.1130050787401577
0
LINE
8
User.Drawings
6
CONTINUOUS
10
4.1305469685039373
20
-4.1130050787401577
11
4.125747755905512
21
-4.1192212598425195
0
LINE
8
User.Drawings
6
CONTINUOUS
10
4.125747755905512
20
-4.1192212598425195
11
4.1201136220472439
21
-4.1242740944881886
0
LINE
8
User.Drawings
6
CONTINUOUS
10
4.1201136220472439
20
-4.1242740944881886
11
4.1135643700787403
21
-4.128257755905512
0
LINE
8
User.Drawings
6
CONTINUOUS
10
4.1135643700787403
20
-4.128257755905512
11
4.1064101181102357
21
-4.1311061811023624
0
LINE
8
User.Drawings
6
CONTINUOUS
10
4.1064101181102357
20
-4.1311061811023624
11
4.098824960629921
21
-4.1328285039370076
0
LINE
8
User.Drawings
6
CONTINUOUS
10
4.098824960629921
20
-4.1328285039370076
11
4.0907122834645673
21
-4.133413779527559
0
LINE
8
User.Drawings
6
CONTINUOUS
10
4.0907122834645673
20
-4.133413779527559
11
4.0823131102362202
21
-4.132792244094488
0
LINE
8
User.Drawings
6
CONTINUOUS
10
4.0823131102362202
20
-4.132792244094488
11
4.0747787795275592
21
-4.1309940944881891
0
LINE
8
User.Drawings
6
CONTINUOUS
10
4.0747787795275592
20
-4.1309940944881891
11
4.0679679133858269
21
-4.1280692913385826
0
LINE
8
User.Drawings
6
CONTINUOUS
10
4.0679679133858269
20
-4.1280692913385826
11
4.0617978740157481
21
-4.1240101574803152
0
LINE
8
User.Drawings
6
CONTINUOUS
10
4.0617978740157481
20
-4.1240101574803152
11
4.0566713779527559
21
-4.119066771653543
0
LINE
8
User.Drawings
6
CONTINUOUS
10
4.0566713779527559
20
-4.119066771653543
11
4.0524931102362203
21
-4.1131666141732284
0
LINE
8
User.Drawings
6
CONTINUOUS
10
4.0524931102362203
20
-4.1131666141732284
11
4.0494457086614171
21
-4.1065964566929134
0
LINE
8
User.Drawings
6
CONTINUOUS
10
4.0494457086614171
20
-4.1065964566929134
11
4.047594409448819
21
-4.0994595669291334
0
LINE
8
User.Drawings
6
CONTINUOUS
10
4.047594409448819
20
-4.0994595669291334
11
4.0469601181102357
21
-4.0916270866141735
0
LINE
8
User.Drawings
6
CONTINUOUS
10
4.0469601181102357
20
-4.0916270866141735
11
4.0475483858267713
21
-4.0843036614173229
0
LINE
8
User.Drawings
6
CONTINUOUS
10
4.0475483858267713
20
-4.0843036614173229
11
4.0475852362204723
21
-4.0838448425196852
0
LINE
8
User.Drawings
6
CONTINUOUS
10
4.0475852362204723
20
-4.0838448425196852
11
4.0494113779527554
21
-4.0767357480314956
0
LINE
8
User.Drawings
6
CONTINUOUS
10
4.0494113779527554
20
-4.0767357480314956
11
4.0524190551181105
21
-4.0701750787401574
0
LINE
8
User.Drawings
6
CONTINUOUS
10
4.0524190551181105
20
-4.0701750787401574
11
4.0565246062992122
21
-4.0642400787401574
0
LINE
8
User.Drawings
6
CONTINUOUS
10
4.0565246062992122
20
-4.0642400787401574
11
4.0614812204724409
21
-4.0592841338582675
0
LINE
8
User.Drawings
6
CONTINUOUS
10
4.0614812204724409
20
-4.0592841338582675
11
4.0673620866141729
21
-4.0552252755905513
0
LINE
8
User.Drawings
6
CONTINUOUS
10
4.0673620866141729
20
-4.0552252755905513
11
4.0738699212598428
21
-4.0522468110236218
0
LINE
8
User.Drawings
6
CONTINUOUS
10
4.0738699212598428
20
-4.0522468110236218
11
4.0808130708661414
21
-4.0504511023622047
0
LINE
8
User.Drawings
6
CONTINUOUS
10
4.0808130708661414
20
-4.0504511023622047
11
4.0883025590551183
21
-4.0498403937007872
0
LINE
8
User.Drawings
6
CONTINUOUS
10
4.0883025590551183
20
-4.0498403937007872
11
4.0964831102362202
21
-4.0504885039370082
0
LINE
8
User.Drawings
6
CONTINUOUS
10
4.0829520078740158
20
-4.0634515354330709
11
4.0778568110236222
21
-4.0653982283464565
0
LINE
8
User.Drawings
6
CONTINUOUS
10
4.0778568110236222
20
-4.0653982283464565
11
4.0731643307086616
21
-4.0686942125984249
0
LINE
8
User.Drawings
6
CONTINUOUS
10
4.0731643307086616
20
-4.0686942125984249
11
4.06932342519685
21
-4.0729839763779525
0
LINE
8
User.Drawings
6
CONTINUOUS
10
4.06932342519685
20
-4.0729839763779525
11
4.0664905118110237
21
-4.0781311811023624
0
LINE
8
User.Drawings
6
CONTINUOUS
10
4.0664905118110237
20
-4.0781311811023624
11
4.0646561811023618
21
-4.0843036614173229
0
LINE
8
User.Drawings
6
CONTINUOUS
10
4.0646561811023618
20
-4.0843036614173229
11
4.1142038582677163
21
-4.0843036614173229
0
LINE
8
User.Drawings
6
CONTINUOUS
10
4.1142038582677163
20
-4.0843036614173229
11
4.1121628346456696
21
-4.0781614960629922
0
LINE
8
User.Drawings
6
CONTINUOUS
10
4.1121628346456696
20
-4.0781614960629922
11
4.109086023622047
21
-4.0730100787401575
0
LINE
8
User.Drawings
6
CONTINUOUS
10
4.109086023622047
20
-4.0730100787401575
11
4.1049418503937005
21
-4.0686942125984249
0
LINE
8
User.Drawings
6
CONTINUOUS
10
4.1049418503937005
20
-4.0686942125984249
11
4.0999597637795278
21
-4.0654051181102364
0
LINE
8
User.Drawings
6
CONTINUOUS
10
4.0999597637795278
20
-4.0654051181102364
11
4.0945607874015746
21
-4.0634538188976377
0
LINE
8
User.Drawings
6
CONTINUOUS
10
4.0945607874015746
20
-4.0634538188976377
11
4.0885987401574804
21
-4.062791062992126
0
LINE
8
User.Drawings
6
CONTINUOUS
10
4.0885987401574804
20
-4.062791062992126
11
4.0829520078740158
21
-4.0634515354330709
0
LINE
8
User.Drawings
6
CONTINUOUS
10
4.2692300787401578
20
-4.0504885039370082
11
4.2764394094488187
21
-4.0523524015748027
0
LINE
8
User.Drawings
6
CONTINUOUS
10
4.2764394094488187
20
-4.0523524015748027
11
4.2828448818897638
21
-4.0553733858267718
0
LINE
8
User.Drawings
6
CONTINUOUS
10
4.2828448818897638
20
-4.0553733858267718
11
4.2885622440944884
21
-4.0595490157480318
0
LINE
8
User.Drawings
6
CONTINUOUS
10
4.2885622440944884
20
-4.0595490157480318
11
4.2934270078740155
21
-4.0647761023622042
0
LINE
8
User.Drawings
6
CONTINUOUS
10
4.2934270078740155
20
-4.0647761023622042
11
4.297491732283464
21
-4.0711779921259845
0
LINE
8
User.Drawings
6
CONTINUOUS
10
4.297491732283464
20
-4.0711779921259845
11
4.3004400787401575
21
-4.0782106299212595
0
LINE
8
User.Drawings
6
CONTINUOUS
10
4.3004400787401575
20
-4.0782106299212595
11
4.3024012992125984
21
-4.0862443307086611
0
LINE
8
User.Drawings
6
CONTINUOUS
10
4.3024012992125984
20
-4.0862443307086611
11
4.3032939763779527
21
-4.0954503543307084
0
LINE
8
User.Drawings
6
CONTINUOUS
10
4.3032939763779527
20
-4.0954503543307084
11
4.2369522047244095
21
-4.0954503543307084
0
LINE
8
User.Drawings
6
CONTINUOUS
10
4.2369522047244095
20
-4.0954503543307084
11
4.2386370078740159
21
-4.1026973228346453
0
LINE
8
User.Drawings
6
CONTINUOUS
10
4.2386370078740159
20
-4.1026973228346453
11
4.2415787007874011
21
-4.1086042913385823
0
LINE
8
User.Drawings
6
CONTINUOUS
10
4.2415787007874011
20
-4.1086042913385823
11
4.2457632283464566
21
-4.1134224015748027
0
LINE
8
User.Drawings
6
CONTINUOUS
10
4.2457632283464566
20
-4.1134224015748027
11
4.251002952755905
21
-4.1170588582677166
0
LINE
8
User.Drawings
6
CONTINUOUS
10
4.251002952755905
20
-4.1170588582677166
11
4.2569582283464564
21
-4.1192530708661419
0
LINE
8
User.Drawings
6
CONTINUOUS
10
4.2569582283464564
20
-4.1192530708661419
11
4.2638362598425195
21
-4.1200121653543302
0
LINE
8
User.Drawings
6
CONTINUOUS
10
4.2638362598425195
20
-4.1200121653543302
11
4.2714280708661416
21
-4.1191927559055115
0
LINE
8
User.Drawings
6
CONTINUOUS
10
4.2714280708661416
20
-4.1191927559055115
11
4.2783687007874018
21
-4.1167744881889758
0
LINE
8
User.Drawings
6
CONTINUOUS
10
4.2783687007874018
20
-4.1167744881889758
11
4.2825513385826772
21
-4.1142592519685035
0
LINE
8
User.Drawings
6
CONTINUOUS
10
4.2825513385826772
20
-4.1142592519685035
11
4.2862792125984255
21
-4.110970157480315
0
LINE
8
User.Drawings
6
CONTINUOUS
10
4.2862792125984255
20
-4.110970157480315
11
4.2895894488188979
21
-4.106825905511811
0
LINE
8
User.Drawings
6
CONTINUOUS
10
4.2895894488188979
20
-4.106825905511811
11
4.3032939763779527
21
-4.1130050787401577
0
LINE
8
User.Drawings
6
CONTINUOUS
10
4.3032939763779527
20
-4.1130050787401577
11
4.2984947637795274
21
-4.1192212598425195
0
LINE
8
User.Drawings
6
CONTINUOUS
10
4.2984947637795274
20
-4.1192212598425195
11
4.2928606299212602
21
-4.1242740944881886
0
LINE
8
User.Drawings
6
CONTINUOUS
10
4.2928606299212602
20
-4.1242740944881886
11
4.2863113779527557
21
-4.128257755905512
0
LINE
8
User.Drawings
6
CONTINUOUS
10
4.2863113779527557
20
-4.128257755905512
11
4.279157125984252
21
-4.1311061811023624
0
LINE
8
User.Drawings
6
CONTINUOUS
10
4.279157125984252
20
-4.1311061811023624
11
4.2715719685039373
21
-4.1328285039370076
0
LINE
8
User.Drawings
6
CONTINUOUS
10
4.2715719685039373
20
-4.1328285039370076
11
4.2634592913385827
21
-4.133413779527559
0
LINE
8
User.Drawings
6
CONTINUOUS
10
4.2634592913385827
20
-4.133413779527559
11
4.2550601181102365
21
-4.132792244094488
0
LINE
8
User.Drawings
6
CONTINUOUS
10
4.2550601181102365
20
-4.132792244094488
11
4.2475257874015746
21
-4.1309940944881891
0
LINE
8
User.Drawings
6
CONTINUOUS
10
4.2475257874015746
20
-4.1309940944881891
11
4.2407149212598423
21
-4.1280692913385826
0
LINE
8
User.Drawings
6
CONTINUOUS
10
4.2407149212598423
20
-4.1280692913385826
11
4.2345448818897635
21
-4.1240101574803152
0
LINE
8
User.Drawings
6
CONTINUOUS
10
4.2345448818897635
20
-4.1240101574803152
11
4.2294183858267713
21
-4.119066771653543
0
LINE
8
User.Drawings
6
CONTINUOUS
10
4.2294183858267713
20
-4.119066771653543
11
4.2252401181102357
21
-4.1131666141732284
0
LINE
8
User.Drawings
6
CONTINUOUS
10
4.2252401181102357
20
-4.1131666141732284
11
4.2221927165354334
21
-4.1065964566929134
0
LINE
8
User.Drawings
6
CONTINUOUS
10
4.2221927165354334
20
-4.1065964566929134
11
4.2203414173228344
21
-4.0994595669291334
0
LINE
8
User.Drawings
6
CONTINUOUS
10
4.2203414173228344
20
-4.0994595669291334
11
4.219707125984252
21
-4.0916270866141735
0
LINE
8
User.Drawings
6
CONTINUOUS
10
4.219707125984252
20
-4.0916270866141735
11
4.2202953937007877
21
-4.0843036614173229
0
LINE
8
User.Drawings
6
CONTINUOUS
10
4.2202953937007877
20
-4.0843036614173229
11
4.2203322440944877
21
-4.0838448425196852
0
LINE
8
User.Drawings
6
CONTINUOUS
10
4.2203322440944877
20
-4.0838448425196852
11
4.2221583858267717
21
-4.0767357480314956
0
LINE
8
User.Drawings
6
CONTINUOUS
10
4.2221583858267717
20
-4.0767357480314956
11
4.2251660629921259
21
-4.0701750787401574
0
LINE
8
User.Drawings
6
CONTINUOUS
10
4.2251660629921259
20
-4.0701750787401574
11
4.2292716141732285
21
-4.0642400787401574
0
LINE
8
User.Drawings
6
CONTINUOUS
10
4.2292716141732285
20
-4.0642400787401574
11
4.2342282283464563
21
-4.0592841338582675
0
LINE
8
User.Drawings
6
CONTINUOUS
10
4.2342282283464563
20
-4.0592841338582675
11
4.2401090944881892
21
-4.0552252755905513
0
LINE
8
User.Drawings
6
CONTINUOUS
10
4.2401090944881892
20
-4.0552252755905513
11
4.2466169291338582
21
-4.0522468110236218
0
LINE
8
User.Drawings
6
CONTINUOUS
10
4.2466169291338582
20
-4.0522468110236218
11
4.2535600787401577
21
-4.0504511023622047
0
LINE
8
User.Drawings
6
CONTINUOUS
10
4.2535600787401577
20
-4.0504511023622047
11
4.2610495669291337
21
-4.0498403937007872
0
LINE
8
User.Drawings
6
CONTINUOUS
10
4.2610495669291337
20
-4.0498403937007872
11
4.2692300787401578
21
-4.0504885039370082
0
LINE
8
User.Drawings
6
CONTINUOUS
10
4.2556990157480312
20
-4.0634515354330709
11
4.2506038188976376
21
-4.0653982283464565
0
LINE
8
User.Drawings
6
CONTINUOUS
10
4.2506038188976376
20
-4.0653982283464565
11
4.2459112992125982
21
-4.0686942125984249
0
LINE
8
User.Drawings
6
CONTINUOUS
10
4.2459112992125982
20
-4.0686942125984249
11
4.2420704330708663
21
-4.0729839763779525
0
LINE
8
User.Drawings
6
CONTINUOUS
10
4.2420704330708663
20
-4.0729839763779525
11
4.2392375196850391
21
-4.0781311811023624
0
LINE
8
User.Drawings
6
CONTINUOUS
10
4.2392375196850391
20
-4.0781311811023624
11
4.2374031889763781
21
-4.0843036614173229
0
LINE
8
User.Drawings
6
CONTINUOUS
10
4.2374031889763781
20
-4.0843036614173229
11
4.2869508267716538
21
-4.0843036614173229
0
LINE
8
User.Drawings
6
CONTINUOUS
10
4.2869508267716538
20
-4.0843036614173229
11
4.2849098031496062
21
-4.0781614960629922
0
LINE
8
User.Drawings
6
CONTINUOUS
10
4.2849098031496062
20
-4.0781614960629922
11
4.2818330314960633
21
-4.0730100787401575
0
LINE
8
User.Drawings
6
CONTINUOUS
10
4.2818330314960633
20
-4.0730100787401575
11
4.2776888582677168
21
-4.0686942125984249
0
LINE
8
User.Drawings
6
CONTINUOUS
10
4.2776888582677168
20
-4.0686942125984249
11
4.2727067716535432
21
-4.0654051181102364
0
LINE
8
User.Drawings
6
CONTINUOUS
10
4.2727067716535432
20
-4.0654051181102364
11
4.2673077952755909
21
-4.0634538188976377
0
LINE
8
User.Drawings
6
CONTINUOUS
10
4.2673077952755909
20
-4.0634538188976377
11
4.2613457480314958
21
-4.062791062992126
0
LINE
8
User.Drawings
6
CONTINUOUS
10
4.2613457480314958
20
-4.062791062992126
11
4.2556990157480312
21
-4.0634515354330709
0
LINE
8
User.Drawings
6
CONTINUOUS
10
4.5958250787401571
20
-4.0504870472440944
11
4.6028354330708661
21
-4.0523840944881888
0
LINE
8
User.Drawings
6
CONTINUOUS
10
4.6028354330708661
20
-4.0523840944881888
11
4.609358818897638
21
-4.0555281889763775
0
LINE
8
User.Drawings
6
CONTINUOUS
10
4.609358818897638
20
-4.0555281889763775
11
4.6152520472440948
21
-4.0597629527559054
0
LINE
8
User.Drawings
6
CONTINUOUS
10
4.6152520472440948
20
-4.0597629527559054
11
4.6201971259842516
21
-4.0648214566929131
0
LINE
8
User.Drawings
6
CONTINUOUS
10
4.6201971259842516
20
-4.0648214566929131
11
4.6242682283464562
21
-4.0707741338582677
0
LINE
8
User.Drawings
6
CONTINUOUS
10
4.6242682283464562
20
-4.0707741338582677
11
4.627277244094488
21
-4.0773251968503939
0
LINE
8
User.Drawings
6
CONTINUOUS
10
4.627277244094488
20
-4.0773251968503939
11
4.6290823622047244
21
-4.0842410629921257
0
LINE
8
User.Drawings
6
CONTINUOUS
10
4.6290823622047244
20
-4.0842410629921257
11
4.6296934645669294
21
-4.0916270866141735
0
LINE
8
User.Drawings
6
CONTINUOUS
10
4.6296934645669294
20
-4.0916270866141735
11
4.6290707874015746
21
-4.0991569685039373
0
LINE
8
User.Drawings
6
CONTINUOUS
10
4.6290707874015746
20
-4.0991569685039373
11
4.6272381102362203
21
-4.1061466141732286
0
LINE
8
User.Drawings
6
CONTINUOUS
10
4.6272381102362203
20
-4.1061466141732286
11
4.6241941732283465
21
-4.1127088976377948
0
LINE
8
User.Drawings
6
CONTINUOUS
10
4.6241941732283465
20
-4.1127088976377948
11
4.6200755905511812
21
-4.1186572047244097
0
LINE
8
User.Drawings
6
CONTINUOUS
10
4.6200755905511812
20
-4.1186572047244097
11
4.6151049999999998
21
-4.1236785433070864
0
LINE
8
User.Drawings
6
CONTINUOUS
10
4.6151049999999998
20
-4.1236785433070864
11
4.6092107480314963
21
-4.1278471653543303
0
LINE
8
User.Drawings
6
CONTINUOUS
10
4.6092107480314963
20
-4.1278471653543303
11
4.6026919685039367
21
-4.1309274409448822
0
LINE
8
User.Drawings
6
CONTINUOUS
10
4.6026919685039367
20
-4.1309274409448822
11
4.5957283858267717
21
-4.1327827559055121
0
LINE
8
User.Drawings
6
CONTINUOUS
10
4.5957283858267717
20
-4.1327827559055121
11
4.5882029527559052
21
-4.133413779527559
0
LINE
8
User.Drawings
6
CONTINUOUS
10
4.5882029527559052
20
-4.133413779527559
11
4.5804214566929131
21
-4.1327772047244098
0
LINE
8
User.Drawings
6
CONTINUOUS
10
4.5804214566929131
20
-4.1327772047244098
11
4.5733085826771651
21
-4.1309163385826775
0
LINE
8
User.Drawings
6
CONTINUOUS
10
4.5733085826771651
20
-4.1309163385826775
11
4.566737480314961
21
-4.1278471653543303
0
LINE
8
User.Drawings
6
CONTINUOUS
10
4.566737480314961
20
-4.1278471653543303
11
4.5608089370078737
21
-4.1236672047244092
0
LINE
8
User.Drawings
6
CONTINUOUS
10
4.5608089370078737
20
-4.1236672047244092
11
4.555877952755905
21
-4.1186456299212599
0
LINE
8
User.Drawings
6
CONTINUOUS
10
4.555877952755905
20
-4.1186456299212599
11
4.5518617322834647
21
-4.1127088976377948
0
LINE
8
User.Drawings
6
CONTINUOUS
10
4.5518617322834647
20
-4.1127088976377948
11
4.5489295275590553
21
-4.106157283464567
0
LINE
8
User.Drawings
6
CONTINUOUS
10
4.5489295275590553
20
-4.106157283464567
11
4.5471597637795274
21
-4.0991662204724406
0
LINE
8
User.Drawings
6
CONTINUOUS
10
4.5471597637795274
20
-4.0991662204724406
11
4.5465576377952752
21
-4.0916270866141735
0
LINE
8
User.Drawings
6
CONTINUOUS
10
4.5465576377952752
20
-4.0916270866141735
11
4.547170078740157
21
-4.0837348818897636
0
LINE
8
User.Drawings
6
CONTINUOUS
10
4.547170078740157
20
-4.0837348818897636
11
4.5489496850393696
21
-4.0766010236220476
0
LINE
8
User.Drawings
6
CONTINUOUS
10
4.5489496850393696
20
-4.0766010236220476
11
4.5518617322834647
21
-4.0700942913385827
0
LINE
8
User.Drawings
6
CONTINUOUS
10
4.5518617322834647
20
-4.0700942913385827
11
4.555875866141732
21
-4.0642159842519687
0
LINE
8
User.Drawings
6
CONTINUOUS
10
4.555875866141732
20
-4.0642159842519687
11
4.5607827952755908
21
-4.0592855905511813
0
LINE
8
User.Drawings
6
CONTINUOUS
10
4.5607827952755908
20
-4.0592855905511813
11
4.5666634251968503
21
-4.0552252755905513
0
LINE
8
User.Drawings
6
CONTINUOUS
10
4.5666634251968503
20
-4.0552252755905513
11
4.573179015748031
21
-4.0522670866141732
0
LINE
8
User.Drawings
6
CONTINUOUS
10
4.573179015748031
20
-4.0522670866141732
11
4.5803146850393697
21
-4.0504614173228344
0
LINE
8
User.Drawings
6
CONTINUOUS
10
4.5803146850393697
20
-4.0504614173228344
11
4.5882029527559052
21
-4.0498403937007872
0
LINE
8
User.Drawings
6
CONTINUOUS
10
4.5882029527559052
20
-4.0498403937007872
11
4.5958250787401571
21
-4.0504870472440944
0
LINE
8
User.Drawings
6
CONTINUOUS
10
4.5835358267716533
20
-4.0653144094488187
11
4.5793176771653545
21
-4.0665270866141734
0
LINE
8
User.Drawings
6
CONTINUOUS
10
4.5793176771653545
20
-4.0665270866141734
11
4.5753196456692908
21
-4.0685596062992122
0
LINE
8
User.Drawings
6
CONTINUOUS
10
4.5753196456692908
20
-4.0685596062992122
11
4.5717357874015745
21
-4.07126811023622
0
LINE
8
User.Drawings
6
CONTINUOUS
10
4.5717357874015745
20
-4.07126811023622
11
4.5687103149606294
21
-4.0745238582677166
0
LINE
8
User.Drawings
6
CONTINUOUS
10
4.5687103149606294
20
-4.0745238582677166
11
4.5662057086614176
21
-4.0783802755905514
0
LINE
8
User.Drawings
6
CONTINUOUS
10
4.5662057086614176
20
-4.0783802755905514
11
4.5637239763779522
21
-4.0847701574803148
0
LINE
8
User.Drawings
6
CONTINUOUS
10
4.5637239763779522
20
-4.0847701574803148
11
4.5628940157480313
21
-4.0916270866141735
0
LINE
8
User.Drawings
6
CONTINUOUS
10
4.5628940157480313
20
-4.0916270866141735
11
4.5637239763779522
21
-4.0984840157480313
0
LINE
8
User.Drawings
6
CONTINUOUS
10
4.5637239763779522
20
-4.0984840157480313
11
4.5662057086614176
21
-4.1048738976377948
0
LINE
8
User.Drawings
6
CONTINUOUS
10
4.5662057086614176
20
-4.1048738976377948
11
4.5687159055118105
21
-4.1087230708661417
0
LINE
8
User.Drawings
6
CONTINUOUS
10
4.5687159055118105
20
-4.1087230708661417
11
4.5717648425196851
21
-4.1119676377952752
0
LINE
8
User.Drawings
6
CONTINUOUS
10
4.5717648425196851
20
-4.1119676377952752
11
4.5753937007874015
21
-4.1146609055118111
0
LINE
8
User.Drawings
6
CONTINUOUS
10
4.5753937007874015
20
-4.1146609055118111
11
4.5794365748031494
21
-4.1166724015748031
0
LINE
8
User.Drawings
6
CONTINUOUS
10
4.5794365748031494
20
-4.1166724015748031
11
4.5836804724409443
21
-4.1178711811023625
0
LINE
8
User.Drawings
6
CONTINUOUS
10
4.5836804724409443
20
-4.1178711811023625
11
4.5881962204724411
21
-4.1182755118110235
0
LINE
8
User.Drawings
6
CONTINUOUS
10
4.5881962204724411
20
-4.1182755118110235
11
4.5927148818897638
21
-4.1178696456692911
0
LINE
8
User.Drawings
6
CONTINUOUS
10
4.5927148818897638
20
-4.1178696456692911
11
4.5969332677165351
21
-4.1166696062992125
0
LINE
8
User.Drawings
6
CONTINUOUS
10
4.5969332677165351
20
-4.1166696062992125
11
4.6009247637795276
21
-4.1146609055118111
0
LINE
8
User.Drawings
6
CONTINUOUS
10
4.6009247637795276
20
-4.1146609055118111
11
4.6045112204724408
21
-4.1119730314960625
0
LINE
8
User.Drawings
6
CONTINUOUS
10
4.6045112204724408
20
-4.1119730314960625
11
4.6075103543307083
21
-4.1087545275590553
0
LINE
8
User.Drawings
6
CONTINUOUS
10
4.6075103543307083
20
-4.1087545275590553
11
4.6099646062992123
21
-4.1049546850393703
0
LINE
8
User.Drawings
6
CONTINUOUS
10
4.6099646062992123
20
-4.1049546850393703
11
4.6123837007874018
21
-4.0986111417322837
0
LINE
8
User.Drawings
6
CONTINUOUS
10
4.6123837007874018
20
-4.0986111417322837
11
4.6132022834645667
21
-4.0916270866141735
0
LINE
8
User.Drawings
6
CONTINUOUS
10
4.6132022834645667
20
-4.0916270866141735
11
4.6123880314960628
21
-4.0847770866141735
0
LINE
8
User.Drawings
6
CONTINUOUS
10
4.6123880314960628
20
-4.0847770866141735
11
4.6099646062992123
21
-4.0784543307086611
0
LINE
8
User.Drawings
6
CONTINUOUS
10
4.6099646062992123
20
-4.0784543307086611
11
4.6075140551181102
21
-4.0746434645669289
0
LINE
8
User.Drawings
6
CONTINUOUS
10
4.6075140551181102
20
-4.0746434645669289
11
4.6045148818897639
21
-4.0713855118110232
0
LINE
8
User.Drawings
6
CONTINUOUS
10
4.6045148818897639
20
-4.0713855118110232
11
4.6009247637795276
21
-4.0686336614173229
0
LINE
8
User.Drawings
6
CONTINUOUS
10
4.6009247637795276
20
-4.0686336614173229
11
4.5969245669291334
21
-4.066564488188976
0
LINE
8
User.Drawings
6
CONTINUOUS
10
4.5969245669291334
20
-4.066564488188976
11
4.5926590551181103
21
-4.0653251574803146
0
LINE
8
User.Drawings
6
CONTINUOUS
10
4.5926590551181103
20
-4.0653251574803146
11
4.5880481496062995
21
-4.0649046062992129
0
LINE
8
User.Drawings
6
CONTINUOUS
10
4.5880481496062995
20
-4.0649046062992129
11
4.5835358267716533
21
-4.0653144094488187
0
LINE
8
User.Drawings
6
CONTINUOUS
10
1.0620912204724409
20
-4.0163590157480318
11
1.0684549212598424
21
-4.0180069291338585
0
LINE
8
User.Drawings
6
CONTINUOUS
10
1.0684549212598424
20
-4.0180069291338585
11
1.0746659842519686
21
-4.0207889370078735
0
LINE
8
User.Drawings
6
CONTINUOUS
10
1.0746659842519686
20
-4.0207889370078735
11
1.080792716535433
21
-4.0248007086614175
0
LINE
8
User.Drawings
6
CONTINUOUS
10
1.080792716535433
20
-4.0248007086614175
11
1.080792716535433
21
-4.0171003149606301
0
LINE
8
User.Drawings
6
CONTINUOUS
10
1.080792716535433
20
-4.0171003149606301
11
1.0946520472440944
21
-4.0171003149606301
0
LINE
8
User.Drawings
6
CONTINUOUS
10
1.0946520472440944
20
-4.0171003149606301
11
1.0946520472440944
21
-4.051563582677165
0
LINE
8
User.Drawings
6
CONTINUOUS
10
1.0946520472440944
20
-4.051563582677165
11
1.080792716535433
21
-4.051563582677165
0
LINE
8
User.Drawings
6
CONTINUOUS
10
1.080792716535433
20
-4.051563582677165
11
1.080792716535433
21
-4.0436814566929131
0
LINE
8
User.Drawings
6
CONTINUOUS
10
1.080792716535433
20
-4.0436814566929131
11
1.076888937007874
21
-4.038752283464567
0
LINE
8
User.Drawings
6
CONTINUOUS
10
1.076888937007874
20
-4.038752283464567
11
1.0725949606299212
21
-4.0350643700787403
0
LINE
8
User.Drawings
6
CONTINUOUS
10
1.0725949606299212
20
-4.0350643700787403
11
1.0678660629921259
21
-4.0324655905511806
0
LINE
8
User.Drawings
6
CONTINUOUS
10
1.0678660629921259
20
-4.0324655905511806
11
1.0626100787401576
21
-4.0308853937007871
0
LINE
8
User.Drawings
6
CONTINUOUS
10
1.0626100787401576
20
-4.0308853937007871
11
1.0566953543307087
21
-4.0303403937007873
0
LINE
8
User.Drawings
6
CONTINUOUS
10
1.0566953543307087
20
-4.0303403937007873
11
1.050565590551181
21
-4.0308233858267712
0
LINE
8
User.Drawings
6
CONTINUOUS
10
1.050565590551181
20
-4.0308233858267712
11
1.0459029527559054
21
-4.0321258267716535
0
LINE
8
User.Drawings
6
CONTINUOUS
10
1.0459029527559054
20
-4.0321258267716535
11
1.0423850393700786
21
-4.0341031102362201
0
LINE
8
User.Drawings
6
CONTINUOUS
10
1.0423850393700786
20
-4.0341031102362201
11
1.0396566929133857
21
-4.0369329133858267
0
LINE
8
User.Drawings
6
CONTINUOUS
10
1.0396566929133857
20
-4.0369329133858267
11
1.0380035433070867
21
-4.0404681496062995
0
LINE
8
User.Drawings
6
CONTINUOUS
10
1.0380035433070867
20
-4.0404681496062995
11
1.0374174803149605
21
-4.0449334251968505
0
LINE
8
User.Drawings
6
CONTINUOUS
10
1.0374174803149605
20
-4.0449334251968505
11
1.0379753543307086
21
-4.0492136614173226
0
LINE
8
User.Drawings
6
CONTINUOUS
10
1.0379753543307086
20
-4.0492136614173226
11
1.039543464566929
21
-4.052577086614173
0
LINE
8
User.Drawings
6
CONTINUOUS
10
1.039543464566929
20
-4.052577086614173
11
1.0421225196850394
21
-4.0552454724409444
0
LINE
8
User.Drawings
6
CONTINUOUS
10
1.0421225196850394
20
-4.0552454724409444
11
1.0475763779527558
21
-4.058302244094488
0
LINE
8
User.Drawings
6
CONTINUOUS
10
1.0475763779527558
20
-4.058302244094488
11
1.0565472834645668
21
-4.0612631102362204
0
LINE
8
User.Drawings
6
CONTINUOUS
10
1.0565472834645668
20
-4.0612631102362204
11
1.0698748818897637
21
-4.0647969291338581
0
LINE
8
User.Drawings
6
CONTINUOUS
10
1.0698748818897637
20
-4.0647969291338581
11
1.0782208661417323
21
-4.0674978346456694
0
LINE
8
User.Drawings
6
CONTINUOUS
10
1.0782208661417323
20
-4.0674978346456694
11
1.0846173622047244
21
-4.0705074015748028
0
LINE
8
User.Drawings
6
CONTINUOUS
10
1.0846173622047244
20
-4.0705074015748028
11
1.0894152362204723
21
-4.0737560236220469
0
LINE
8
User.Drawings
6
CONTINUOUS
10
1.0894152362204723
20
-4.0737560236220469
11
1.0936165748031497
21
-4.0777477165354332
0
LINE
8
User.Drawings
6
CONTINUOUS
10
1.0936165748031497
20
-4.0777477165354332
11
1.0965074015748031
21
-4.0816683464566932
0
LINE
8
User.Drawings
6
CONTINUOUS
10
1.0965074015748031
20
-4.0816683464566932
11
1.0983003149606299
21
-4.0855690944881893
0
LINE
8
User.Drawings
6
CONTINUOUS
10
1.0983003149606299
20
-4.0855690944881893
11
1.0998351181102362
21
-4.0920388188976373
0
LINE
8
User.Drawings
6
CONTINUOUS
10
1.0998351181102362
20
-4.0920388188976373
11
1.1003735039370079
21
-4.0994890157480315
0
LINE
8
User.Drawings
6
CONTINUOUS
10
1.1003735039370079
20
-4.0994890157480315
11
1.0997208661417324
21
-4.1070848031496059
0
LINE
8
User.Drawings
6
CONTINUOUS
10
1.0997208661417324
20
-4.1070848031496059
11
1.0978650393700786
21
-4.113565393700787
0
LINE
8
User.Drawings
6
CONTINUOUS
10
1.0978650393700786
20
-4.113565393700787
11
1.0948807086614174
21
-4.1191373622047243
0
LINE
8
User.Drawings
6
CONTINUOUS
10
1.0948807086614174
20
-4.1191373622047243
11
1.0907345669291337
21
-4.1239498425196848
0
LINE
8
User.Drawings
6
CONTINUOUS
10
1.0907345669291337
20
-4.1239498425196848
11
1.0856759448818898
21
-4.1277988582677168
0
LINE
8
User.Drawings
6
CONTINUOUS
10
1.0856759448818898
20
-4.1277988582677168
11
1.0797975590551181
21
-4.13060405511811
0
LINE
8
User.Drawings
6
CONTINUOUS
10
1.0797975590551181
20
-4.13060405511811
11
1.072942716535433
21
-4.1323625196850395
0
LINE
8
User.Drawings
6
CONTINUOUS
10
1.072942716535433
20
-4.1323625196850395
11
1.0649073228346457
21
-4.1329829921259842
0
LINE
8
User.Drawings
6
CONTINUOUS
10
1.0649073228346457
20
-4.1329829921259842
11
1.0574297637795276
21
-4.132292598425197
0
LINE
8
User.Drawings
6
CONTINUOUS
10
1.0574297637795276
20
-4.132292598425197
11
1.050329842519685
21
-4.1302351968503936
0
LINE
8
User.Drawings
6
CONTINUOUS
10
1.050329842519685
20
-4.1302351968503936
11
1.0434892125984252
21
-4.1267608267716538
0
LINE
8
User.Drawings
6
CONTINUOUS
10
1.0434892125984252
20
-4.1267608267716538
11
1.0368184251968504
21
-4.1217285826771652
0
LINE
8
User.Drawings
6
CONTINUOUS
10
1.0368184251968504
20
-4.1217285826771652
11
1.0368184251968504
21
-4.1312598425196851
0
LINE
8
User.Drawings
6
CONTINUOUS
10
1.0368184251968504
20
-4.1312598425196851
11
1.0226629133858267
21
-4.1312598425196851
0
LINE
8
User.Drawings
6
CONTINUOUS
10
1.0226629133858267
20
-4.1312598425196851
11
1.0226629133858267
21
-4.0899039370078736
0
LINE
8
User.Drawings
6
CONTINUOUS
10
1.0226629133858267
20
-4.0899039370078736
11
1.0368184251968504
21
-4.0899039370078736
0
LINE
8
User.Drawings
6
CONTINUOUS
10
1.0368184251968504
20
-4.0899039370078736
11
1.0368184251968504
21
-4.0998659448818895
0
LINE
8
User.Drawings
6
CONTINUOUS
10
1.0368184251968504
20
-4.0998659448818895
11
1.0415019685039371
21
-4.107033031496063
0
LINE
8
User.Drawings
6
CONTINUOUS
10
1.0415019685039371
20
-4.107033031496063
11
1.0464399606299213
21
-4.1121934645669294
0
LINE
8
User.Drawings
6
CONTINUOUS
10
1.0464399606299213
20
-4.1121934645669294
11
1.0516534251968503
21
-4.1156938976377955
0
LINE
8
User.Drawings
6
CONTINUOUS
10
1.0516534251968503
20
-4.1156938976377955
11
1.0572318110236221
21
-4.1177546456692911
0
LINE
8
User.Drawings
6
CONTINUOUS
10
1.0572318110236221
20
-4.1177546456692911
11
1.0633255118110236
21
-4.1184505511811027
0
LINE
8
User.Drawings
6
CONTINUOUS
10
1.0633255118110236
20
-4.1184505511811027
11
1.0695188188976377
21
-4.1178418110236219
0
LINE
8
User.Drawings
6
CONTINUOUS
10
1.0695188188976377
20
-4.1178418110236219
11
1.0743640157480314
21
-4.116164133858268
0
LINE
8
User.Drawings
6
CONTINUOUS
10
1.0743640157480314
20
-4.116164133858268
11
1.0781608661417323
21
-4.1135233858267712
0
LINE
8
User.Drawings
6
CONTINUOUS
10
1.0781608661417323
20
-4.1135233858267712
11
1.0810150787401576
21
-4.1099215748031499
0
LINE
8
User.Drawings
6
CONTINUOUS
10
1.0810150787401576
20
-4.1099215748031499
11
1.0827929921259842
21
-4.1053874409448818
0
LINE
8
User.Drawings
6
CONTINUOUS
10
1.0827929921259842
20
-4.1053874409448818
11
1.0834312992125985
21
-4.0996438188976381
0
LINE
8
User.Drawings
6
CONTINUOUS
10
1.0834312992125985
20
-4.0996438188976381
11
1.0828122440944881
21
-4.0952831102362204
0
LINE
8
User.Drawings
6
CONTINUOUS
10
1.0828122440944881
20
-4.0952831102362204
11
1.0809949606299212
21
-4.0915166929133857
0
LINE
8
User.Drawings
6
CONTINUOUS
10
1.0809949606299212
20
-4.0915166929133857
11
1.0778694881889763
21
-4.0881798031496066
0
LINE
8
User.Drawings
6
CONTINUOUS
10
1.0778694881889763
20
-4.0881798031496066
11
1.0731190551181102
21
-4.0852212598425197
0
LINE
8
User.Drawings
6
CONTINUOUS
10
1.0731190551181102
20
-4.0852212598425197
11
1.0662602755905513
21
-4.0827083858267716
0
LINE
8
User.Drawings
6
CONTINUOUS
10
1.0662602755905513
20
-4.0827083858267716
11
1.0521047637795276
21
-4.0787235826771653
0
LINE
8
User.Drawings
6
CONTINUOUS
10
1.0521047637795276
20
-4.0787235826771653
11
1.0421614960629921
21
-4.0751912204724405
0
LINE
8
User.Drawings
6
CONTINUOUS
10
1.0421614960629921
20
-4.0751912204724405
11
1.0348026377952755
21
-4.0712222047244095
0
LINE
8
User.Drawings
6
CONTINUOUS
10
1.0348026377952755
20
-4.0712222047244095
11
1.029515157480315
21
-4.0669037401574801
0
LINE
8
User.Drawings
6
CONTINUOUS
10
1.029515157480315
20
-4.0669037401574801
11
1.0263763779527559
21
-4.0629703937007875
0
LINE
8
User.Drawings
6
CONTINUOUS
10
1.0263763779527559
20
-4.0629703937007875
11
1.0241121259842521
21
-4.0584652755905513
0
LINE
8
User.Drawings
6
CONTINUOUS
10
1.0241121259842521
20
-4.0584652755905513
11
1.0227051968503937
21
-4.0532784645669286
0
LINE
8
User.Drawings
6
CONTINUOUS
10
1.0227051968503937
20
-4.0532784645669286
11
1.0222119291338583
21
-4.0472624015748027
0
LINE
8
User.Drawings
6
CONTINUOUS
10
1.0222119291338583
20
-4.0472624015748027
11
1.0228245275590551
21
-4.0398459842519685
0
LINE
8
User.Drawings
6
CONTINUOUS
10
1.0228245275590551
20
-4.0398459842519685
11
1.02454937007874
21
-4.0336446850393699
0
LINE
8
User.Drawings
6
CONTINUOUS
10
1.02454937007874
20
-4.0336446850393699
11
1.0272907480314961
21
-4.0284334645669286
0
LINE
8
User.Drawings
6
CONTINUOUS
10
1.0272907480314961
20
-4.0284334645669286
11
1.0310566141732282
21
-4.0240468110236218
0
LINE
8
User.Drawings
6
CONTINUOUS
10
1.0310566141732282
20
-4.0240468110236218
11
1.0356918503937007
21
-4.0205674015748034
0
LINE
8
User.Drawings
6
CONTINUOUS
10
1.0356918503937007
20
-4.0205674015748034
11
1.0411888582677165
21
-4.0180060629921259
0
LINE
8
User.Drawings
6
CONTINUOUS
10
1.0411888582677165
20
-4.0180060629921259
11
1.0477162992125983
21
-4.0163846456692909
0
LINE
8
User.Drawings
6
CONTINUOUS
10
1.0477162992125983
20
-4.0163846456692909
11
1.0554905118110236
21
-4.0158079527559059
0
LINE
8
User.Drawings
6
CONTINUOUS
10
1.0554905118110236
20
-4.0158079527559059
11
1.0620912204724409
21
-4.0163590157480318
0
LINE
8
User.Drawings
6
CONTINUOUS
10
1.8884049212598424
20
-4.0162336220472437
11
1.8951839763779528
21
-4.0174774803149607
0
LINE
8
User.Drawings
6
CONTINUOUS
10
1.8951839763779528
20
-4.0174774803149607
11
1.9015043307086614
21
-4.019510078740157
0
LINE
8
User.Drawings
6
CONTINUOUS
10
1.9015043307086614
20
-4.019510078740157
11
1.9075267716535433
21
-4.0223198031496059
0
LINE
8
User.Drawings
6
CONTINUOUS
10
1.9075267716535433
20
-4.0223198031496059
11
1.9132651968503938
21
-4.0258777952755906
0
LINE
8
User.Drawings
6
CONTINUOUS
10
1.9132651968503938
20
-4.0258777952755906
11
1.9187494094488189
21
-4.0302259842519685
0
LINE
8
User.Drawings
6
CONTINUOUS
10
1.9187494094488189
20
-4.0302259842519685
11
1.9187494094488189
21
-4.0179619291338584
0
LINE
8
User.Drawings
6
CONTINUOUS
10
1.9187494094488189
20
-4.0179619291338584
11
1.9332077952755906
21
-4.0179619291338584
0
LINE
8
User.Drawings
6
CONTINUOUS
10
1.9332077952755906
20
-4.0179619291338584
11
1.9332077952755906
21
-4.0541483070866144
0
LINE
8
User.Drawings
6
CONTINUOUS
10
1.9332077952755906
20
-4.0541483070866144
11
1.9184464960629921
21
-4.0541483070866144
0
LINE
8
User.Drawings
6
CONTINUOUS
10
1.9184464960629921
20
-4.0541483070866144
11
1.9142063385826771
21
-4.047293897637795
0
LINE
8
User.Drawings
6
CONTINUOUS
10
1.9142063385826771
20
-4.047293897637795
11
1.9091273228346457
21
-4.0416436614173223
0
LINE
8
User.Drawings
6
CONTINUOUS
10
1.9091273228346457
20
-4.0416436614173223
11
1.903160157480315
21
-4.0370714960629916
0
LINE
8
User.Drawings
6
CONTINUOUS
10
1.903160157480315
20
-4.0370714960629916
11
1.896466968503937
21
-4.0336652362204726
0
LINE
8
User.Drawings
6
CONTINUOUS
10
1.896466968503937
20
-4.0336652362204726
11
1.8894048031496062
21
-4.0316329527559054
0
LINE
8
User.Drawings
6
CONTINUOUS
10
1.8894048031496062
20
-4.0316329527559054
11
1.8818494881889762
21
-4.0309462204724404
0
LINE
8
User.Drawings
6
CONTINUOUS
10
1.8818494881889762
20
-4.0309462204724404
11
1.8745501968503937
21
-4.0316193307086614
0
LINE
8
User.Drawings
6
CONTINUOUS
10
1.8745501968503937
20
-4.0316193307086614
11
1.8679203149606298
21
-4.0335888976377952
0
LINE
8
User.Drawings
6
CONTINUOUS
10
1.8679203149606298
20
-4.0335888976377952
11
1.861817716535433
21
-4.0368561023622043
0
LINE
8
User.Drawings
6
CONTINUOUS
10
1.861817716535433
20
-4.0368561023622043
11
1.8564007874015747
21
-4.0412133858267714
0
LINE
8
User.Drawings
6
CONTINUOUS
10
1.8564007874015747
20
-4.0412133858267714
11
1.8518376377952754
21
-4.0464477952755908
0
LINE
8
User.Drawings
6
CONTINUOUS
10
1.8518376377952754
20
-4.0464477952755908
11
1.8480795669291339
21
-4.0526540157480317
0
LINE
8
User.Drawings
6
CONTINUOUS
10
1.8480795669291339
20
-4.0526540157480317
11
1.8453438188976377
21
-4.0593960629921257
0
LINE
8
User.Drawings
6
CONTINUOUS
10
1.8453438188976377
20
-4.0593960629921257
11
1.843700748031496
21
-4.0664508267716535
0
LINE
8
User.Drawings
6
CONTINUOUS
10
1.843700748031496
20
-4.0664508267716535
11
1.8431456692913386
21
-4.0739040944881886
0
LINE
8
User.Drawings
6
CONTINUOUS
10
1.8431456692913386
20
-4.0739040944881886
11
1.8437298818897638
21
-4.0816027165354329
0
LINE
8
User.Drawings
6
CONTINUOUS
10
1.8437298818897638
20
-4.0816027165354329
11
1.8454503149606298
21
-4.0887944881889764
0
LINE
8
User.Drawings
6
CONTINUOUS
10
1.8454503149606298
20
-4.0887944881889764
11
1.8483016929133858
21
-4.0955782677165358
0
LINE
8
User.Drawings
6
CONTINUOUS
10
1.8483016929133858
20
-4.0955782677165358
11
1.8522077952755904
21
-4.1017999999999999
0
LINE
8
User.Drawings
6
CONTINUOUS
10
1.8522077952755904
20
-4.1017999999999999
11
1.8569224409448819
21
-4.1070609448818898
0
LINE
8
User.Drawings
6
CONTINUOUS
10
1.8569224409448819
20
-4.1070609448818898
11
1.862497559055118
21
-4.1114501968503934
0
LINE
8
User.Drawings
6
CONTINUOUS
10
1.862497559055118
20
-4.1114501968503934
11
1.8687449606299211
21
-4.1147503937007874
0
LINE
8
User.Drawings
6
CONTINUOUS
10
1.8687449606299211
20
-4.1147503937007874
11
1.8754040944881889
21
-4.116724330708661
0
LINE
8
User.Drawings
6
CONTINUOUS
10
1.8754040944881889
20
-4.116724330708661
11
1.8826033858267717
21
-4.1173937401574801
0
LINE
8
User.Drawings
6
CONTINUOUS
10
1.8826033858267717
20
-4.1173937401574801
11
1.8892904724409449
21
-4.1168646062992122
0
LINE
8
User.Drawings
6
CONTINUOUS
10
1.8892904724409449
20
-4.1168646062992122
11
1.8954745669291337
21
-4.1153113779527555
0
LINE
8
User.Drawings
6
CONTINUOUS
10
1.8954745669291337
20
-4.1153113779527555
11
1.9012526377952756
21
-4.1127422047244098
0
LINE
8
User.Drawings
6
CONTINUOUS
10
1.9012526377952756
20
-4.1127422047244098
11
1.9067007086614174
21
-4.1091077559055114
0
LINE
8
User.Drawings
6
CONTINUOUS
10
1.9067007086614174
20
-4.1091077559055114
11
1.9114527952755904
21
-4.1046724803149601
0
LINE
8
User.Drawings
6
CONTINUOUS
10
1.9114527952755904
20
-4.1046724803149601
11
1.9155817322834645
21
-4.0993524803149608
0
LINE
8
User.Drawings
6
CONTINUOUS
10
1.9155817322834645
20
-4.0993524803149608
11
1.9191009055118109
21
-4.0930405511811019
0
LINE
8
User.Drawings
6
CONTINUOUS
10
1.9191009055118109
20
-4.0930405511811019
11
1.9219870472440945
21
-4.0855960236220472
0
LINE
8
User.Drawings
6
CONTINUOUS
10
1.9219870472440945
20
-4.0855960236220472
11
1.9364454724409448
21
-4.0932560236220468
0
LINE
8
User.Drawings
6
CONTINUOUS
10
1.9364454724409448
20
-4.0932560236220468
11
1.9328498031496062
21
-4.1023825196850394
0
LINE
8
User.Drawings
6
CONTINUOUS
10
1.9328498031496062
20
-4.1023825196850394
11
1.9282038582677166
21
-4.1102143700787401
0
LINE
8
User.Drawings
6
CONTINUOUS
10
1.9282038582677166
20
-4.1102143700787401
11
1.9225067716535433
21
-4.1169121653543304
0
LINE
8
User.Drawings
6
CONTINUOUS
10
1.9225067716535433
20
-4.1169121653543304
11
1.915693464566929
21
-4.1225834251968507
0
LINE
8
User.Drawings
6
CONTINUOUS
10
1.915693464566929
20
-4.1225834251968507
11
1.9080394094488189
21
-4.1270833464566925
0
LINE
8
User.Drawings
6
CONTINUOUS
10
1.9080394094488189
20
-4.1270833464566925
11
1.8997500787401573
21
-4.1303181889763776
0
LINE
8
User.Drawings
6
CONTINUOUS
10
1.8997500787401573
20
-4.1303181889763776
11
1.8907133858267715
21
-4.1323010629921262
0
LINE
8
User.Drawings
6
CONTINUOUS
10
1.8907133858267715
20
-4.1323010629921262
11
1.880792716535433
21
-4.1329829921259842
0
LINE
8
User.Drawings
6
CONTINUOUS
10
1.880792716535433
20
-4.1329829921259842
11
1.8726066141732283
21
-4.1324697637795271
0
LINE
8
User.Drawings
6
CONTINUOUS
10
1.8726066141732283
20
-4.1324697637795271
11
1.8650541338582676
21
-4.130971692913386
0
LINE
8
User.Drawings
6
CONTINUOUS
10
1.8650541338582676
20
-4.130971692913386
11
1.8580440157480314
21
-4.1285232677165355
0
LINE
8
User.Drawings
6
CONTINUOUS
10
1.8580440157480314
20
-4.1285232677165355
11
1.851498937007874
21
-4.1251210629921262
0
LINE
8
User.Drawings
6
CONTINUOUS
10
1.851498937007874
20
-4.1251210629921262
11
1.8454317716535433
21
-4.1208311417322836
0
LINE
8
User.Drawings
6
CONTINUOUS
10
1.8454317716535433
20
-4.1208311417322836
11
1.8401214960629921
21
-4.1159027952755904
0
LINE
8
User.Drawings
6
CONTINUOUS
10
1.8401214960629921
20
-4.1159027952755904
11
1.8355146062992125
21
-4.110302007874016
0
LINE
8
User.Drawings
6
CONTINUOUS
10
1.8355146062992125
20
-4.110302007874016
11
1.8315816141732284
21
-4.1039719291338583
0
LINE
8
User.Drawings
6
CONTINUOUS
10
1.8315816141732284
20
-4.1039719291338583
11
1.8276494881889764
21
-4.0948899606299216
0
LINE
8
User.Drawings
6
CONTINUOUS
10
1.8276494881889764
20
-4.0948899606299216
11
1.8252746062992125
21
-4.0852154330708661
0
LINE
8
User.Drawings
6
CONTINUOUS
10
1.8252746062992125
20
-4.0852154330708661
11
1.8244668503937007
21
-4.0748060629921259
0
LINE
8
User.Drawings
6
CONTINUOUS
10
1.8244668503937007
20
-4.0748060629921259
11
1.824944527559055
21
-4.0662153543307085
0
LINE
8
User.Drawings
6
CONTINUOUS
10
1.824944527559055
20
-4.0662153543307085
11
1.8263364173228347
21
-4.0582893307086616
0
LINE
8
User.Drawings
6
CONTINUOUS
10
1.8263364173228347
20
-4.0582893307086616
11
1.8286020472440945
21
-4.0509438188976379
0
LINE
8
User.Drawings
6
CONTINUOUS
10
1.8286020472440945
20
-4.0509438188976379
11
1.8317297244094488
21
-4.0441055118110238
0
LINE
8
User.Drawings
6
CONTINUOUS
10
1.8317297244094488
20
-4.0441055118110238
11
1.8357576771653543
21
-4.0376843700787397
0
LINE
8
User.Drawings
6
CONTINUOUS
10
1.8357576771653543
20
-4.0376843700787397
11
1.840424842519685
21
-4.0321070866141735
0
LINE
8
User.Drawings
6
CONTINUOUS
10
1.840424842519685
20
-4.0321070866141735
11
1.8457559055118109
21
-4.0273022834645671
0
LINE
8
User.Drawings
6
CONTINUOUS
10
1.8457559055118109
20
-4.0273022834645671
11
1.8518018503937008
21
-4.0232256299212601
0
LINE
8
User.Drawings
6
CONTINUOUS
10
1.8518018503937008
20
-4.0232256299212601
11
1.8583247637795275
21
-4.0200246850393704
0
LINE
8
User.Drawings
6
CONTINUOUS
10
1.8583247637795275
20
-4.0200246850393704
11
1.8653294881889764
21
-4.0177126771653544
0
LINE
8
User.Drawings
6
CONTINUOUS
10
1.8653294881889764
20
-4.0177126771653544
11
1.8728907874015748
21
-4.0162944488188979
0
LINE
8
User.Drawings
6
CONTINUOUS
10
1.8728907874015748
20
-4.0162944488188979
11
1.8810956299212598
21
-4.0158079527559059
0
LINE
8
User.Drawings
6
CONTINUOUS
10
1.8810956299212598
20
-4.0158079527559059
11
1.8884049212598424
21
-4.0162336220472437
0
LINE
8
User.Drawings
6
CONTINUOUS
10
3.3370912204724408
20
-4.0163590157480318
11
3.3434549212598426
21
-4.0180069291338585
0
LINE
8
User.Drawings
6
CONTINUOUS
10
3.3434549212598426
20
-4.0180069291338585
11
3.3496659842519683
21
-4.0207889370078735
0
LINE
8
User.Drawings
6
CONTINUOUS
10
3.3496659842519683
20
-4.0207889370078735
11
3.3557927165354329
21
-4.0248007086614175
0
LINE
8
User.Drawings
6
CONTINUOUS
10
3.3557927165354329
20
-4.0248007086614175
11
3.3557927165354329
21
-4.0171003149606301
0
LINE
8
User.Drawings
6
CONTINUOUS
10
3.3557927165354329
20
-4.0171003149606301
11
3.3696520472440943
21
-4.0171003149606301
0
LINE
8
User.Drawings
6
CONTINUOUS
10
3.3696520472440943
20
-4.0171003149606301
11
3.3696520472440943
21
-4.051563582677165
0
LINE
8
User.Drawings
6
CONTINUOUS
10
3.3696520472440943
20
-4.051563582677165
11
3.3557927165354329
21
-4.051563582677165
0
LINE
8
User.Drawings
6
CONTINUOUS
10
3.3557927165354329
20
-4.051563582677165
11
3.3557927165354329
21
-4.0436814566929131
0
LINE
8
User.Drawings
6
CONTINUOUS
10
3.3557927165354329
20
-4.0436814566929131
11
3.3518889370078742
21
-4.038752283464567
0
LINE
8
User.Drawings
6
CONTINUOUS
10
3.3518889370078742
20
-4.038752283464567
11
3.3475949606299213
21
-4.0350643700787403
0
LINE
8
User.Drawings
6
CONTINUOUS
10
3.3475949606299213
20
-4.0350643700787403
11
3.3428660629921261
21
-4.0324655905511806
0
LINE
8
User.Drawings
6
CONTINUOUS
10
3.3428660629921261
20
-4.0324655905511806
11
3.3376100787401572
21
-4.0308853937007871
0
LINE
8
User.Drawings
6
CONTINUOUS
10
3.3376100787401572
20
-4.0308853937007871
11
3.3316953543307086
21
-4.0303403937007873
0
LINE
8
User.Drawings
6
CONTINUOUS
10
3.3316953543307086
20
-4.0303403937007873
11
3.325565590551181
21
-4.0308233858267712
0
LINE
8
User.Drawings
6
CONTINUOUS
10
3.325565590551181
20
-4.0308233858267712
11
3.3209029527559055
21
-4.0321258267716535
0
LINE
8
User.Drawings
6
CONTINUOUS
10
3.3209029527559055
20
-4.0321258267716535
11
3.3173850393700786
21
-4.0341031102362201
0
LINE
8
User.Drawings
6
CONTINUOUS
10
3.3173850393700786
20
-4.0341031102362201
11
3.3146566929133856
21
-4.0369329133858267
0
LINE
8
User.Drawings
6
CONTINUOUS
10
3.3146566929133856
20
-4.0369329133858267
11
3.3130035433070866
21
-4.0404681496062995
0
LINE
8
User.Drawings
6
CONTINUOUS
10
3.3130035433070866
20
-4.0404681496062995
11
3.3124174803149606
21
-4.0449334251968505
0
LINE
8
User.Drawings
6
CONTINUOUS
10
3.3124174803149606
20
-4.0449334251968505
11
3.3129753543307086
21
-4.0492136614173226
0
LINE
8
User.Drawings
6
CONTINUOUS
10
3.3129753543307086
20
-4.0492136614173226
11
3.3145434645669289
21
-4.052577086614173
0
LINE
8
User.Drawings
6
CONTINUOUS
10
3.3145434645669289
20
-4.052577086614173
11
3.3171225196850394
21
-4.0552454724409444
0
LINE
8
User.Drawings
6
CONTINUOUS
10
3.3171225196850394
20
-4.0552454724409444
11
3.322576377952756
21
-4.058302244094488
0
LINE
8
User.Drawings
6
CONTINUOUS
10
3.322576377952756
20
-4.058302244094488
11
3.331547283464567
21
-4.0612631102362204
0
LINE
8
User.Drawings
6
CONTINUOUS
10
3.331547283464567
20
-4.0612631102362204
11
3.3448748818897638
21
-4.0647969291338581
0
LINE
8
User.Drawings
6
CONTINUOUS
10
3.3448748818897638
20
-4.0647969291338581
11
3.3532208661417324
21
-4.0674978346456694
0
LINE
8
User.Drawings
6
CONTINUOUS
10
3.3532208661417324
20
-4.0674978346456694
11
3.3596173622047245
21
-4.0705074015748028
0
LINE
8
User.Drawings
6
CONTINUOUS
10
3.3596173622047245
20
-4.0705074015748028
11
3.3644152362204722
21
-4.0737560236220469
0
LINE
8
User.Drawings
6
CONTINUOUS
10
3.3644152362204722
20
-4.0737560236220469
11
3.3686165748031494
21
-4.0777477165354332
0
LINE
8
User.Drawings
6
CONTINUOUS
10
3.3686165748031494
20
-4.0777477165354332
11
3.371507401574803
21
-4.0816683464566932
0
LINE
8
User.Drawings
6
CONTINUOUS
10
3.371507401574803
20
-4.0816683464566932
11
3.37330031496063
21
-4.0855690944881893
0
LINE
8
User.Drawings
6
CONTINUOUS
10
3.37330031496063
20
-4.0855690944881893
11
3.3748351181102363
21
-4.0920388188976373
0
LINE
8
User.Drawings
6
CONTINUOUS
10
3.3748351181102363
20
-4.0920388188976373
11
3.3753735039370079
21
-4.0994890157480315
0
LINE
8
User.Drawings
6
CONTINUOUS
10
3.3753735039370079
20
-4.0994890157480315
11
3.3747208661417321
21
-4.1070848031496059
0
LINE
8
User.Drawings
6
CONTINUOUS
10
3.3747208661417321
20
-4.1070848031496059
11
3.3728650393700788
21
-4.113565393700787
0
LINE
8
User.Drawings
6
CONTINUOUS
10
3.3728650393700788
20
-4.113565393700787
11
3.3698807086614173
21
-4.1191373622047243
0
LINE
8
User.Drawings
6
CONTINUOUS
10
3.3698807086614173
20
-4.1191373622047243
11
3.3657345669291336
21
-4.1239498425196848
0
LINE
8
User.Drawings
6
CONTINUOUS
10
3.3657345669291336
20
-4.1239498425196848
11
3.3606759448818897
21
-4.1277988582677168
0
LINE
8
User.Drawings
6
CONTINUOUS
10
3.3606759448818897
20
-4.1277988582677168
11
3.3547975590551182
21
-4.13060405511811
0
LINE
8
User.Drawings
6
CONTINUOUS
10
3.3547975590551182
20
-4.13060405511811
11
3.347942716535433
21
-4.1323625196850395
0
LINE
8
User.Drawings
6
CONTINUOUS
10
3.347942716535433
20
-4.1323625196850395
11
3.3399073228346454
21
-4.1329829921259842
0
LINE
8
User.Drawings
6
CONTINUOUS
10
3.3399073228346454
20
-4.1329829921259842
11
3.3324297637795275
21
-4.132292598425197
0
LINE
8
User.Drawings
6
CONTINUOUS
10
3.3324297637795275
20
-4.132292598425197
11
3.3253298425196851
21
-4.1302351968503936
0
LINE
8
User.Drawings
6
CONTINUOUS
10
3.3253298425196851
20
-4.1302351968503936
11
3.3184892125984251
21
-4.1267608267716538
0
LINE
8
User.Drawings
6
CONTINUOUS
10
3.3184892125984251
20
-4.1267608267716538
11
3.3118184251968503
21
-4.1217285826771652
0
LINE
8
User.Drawings
6
CONTINUOUS
10
3.3118184251968503
20
-4.1217285826771652
11
3.3118184251968503
21
-4.1312598425196851
0
LINE
8
User.Drawings
6
CONTINUOUS
10
3.3118184251968503
20
-4.1312598425196851
11
3.2976629133858268
21
-4.1312598425196851
0
LINE
8
User.Drawings
6
CONTINUOUS
10
3.2976629133858268
20
-4.1312598425196851
11
3.2976629133858268
21
-4.0899039370078736
0
LINE
8
User.Drawings
6
CONTINUOUS
10
3.2976629133858268
20
-4.0899039370078736
11
3.3118184251968503
21
-4.0899039370078736
0
LINE
8
User.Drawings
6
CONTINUOUS
10
3.3118184251968503
20
-4.0899039370078736
11
3.3118184251968503
21
-4.0998659448818895
0
LINE
8
User.Drawings
6
CONTINUOUS
10
3.3118184251968503
20
-4.0998659448818895
11
3.3165019685039367
21
-4.107033031496063
0
LINE
8
User.Drawings
6
CONTINUOUS
10
3.3165019685039367
20
-4.107033031496063
11
3.3214399606299212
21
-4.1121934645669294
0
LINE
8
User.Drawings
6
CONTINUOUS
10
3.3214399606299212
20
-4.1121934645669294
11
3.3266534251968505
21
-4.1156938976377955
0
LINE
8
User.Drawings
6
CONTINUOUS
10
3.3266534251968505
20
-4.1156938976377955
11
3.3322318110236218
21
-4.1177546456692911
0
LINE
8
User.Drawings
6
CONTINUOUS
10
3.3322318110236218
20
-4.1177546456692911
11
3.3383255118110235
21
-4.1184505511811027
0
LINE
8
User.Drawings
6
CONTINUOUS
10
3.3383255118110235
20
-4.1184505511811027
11
3.3445188188976376
21
-4.1178418110236219
0
LINE
8
User.Drawings
6
CONTINUOUS
10
3.3445188188976376
20
-4.1178418110236219
11
3.3493640157480313
21
-4.116164133858268
0
LINE
8
User.Drawings
6
CONTINUOUS
10
3.3493640157480313
20
-4.116164133858268
11
3.353160866141732
21
-4.1135233858267712
0
LINE
8
User.Drawings
6
CONTINUOUS
10
3.353160866141732
20
-4.1135233858267712
11
3.3560150787401573
21
-4.1099215748031499
0
LINE
8
User.Drawings
6
CONTINUOUS
10
3.3560150787401573
20
-4.1099215748031499
11
3.3577929921259844
21
-4.1053874409448818
0
LINE
8
User.Drawings
6
CONTINUOUS
10
3.3577929921259844
20
-4.1053874409448818
11
3.3584312992125982
21
-4.0996438188976381
0
LINE
8
User.Drawings
6
CONTINUOUS
10
3.3584312992125982
20
-4.0996438188976381
11
3.3578122440944882
21
-4.0952831102362204
0
LINE
8
User.Drawings
6
CONTINUOUS
10
3.3578122440944882
20
-4.0952831102362204
11
3.3559949606299213
21
-4.0915166929133857
0
LINE
8
User.Drawings
6
CONTINUOUS
10
3.3559949606299213
20
-4.0915166929133857
11
3.3528694881889765
21
-4.0881798031496066
0
LINE
8
User.Drawings
6
CONTINUOUS
10
3.3528694881889765
20
-4.0881798031496066
11
3.3481190551181101
21
-4.0852212598425197
0
LINE
8
User.Drawings
6
CONTINUOUS
10
3.3481190551181101
20
-4.0852212598425197
11
3.3412602755905509
21
-4.0827083858267716
0
LINE
8
User.Drawings
6
CONTINUOUS
10
3.3412602755905509
20
-4.0827083858267716
11
3.3271047637795275
21
-4.0787235826771653
0
LINE
8
User.Drawings
6
CONTINUOUS
10
3.3271047637795275
20
-4.0787235826771653
11
3.317161496062992
21
-4.0751912204724405
0
LINE
8
User.Drawings
6
CONTINUOUS
10
3.317161496062992
20
-4.0751912204724405
11
3.3098026377952756
21
-4.0712222047244095
0
LINE
8
User.Drawings
6
CONTINUOUS
10
3.3098026377952756
20
-4.0712222047244095
11
3.3045151574803149
21
-4.0669037401574801
0
LINE
8
User.Drawings
6
CONTINUOUS
10
3.3045151574803149
20
-4.0669037401574801
11
3.3013763779527556
21
-4.0629703937007875
0
LINE
8
User.Drawings
6
CONTINUOUS
10
3.3013763779527556
20
-4.0629703937007875
11
3.299112125984252
21
-4.0584652755905513
0
LINE
8
User.Drawings
6
CONTINUOUS
10
3.299112125984252
20
-4.0584652755905513
11
3.2977051968503934
21
-4.0532784645669286
0
LINE
8
User.Drawings
6
CONTINUOUS
10
3.2977051968503934
20
-4.0532784645669286
11
3.2972119291338582
21
-4.0472624015748027
0
LINE
8
User.Drawings
6
CONTINUOUS
10
3.2972119291338582
20
-4.0472624015748027
11
3.297824527559055
21
-4.0398459842519685
0
LINE
8
User.Drawings
6
CONTINUOUS
10
3.297824527559055
20
-4.0398459842519685
11
3.2995493700787399
21
-4.0336446850393699
0
LINE
8
User.Drawings
6
CONTINUOUS
10
3.2995493700787399
20
-4.0336446850393699
11
3.302290748031496
21
-4.0284334645669286
0
LINE
8
User.Drawings
6
CONTINUOUS
10
3.302290748031496
20
-4.0284334645669286
11
3.3060566141732282
21
-4.0240468110236218
0
LINE
8
User.Drawings
6
CONTINUOUS
10
3.3060566141732282
20
-4.0240468110236218
11
3.3106918503937006
21
-4.0205674015748034
0
LINE
8
User.Drawings
6
CONTINUOUS
10
3.3106918503937006
20
-4.0205674015748034
11
3.3161888582677164
21
-4.0180060629921259
0
LINE
8
User.Drawings
6
CONTINUOUS
10
3.3161888582677164
20
-4.0180060629921259
11
3.3227162992125985
21
-4.0163846456692909
0
LINE
8
User.Drawings
6
CONTINUOUS
10
3.3227162992125985
20
-4.0163846456692909
11
3.3304905118110235
21
-4.0158079527559059
0
LINE
8
User.Drawings
6
CONTINUOUS
10
3.3304905118110235
20
-4.0158079527559059
11
3.3370912204724408
21
-4.0163590157480318
0
LINE
8
User.Drawings
6
CONTINUOUS
10
5.0486623622047242
20
-4.0163679133858263
11
5.0558213779527561
21
-4.0179468110236218
0
LINE
8
User.Drawings
6
CONTINUOUS
10
5.0558213779527561
20
-4.0179468110236218
11
5.0619217716535436
21
-4.0204389763779522
0
LINE
8
User.Drawings
6
CONTINUOUS
10
5.0619217716535436
20
-4.0204389763779522
11
5.0671275984251967
21
-4.0238045275590553
0
LINE
8
User.Drawings
6
CONTINUOUS
10
5.0671275984251967
20
-4.0238045275590553
11
5.0715462598425196
21
-4.0281627952755903
0
LINE
8
User.Drawings
6
CONTINUOUS
10
5.0715462598425196
20
-4.0281627952755903
11
5.0746547637795274
21
-4.0331335826771655
0
LINE
8
User.Drawings
6
CONTINUOUS
10
5.0746547637795274
20
-4.0331335826771655
11
5.0765552755905512
21
-4.0388395669291342
0
LINE
8
User.Drawings
6
CONTINUOUS
10
5.0765552755905512
20
-4.0388395669291342
11
5.0772175196850391
21
-4.0454719291338579
0
LINE
8
User.Drawings
6
CONTINUOUS
10
5.0772175196850391
20
-4.0454719291338579
11
5.0765675984251963
21
-4.051634212598425
0
LINE
8
User.Drawings
6
CONTINUOUS
10
5.0765675984251963
20
-4.051634212598425
11
5.074657874015748
21
-4.0572191338582675
0
LINE
8
User.Drawings
6
CONTINUOUS
10
5.074657874015748
20
-4.0572191338582675
11
5.0714535039370077
21
-4.0623701968503934
0
LINE
8
User.Drawings
6
CONTINUOUS
10
5.0714535039370077
20
-4.0623701968503934
11
5.066797401574803
21
-4.0671788188976379
0
LINE
8
User.Drawings
6
CONTINUOUS
10
5.066797401574803
20
-4.0671788188976379
11
5.0604234251968503
21
-4.071676102362205
0
LINE
8
User.Drawings
6
CONTINUOUS
10
5.0604234251968503
20
-4.071676102362205
11
5.0669486614173227
21
-4.0748626771653544
0
LINE
8
User.Drawings
6
CONTINUOUS
10
5.0669486614173227
20
-4.0748626771653544
11
5.0719962598425194
21
-4.0785942519685037
0
LINE
8
User.Drawings
6
CONTINUOUS
10
5.0719962598425194
20
-4.0785942519685037
11
5.0757992519685038
21
-4.0828602362204727
0
LINE
8
User.Drawings
6
CONTINUOUS
10
5.0757992519685038
20
-4.0828602362204727
11
5.0785074409448816
21
-4.0877168110236219
0
LINE
8
User.Drawings
6
CONTINUOUS
10
5.0785074409448816
20
-4.0877168110236219
11
5.0801755118110234
21
-4.0932819685039368
0
LINE
8
User.Drawings
6
CONTINUOUS
10
5.0801755118110234
20
-4.0932819685039368
11
5.0807581102362205
21
-4.0997246062992128
0
LINE
8
User.Drawings
6
CONTINUOUS
10
5.0807581102362205
20
-4.0997246062992128
11
5.0802140157480311
21
-4.1062762598425193
0
LINE
8
User.Drawings
6
CONTINUOUS
10
5.0802140157480311
20
-4.1062762598425193
11
5.0786440944881885
21
-4.1120760236220475
0
LINE
8
User.Drawings
6
CONTINUOUS
10
5.0786440944881885
20
-4.1120760236220475
11
5.0760866929133854
21
-4.1172591338582674
0
LINE
8
User.Drawings
6
CONTINUOUS
10
5.0760866929133854
20
-4.1172591338582674
11
5.072567874015748
21
-4.1218310629921255
0
LINE
8
User.Drawings
6
CONTINUOUS
10
5.072567874015748
20
-4.1218310629921255
11
5.068117992125984
21
-4.1256919291338585
0
LINE
8
User.Drawings
6
CONTINUOUS
10
5.068117992125984
20
-4.1256919291338585
11
5.0626110629921257
21
-4.1288770078740153
0
LINE
8
User.Drawings
6
CONTINUOUS
10
5.0626110629921257
20
-4.1288770078740153
11
5.0566034645669289
21
-4.1310948425196852
0
LINE
8
User.Drawings
6
CONTINUOUS
10
5.0566034645669289
20
-4.1310948425196852
11
5.0497016535433072
21
-4.1324914173228349
0
LINE
8
User.Drawings
6
CONTINUOUS
10
5.0497016535433072
20
-4.1324914173228349
11
5.0417513385826771
21
-4.1329829921259842
0
LINE
8
User.Drawings
6
CONTINUOUS
10
5.0417513385826771
20
-4.1329829921259842
11
5.0328905905511814
21
-4.1324155118110237
0
LINE
8
User.Drawings
6
CONTINUOUS
10
5.0328905905511814
20
-4.1324155118110237
11
5.0252116535433071
21
-4.1308032283464566
0
LINE
8
User.Drawings
6
CONTINUOUS
10
5.0252116535433071
20
-4.1308032283464566
11
5.0185371653543305
21
-4.12824062992126
0
LINE
8
User.Drawings
6
CONTINUOUS
10
5.0185371653543305
20
-4.12824062992126
11
5.0127201181102361
21
-4.1247642913385825
0
LINE
8
User.Drawings
6
CONTINUOUS
10
5.0127201181102361
20
-4.1247642913385825
11
5.0078557874015743
21
-4.120232283464567
0
LINE
8
User.Drawings
6
CONTINUOUS
10
5.0078557874015743
20
-4.120232283464567
11
5.0043603543307089
21
-4.1147027952755906
0
LINE
8
User.Drawings
6
CONTINUOUS
10
5.0043603543307089
20
-4.1147027952755906
11
5.0021675984251965
21
-4.1079707086614174
0
LINE
8
User.Drawings
6
CONTINUOUS
10
5.0021675984251965
20
-4.1079707086614174
11
5.0013849212598425
21
-4.0997246062992128
0
LINE
8
User.Drawings
6
CONTINUOUS
10
5.0013849212598425
20
-4.0997246062992128
11
5.0014381496062992
21
-4.0991322834645665
0
LINE
8
User.Drawings
6
CONTINUOUS
10
5.0014381496062992
20
-4.0991322834645665
11
5.0019646456692914
21
-4.0932737007874014
0
LINE
8
User.Drawings
6
CONTINUOUS
10
5.0019646456692914
20
-4.0932737007874014
11
5.0036238582677166
21
-4.0877040157480318
0
LINE
8
User.Drawings
6
CONTINUOUS
10
5.0036238582677166
20
-4.0877040157480318
11
5.0063155905511811
21
-4.0828466535433066
0
LINE
8
User.Drawings
6
CONTINUOUS
10
5.0063155905511811
20
-4.0828466535433066
11
5.0100919291338579
21
-4.0785833858267715
0
LINE
8
User.Drawings
6
CONTINUOUS
10
5.0100919291338579
20
-4.0785833858267715
11
5.0150988188976378
21
-4.0748568503937008
0
LINE
8
User.Drawings
6
CONTINUOUS
10
5.0150988188976378
20
-4.0748568503937008
11
5.0215647637795273
21
-4.071676102362205
0
LINE
8
User.Drawings
6
CONTINUOUS
10
5.0215647637795273
20
-4.071676102362205
11
5.0153019291338579
21
-4.0673421259842515
0
LINE
8
User.Drawings
6
CONTINUOUS
10
5.0153019291338579
20
-4.0673421259842515
11
5.0106979527559057
21
-4.0626055511811021
0
LINE
8
User.Drawings
6
CONTINUOUS
10
5.0106979527559057
20
-4.0626055511811021
11
5.0075041338582675
21
-4.0574322047244094
0
LINE
8
User.Drawings
6
CONTINUOUS
10
5.0075041338582675
20
-4.0574322047244094
11
5.0055840551181099
21
-4.0517216535433072
0
LINE
8
User.Drawings
6
CONTINUOUS
10
5.0055840551181099
20
-4.0517216535433072
11
5.005104094488189
21
-4.0470537401574802
0
LINE
8
User.Drawings
6
CONTINUOUS
10
5.005104094488189
20
-4.0470537401574802
11
5.0049255118110239
21
-4.0453171259842522
0
LINE
8
User.Drawings
6
CONTINUOUS
10
5.0049255118110239
20
-4.0453171259842522
11
5.0054953149606298
21
-4.0391165354330711
0
LINE
8
User.Drawings
6
CONTINUOUS
10
5.0054953149606298
20
-4.0391165354330711
11
5.0071272047244095
21
-4.0337663779527562
0
LINE
8
User.Drawings
6
CONTINUOUS
10
5.0071272047244095
20
-4.0337663779527562
11
5.0097786220472438
21
-4.0291018897637798
0
LINE
8
User.Drawings
6
CONTINUOUS
10
5.0097786220472438
20
-4.0291018897637798
11
5.0133488976377949
21
-4.0250405118110235
0
LINE
8
User.Drawings
6
CONTINUOUS
10
5.0133488976377949
20
-4.0250405118110235
11
5.0176119291338583
21
-4.0217232677165358
0
LINE
8
User.Drawings
6
CONTINUOUS
10
5.0176119291338583
20
-4.0217232677165358
11
5.0226552362204719
21
-4.0191129133858263
0
LINE
8
User.Drawings
6
CONTINUOUS
10
5.0226552362204719
20
-4.0191129133858263
11
5.0280929133858265
21
-4.0172982283464567
0
LINE
8
User.Drawings
6
CONTINUOUS
10
5.0280929133858265
20
-4.0172982283464567
11
5.0339339370078742
21
-4.0161879921259844
0
LINE
8
User.Drawings
6
CONTINUOUS
10
5.0339339370078742
20
-4.0161879921259844
11
5.0402435826771654
21
-4.0158079527559059
0
LINE
8
User.Drawings
6
CONTINUOUS
10
5.0402435826771654
20
-4.0158079527559059
11
5.0486623622047242
21
-4.0163679133858263
0
LINE
8
User.Drawings
6
CONTINUOUS
10
5.0339768503937004
20
-4.0792747637795275
11
5.0285877559055114
21
-4.0811695669291339
0
LINE
8
User.Drawings
6
CONTINUOUS
10
5.0285877559055114
20
-4.0811695669291339
11
5.0241225984251967
21
-4.0842228740157482
0
LINE
8
User.Drawings
6
CONTINUOUS
10
5.0241225984251967
20
-4.0842228740157482
11
5.0206824015748026
21
-4.088328228346457
0
LINE
8
User.Drawings
6
CONTINUOUS
10
5.0206824015748026
20
-4.088328228346457
11
5.0186039763779524
21
-4.0932182283464567
0
LINE
8
User.Drawings
6
CONTINUOUS
10
5.0186039763779524
20
-4.0932182283464567
11
5.017876141732283
21
-4.0991322834645665
0
LINE
8
User.Drawings
6
CONTINUOUS
10
5.017876141732283
20
-4.0991322834645665
11
5.0186187007874015
21
-4.1050303149606302
0
LINE
8
User.Drawings
6
CONTINUOUS
10
5.0186187007874015
20
-4.1050303149606302
11
5.020744330708661
21
-4.1099181496062993
0
LINE
8
User.Drawings
6
CONTINUOUS
10
5.020744330708661
20
-4.1099181496062993
11
5.0242774015748033
21
-4.1140349212598428
0
LINE
8
User.Drawings
6
CONTINUOUS
10
5.0242774015748033
20
-4.1140349212598428
11
5.0288396850393697
21
-4.1170807874015747
0
LINE
8
User.Drawings
6
CONTINUOUS
10
5.0288396850393697
20
-4.1170807874015747
11
5.0343756692913386
21
-4.1189796456692909
0
LINE
8
User.Drawings
6
CONTINUOUS
10
5.0343756692913386
20
-4.1189796456692909
11
5.0411455511811019
21
-4.1196553937007874
0
LINE
8
User.Drawings
6
CONTINUOUS
10
5.0411455511811019
20
-4.1196553937007874
11
5.0475159448818898
21
-4.1190038976377954
0
LINE
8
User.Drawings
6
CONTINUOUS
10
5.0475159448818898
20
-4.1190038976377954
11
5.0529185826771652
21
-4.1171432677165356
0
LINE
8
User.Drawings
6
CONTINUOUS
10
5.0529185826771652
20
-4.1171432677165356
11
5.0575559842519686
21
-4.1141089763779526
0
LINE
8
User.Drawings
6
CONTINUOUS
10
5.0575559842519686
20
-4.1141089763779526
11
5.0611712992125986
21
-4.1100218897637797
0
LINE
8
User.Drawings
6
CONTINUOUS
10
5.0611712992125986
20
-4.1100218897637797
11
5.0633489763779522
21
-4.1051148425196846
0
LINE
8
User.Drawings
6
CONTINUOUS
10
5.0633489763779522
20
-4.1051148425196846
11
5.0641120866141733
21
-4.0991322834645665
0
LINE
8
User.Drawings
6
CONTINUOUS
10
5.0641120866141733
20
-4.0991322834645665
11
5.0634172047244093
21
-4.0931932677165355
0
LINE
8
User.Drawings
6
CONTINUOUS
10
5.0634172047244093
20
-4.0931932677165355
11
5.0614423622047244
21
-4.0883030708661412
0
LINE
8
User.Drawings
6
CONTINUOUS
10
5.0614423622047244
20
-4.0883030708661412
11
5.0582021653543308
21
-4.0842228740157482
0
LINE
8
User.Drawings
6
CONTINUOUS
10
5.0582021653543308
20
-4.0842228740157482
11
5.0539179133858267
21
-4.0812489763779523
0
LINE
8
User.Drawings
6
CONTINUOUS
10
5.0539179133858267
20
-4.0812489763779523
11
5.0481792125984253
21
-4.0793172440944883
0
LINE
8
User.Drawings
6
CONTINUOUS
10
5.0481792125984253
20
-4.0793172440944883
11
5.0405397637795275
21
-4.0786024015748028
0
LINE
8
User.Drawings
6
CONTINUOUS
10
5.0405397637795275
20
-4.0786024015748028
11
5.0339768503937004
21
-4.0792747637795275
0
LINE
8
User.Drawings
6
CONTINUOUS
10
5.034330275590551
20
-4.0299443700787396
11
5.0294448425196849
21
-4.0315427952755902
0
LINE
8
User.Drawings
6
CONTINUOUS
10
5.0294448425196849
20
-4.0315427952755902
11
5.0255967322834643
21
-4.0340492519685043
0
LINE
8
User.Drawings
6
CONTINUOUS
10
5.0255967322834643
20
-4.0340492519685043
11
5.0226529133858264
21
-4.0374984251968504
0
LINE
8
User.Drawings
6
CONTINUOUS
10
5.0226529133858264
20
-4.0374984251968504
11
5.0208511811023619
21
-4.0417517716535434
0
LINE
8
User.Drawings
6
CONTINUOUS
10
5.0208511811023619
20
-4.0417517716535434
11
5.020211850393701
21
-4.0470537401574802
0
LINE
8
User.Drawings
6
CONTINUOUS
10
5.020211850393701
20
-4.0470537401574802
11
5.0208890157480317
21
-4.0527451574803148
0
LINE
8
User.Drawings
6
CONTINUOUS
10
5.0208890157480317
20
-4.0527451574803148
11
5.0227739370078739
21
-4.0571828346456691
0
LINE
8
User.Drawings
6
CONTINUOUS
10
5.0227739370078739
20
-4.0571828346456691
11
5.0258188582677166
21
-4.0606640157480314
0
LINE
8
User.Drawings
6
CONTINUOUS
10
5.0258188582677166
20
-4.0606640157480314
11
5.0298159055118106
21
-4.063161417322835
0
LINE
8
User.Drawings
6
CONTINUOUS
10
5.0298159055118106
20
-4.063161417322835
11
5.0349241338582678
21
-4.0647647637795279
0
LINE
8
User.Drawings
6
CONTINUOUS
10
5.0349241338582678
20
-4.0647647637795279
11
5.0414484645669289
21
-4.0653488582677166
0
LINE
8
User.Drawings
6
CONTINUOUS
10
5.0414484645669289
20
-4.0653488582677166
11
5.0466788188976377
21
-4.0648561417322835
0
LINE
8
User.Drawings
6
CONTINUOUS
10
5.0466788188976377
20
-4.0648561417322835
11
5.0513829921259843
21
-4.0634192913385823
0
LINE
8
User.Drawings
6
CONTINUOUS
10
5.0513829921259843
20
-4.0634192913385823
11
5.0556712598425193
21
-4.0610409842519681
0
LINE
8
User.Drawings
6
CONTINUOUS
10
5.0556712598425193
20
-4.0610409842519681
11
5.0590206692913382
21
-4.0577229921259841
0
LINE
8
User.Drawings
6
CONTINUOUS
10
5.0590206692913382
20
-4.0577229921259841
11
5.0610962992125987
21
-4.0532862992125986
0
LINE
8
User.Drawings
6
CONTINUOUS
10
5.0610962992125987
20
-4.0532862992125986
11
5.061850433070866
21
-4.0473566535433072
0
LINE
8
User.Drawings
6
CONTINUOUS
10
5.061850433070866
20
-4.0473566535433072
11
5.0611922834645666
21
-4.0414435433070865
0
LINE
8
User.Drawings
6
CONTINUOUS
10
5.0611922834645666
20
-4.0414435433070865
11
5.0594007874015743
21
-4.0370323622047239
0
LINE
8
User.Drawings
6
CONTINUOUS
10
5.0594007874015743
20
-4.0370323622047239
11
5.0565799606299215
21
-4.0337530708661413
0
LINE
8
User.Drawings
6
CONTINUOUS
10
5.0565799606299215
20
-4.0337530708661413
11
5.0528068110236219
21
-4.031463858267716
0
LINE
8
User.Drawings
6
CONTINUOUS
10
5.0528068110236219
20
-4.031463858267716
11
5.0476075984251967
21
-4.0299379133858269
0
LINE
8
User.Drawings
6
CONTINUOUS
10
5.0476075984251967
20
-4.0299379133858269
11
5.0405397637795275
21
-4.029364409448819
0
LINE
8
User.Drawings
6
CONTINUOUS
10
5.0405397637795275
20
-4.029364409448819
11
5.034330275590551
21
-4.0299443700787396
0
LINE
8
User.Drawings
6
CONTINUOUS
10
5.3127051574803152
20
-4.0481172440944881
11
5.2986169291338578
21
-4.0481172440944881
0
LINE
8
User.Drawings
6
CONTINUOUS
10
5.2986169291338578
20
-4.0481172440944881
11
5.2986169291338578
21
-4.0321174015748031
0
LINE
8
User.Drawings
6
CONTINUOUS
10
5.2986169291338578
20
-4.0321174015748031
11
5.2639787007874013
21
-4.0321174015748031
0
LINE
8
User.Drawings
6
CONTINUOUS
10
5.2639787007874013
20
-4.0321174015748031
11
5.2614949212598425
21
-4.065591181102362
0
LINE
8
User.Drawings
6
CONTINUOUS
10
5.2614949212598425
20
-4.065591181102362
11
5.266733503937008
21
-4.0618877165354332
0
LINE
8
User.Drawings
6
CONTINUOUS
10
5.266733503937008
20
-4.0618877165354332
11
5.2723018503937009
21
-4.0592773228346459
0
LINE
8
User.Drawings
6
CONTINUOUS
10
5.2723018503937009
20
-4.0592773228346459
11
5.2782781102362204
21
-4.057701062992126
0
LINE
8
User.Drawings
6
CONTINUOUS
10
5.2782781102362204
20
-4.057701062992126
11
5.2847643307086614
21
-4.0571638582677165
0
LINE
8
User.Drawings
6
CONTINUOUS
10
5.2847643307086614
20
-4.0571638582677165
11
5.2916896062992125
21
-4.0577564960629919
0
LINE
8
User.Drawings
6
CONTINUOUS
10
5.2916896062992125
20
-4.0577564960629919
11
5.2978007874015747
21
-4.0594657874015745
0
LINE
8
User.Drawings
6
CONTINUOUS
10
5.2978007874015747
20
-4.0594657874015745
11
5.3032479527559051
21
-4.0622525590551177
0
LINE
8
User.Drawings
6
CONTINUOUS
10
5.3032479527559051
20
-4.0622525590551177
11
5.3080889370078737
21
-4.0660267322834649
0
LINE
8
User.Drawings
6
CONTINUOUS
10
5.3080889370078737
20
-4.0660267322834649
11
5.3120853149606297
21
-4.0705251968503937
0
LINE
8
User.Drawings
6
CONTINUOUS
10
5.3120853149606297
20
-4.0705251968503937
11
5.3152966141732279
21
-4.0758224803149607
0
LINE
8
User.Drawings
6
CONTINUOUS
10
5.3152966141732279
20
-4.0758224803149607
11
5.3175975590551179
21
-4.0816005118110237
0
LINE
8
User.Drawings
6
CONTINUOUS
10
5.3175975590551179
20
-4.0816005118110237
11
5.3189979133858269
21
-4.0878134645669286
0
LINE
8
User.Drawings
6
CONTINUOUS
10
5.3189979133858269
20
-4.0878134645669286
11
5.3194766141732286
21
-4.0945483858267719
0
LINE
8
User.Drawings
6
CONTINUOUS
10
5.3194766141732286
20
-4.0945483858267719
11
5.3189276377952757
21
-4.102012874015748
0
LINE
8
User.Drawings
6
CONTINUOUS
10
5.3189276377952757
20
-4.102012874015748
11
5.3173428740157478
21
-4.1086760236220474
0
LINE
8
User.Drawings
6
CONTINUOUS
10
5.3173428740157478
20
-4.1086760236220474
11
5.3147715748031494
21
-4.1146676377952751
0
LINE
8
User.Drawings
6
CONTINUOUS
10
5.3147715748031494
20
-4.1146676377952751
11
5.3111684645669293
21
-4.1200585039370079
0
LINE
8
User.Drawings
6
CONTINUOUS
10
5.3111684645669293
20
-4.1200585039370079
11
5.3066667716535436
21
-4.1245429527559052
0
LINE
8
User.Drawings
6
CONTINUOUS
10
5.3066667716535436
20
-4.1245429527559052
11
5.3011747637795272
21
-4.1281971653543303
0
LINE
8
User.Drawings
6
CONTINUOUS
10
5.3011747637795272
20
-4.1281971653543303
11
5.2950830708661414
21
-4.1308045669291333
0
LINE
8
User.Drawings
6
CONTINUOUS
10
5.2950830708661414
20
-4.1308045669291333
11
5.2882298818897633
21
-4.1324203937007873
0
LINE
8
User.Drawings
6
CONTINUOUS
10
5.2882298818897633
20
-4.1324203937007873
11
5.280469881889764
21
-4.1329829921259842
0
LINE
8
User.Drawings
6
CONTINUOUS
10
5.280469881889764
20
-4.1329829921259842
11
5.2718719685039366
21
-4.1323072440944877
0
LINE
8
User.Drawings
6
CONTINUOUS
10
5.2718719685039366
20
-4.1323072440944877
11
5.2646110629921257
21
-4.1303994094488186
0
LINE
8
User.Drawings
6
CONTINUOUS
10
5.2646110629921257
20
-4.1303994094488186
11
5.2584499999999998
21
-4.1273656692913381
0
LINE
8
User.Drawings
6
CONTINUOUS
10
5.2584499999999998
20
-4.1273656692913381
11
5.2532089370078738
21
-4.123209409448819
0
LINE
8
User.Drawings
6
CONTINUOUS
10
5.2532089370078738
20
-4.123209409448819
11
5.24897125984252
21
-4.1180509448818894
0
LINE
8
User.Drawings
6
CONTINUOUS
10
5.24897125984252
20
-4.1180509448818894
11
5.2456947244094483
21
-4.1117903543307088
0
LINE
8
User.Drawings
6
CONTINUOUS
10
5.2456947244094483
20
-4.1117903543307088
11
5.2434049606299213
21
-4.104220275590551
0
LINE
8
User.Drawings
6
CONTINUOUS
10
5.2434049606299213
20
-4.104220275590551
11
5.2422170472440941
21
-4.0950734251968504
0
LINE
8
User.Drawings
6
CONTINUOUS
10
5.2422170472440941
20
-4.0950734251968504
11
5.2568235433070862
21
-4.0950734251968504
0
LINE
8
User.Drawings
6
CONTINUOUS
10
5.2568235433070862
20
-4.0950734251968504
11
5.2584031496062993
21
-4.1025507480314962
0
LINE
8
User.Drawings
6
CONTINUOUS
10
5.2584031496062993
20
-4.1025507480314962
11
5.2609652755905509
21
-4.1085074803149606
0
LINE
8
User.Drawings
6
CONTINUOUS
10
5.2609652755905509
20
-4.1085074803149606
11
5.2644296850393699
21
-4.1132272047244092
0
LINE
8
User.Drawings
6
CONTINUOUS
10
5.2644296850393699
20
-4.1132272047244092
11
5.268916889763779
21
-4.1168461417322835
0
LINE
8
User.Drawings
6
CONTINUOUS
10
5.268916889763779
20
-4.1168461417322835
11
5.2742324015748032
21
-4.119036811023622
0
LINE
8
User.Drawings
6
CONTINUOUS
10
5.2742324015748032
20
-4.119036811023622
11
5.2806247244094484
21
-4.1198035039370078
0
LINE
8
User.Drawings
6
CONTINUOUS
10
5.2806247244094484
20
-4.1198035039370078
11
5.2870009842519687
21
-4.1190125590551183
0
LINE
8
User.Drawings
6
CONTINUOUS
10
5.2870009842519687
20
-4.1190125590551183
11
5.2923666535433069
21
-4.116736968503937
0
LINE
8
User.Drawings
6
CONTINUOUS
10
5.2923666535433069
20
-4.116736968503937
11
5.2969611023622045
21
-4.1129444881889761
0
LINE
8
User.Drawings
6
CONTINUOUS
10
5.2969611023622045
20
-4.1129444881889761
11
5.3004010236220473
21
-4.1080290157480315
0
LINE
8
User.Drawings
6
CONTINUOUS
10
5.3004010236220473
20
-4.1080290157480315
11
5.3025322834645667
21
-4.1020892519685042
0
LINE
8
User.Drawings
6
CONTINUOUS
10
5.3025322834645667
20
-4.1020892519685042
11
5.3032883464566929
21
-4.094844566929134
0
LINE
8
User.Drawings
6
CONTINUOUS
10
5.3032883464566929
20
-4.094844566929134
11
5.3025492519685038
21
-4.0873258267716537
0
LINE
8
User.Drawings
6
CONTINUOUS
10
5.3025492519685038
20
-4.0873258267716537
11
5.3005202755905509
21
-4.081498267716535
0
LINE
8
User.Drawings
6
CONTINUOUS
10
5.3005202755905509
20
-4.081498267716535
11
5.2973380314960625
21
-4.0769801968503936
0
LINE
8
User.Drawings
6
CONTINUOUS
10
5.2973380314960625
20
-4.0769801968503936
11
5.293031102362205
21
-4.0735185826771652
0
LINE
8
User.Drawings
6
CONTINUOUS
10
5.293031102362205
20
-4.0735185826771652
11
5.2880336614173231
21
-4.0714412204724413
0
LINE
8
User.Drawings
6
CONTINUOUS
10
5.2880336614173231
20
-4.0714412204724413
11
5.2821324803149601
21
-4.0707202755905509
0
LINE
8
User.Drawings
6
CONTINUOUS
10
5.2821324803149601
20
-4.0707202755905509
11
5.2770110629921261
21
-4.0712538976377948
0
LINE
8
User.Drawings
6
CONTINUOUS
10
5.2770110629921261
20
-4.0712538976377948
11
5.2722723228346453
21
-4.0728342519685041
0
LINE
8
User.Drawings
6
CONTINUOUS
10
5.2722723228346453
20
-4.0728342519685041
11
5.267808700787401
21
-4.0755036220472443
0
LINE
8
User.Drawings
6
CONTINUOUS
10
5.267808700787401
20
-4.0755036220472443
11
5.2635486614173228
21
-4.0793975196850392
0
LINE
8
User.Drawings
6
CONTINUOUS
10
5.2635486614173228
20
-4.0793975196850392
11
5.2594621259842516
21
-4.0847344488188977
0
LINE
8
User.Drawings
6
CONTINUOUS
10
5.2594621259842516
20
-4.0847344488188977
11
5.2540397637795273
21
-4.0801203937007875
0
LINE
8
User.Drawings
6
CONTINUOUS
10
5.2540397637795273
20
-4.0801203937007875
11
5.2476423228346452
21
-4.0761522834645669
0
LINE
8
User.Drawings
6
CONTINUOUS
10
5.2476423228346452
20
-4.0761522834645669
11
5.2522329133858268
21
-4.0179619291338584
0
LINE
8
User.Drawings
6
CONTINUOUS
10
5.2522329133858268
20
-4.0179619291338584
11
5.3127051574803152
21
-4.0179619291338584
0
LINE
8
User.Drawings
6
CONTINUOUS
10
5.3127051574803152
20
-4.0179619291338584
11
5.3127051574803152
21
-4.0481172440944881
0
LINE
8
User.Drawings
6
CONTINUOUS
10
1.1352675196850393
20
-4.0659277559055118
11
1.1249487401574803
21
-4.0659277559055118
0
LINE
8
User.Drawings
6
CONTINUOUS
10
1.1249487401574803
20
-4.0659277559055118
11
1.1399321653543306
21
-4.11363779527559
0
LINE
8
User.Drawings
6
CONTINUOUS
10
1.1399321653543306
20
-4.11363779527559
11
1.1549963779527559
21
-4.0659277559055118
0
LINE
8
User.Drawings
6
CONTINUOUS
10
1.1549963779527559
20
-4.0659277559055118
11
1.1465623228346455
21
-4.0659277559055118
0
LINE
8
User.Drawings
6
CONTINUOUS
10
1.1465623228346455
20
-4.0659277559055118
11
1.1465623228346455
21
-4.0519943700787397
0
LINE
8
User.Drawings
6
CONTINUOUS
10
1.1465623228346455
20
-4.0519943700787397
11
1.1845930314960629
21
-4.0519943700787397
0
LINE
8
User.Drawings
6
CONTINUOUS
10
1.1845930314960629
20
-4.0519943700787397
11
1.1845930314960629
21
-4.0659277559055118
0
LINE
8
User.Drawings
6
CONTINUOUS
10
1.1845930314960629
20
-4.0659277559055118
11
1.175856062992126
21
-4.0659277559055118
0
LINE
8
User.Drawings
6
CONTINUOUS
10
1.175856062992126
20
-4.0659277559055118
11
1.1911424015748031
21
-4.11363779527559
0
LINE
8
User.Drawings
6
CONTINUOUS
10
1.1911424015748031
20
-4.11363779527559
11
1.20635468503937
21
-4.0659277559055118
0
LINE
8
User.Drawings
6
CONTINUOUS
10
1.20635468503937
20
-4.0659277559055118
11
1.1954368503937007
21
-4.0659277559055118
0
LINE
8
User.Drawings
6
CONTINUOUS
10
1.1954368503937007
20
-4.0659277559055118
11
1.1954368503937007
21
-4.0519943700787397
0
LINE
8
User.Drawings
6
CONTINUOUS
10
1.1954368503937007
20
-4.0519943700787397
11
1.2310578346456693
21
-4.0519943700787397
0
LINE
8
User.Drawings
6
CONTINUOUS
10
1.2310578346456693
20
-4.0519943700787397
11
1.2310578346456693
21
-4.0659277559055118
0
LINE
8
User.Drawings
6
CONTINUOUS
10
1.2310578346456693
20
-4.0659277559055118
11
1.2196082283464567
21
-4.0659277559055118
0
LINE
8
User.Drawings
6
CONTINUOUS
10
1.2196082283464567
20
-4.0659277559055118
11
1.1985264173228347
21
-4.1325522047244094
0
LINE
8
User.Drawings
6
CONTINUOUS
10
1.1985264173228347
20
-4.1325522047244094
11
1.1838391732283464
21
-4.1325522047244094
0
LINE
8
User.Drawings
6
CONTINUOUS
10
1.1838391732283464
20
-4.1325522047244094
11
1.1656920866141731
21
-4.0753512992125982
0
LINE
8
User.Drawings
6
CONTINUOUS
10
1.1656920866141731
20
-4.0753512992125982
11
1.1473161811023622
21
-4.1325522047244094
0
LINE
8
User.Drawings
6
CONTINUOUS
10
1.1473161811023622
20
-4.1325522047244094
11
1.1327837401574803
21
-4.1325522047244094
0
LINE
8
User.Drawings
6
CONTINUOUS
10
1.1327837401574803
20
-4.1325522047244094
11
1.111547125984252
21
-4.0659277559055118
0
LINE
8
User.Drawings
6
CONTINUOUS
10
1.111547125984252
20
-4.0659277559055118
11
1.1019822047244094
21
-4.0659277559055118
0
LINE
8
User.Drawings
6
CONTINUOUS
10
1.1019822047244094
20
-4.0659277559055118
11
1.1019822047244094
21
-4.0519943700787397
0
LINE
8
User.Drawings
6
CONTINUOUS
10
1.1019822047244094
20
-4.0519943700787397
11
1.1352675196850393
21
-4.0519943700787397
0
LINE
8
User.Drawings
6
CONTINUOUS
10
1.1352675196850393
20
-4.0519943700787397
11
1.1352675196850393
21
-4.0659277559055118
0
LINE
8
User.Drawings
6
CONTINUOUS
10
1.3117772047244094
20
-4.0519943700787397
11
1.3262356299212599
21
-4.0519943700787397
0
LINE
8
User.Drawings
6
CONTINUOUS
10
1.3262356299212599
20
-4.0519943700787397
11
1.3262356299212599
21
-4.0659277559055118
0
LINE
8
User.Drawings
6
CONTINUOUS
10
1.3262356299212599
20
-4.0659277559055118
11
1.3117772047244094
21
-4.0659277559055118
0
LINE
8
User.Drawings
6
CONTINUOUS
10
1.3117772047244094
20
-4.0659277559055118
11
1.3117772047244094
21
-4.107465393700787
0
LINE
8
User.Drawings
6
CONTINUOUS
10
1.3117772047244094
20
-4.107465393700787
11
1.3122241732283464
21
-4.1133461417322836
0
LINE
8
User.Drawings
6
CONTINUOUS
10
1.3122241732283464
20
-4.1133461417322836
11
1.3131705511811023
21
-4.1158725196850394
0
LINE
8
User.Drawings
6
CONTINUOUS
10
1.3131705511811023
20
-4.1158725196850394
11
1.3149472834645668
21
-4.117263661417323
0
LINE
8
User.Drawings
6
CONTINUOUS
10
1.3149472834645668
20
-4.117263661417323
11
1.3179496456692914
21
-4.1177909055118107
0
LINE
8
User.Drawings
6
CONTINUOUS
10
1.3179496456692914
20
-4.1177909055118107
11
1.3220666929133857
21
-4.1174372047244097
0
LINE
8
User.Drawings
6
CONTINUOUS
10
1.3220666929133857
20
-4.1174372047244097
11
1.3262356299212599
21
-4.1163571653543309
0
LINE
8
User.Drawings
6
CONTINUOUS
10
1.3262356299212599
20
-4.1163571653543309
11
1.3262356299212599
21
-4.1304453543307087
0
LINE
8
User.Drawings
6
CONTINUOUS
10
1.3262356299212599
20
-4.1304453543307087
11
1.3193020078740156
21
-4.1320959448818897
0
LINE
8
User.Drawings
6
CONTINUOUS
10
1.3193020078740156
20
-4.1320959448818897
11
1.3145638976377954
21
-4.1325522047244094
0
LINE
8
User.Drawings
6
CONTINUOUS
10
1.3145638976377954
20
-4.1325522047244094
11
1.3082288582677164
21
-4.1319136220472439
0
LINE
8
User.Drawings
6
CONTINUOUS
10
1.3082288582677164
20
-4.1319136220472439
11
1.3036868110236219
21
-4.1302145275590547
0
LINE
8
User.Drawings
6
CONTINUOUS
10
1.3036868110236219
20
-4.1302145275590547
11
1.3004757086614174
21
-4.1276183070866139
0
LINE
8
User.Drawings
6
CONTINUOUS
10
1.3004757086614174
20
-4.1276183070866139
11
1.298295590551181
21
-4.1240357874015743
0
LINE
8
User.Drawings
6
CONTINUOUS
10
1.298295590551181
20
-4.1240357874015743
11
1.2967786220472441
21
-4.1186202362204725
0
LINE
8
User.Drawings
6
CONTINUOUS
10
1.2967786220472441
20
-4.1186202362204725
11
1.2961879921259842
21
-4.1106962992125986
0
LINE
8
User.Drawings
6
CONTINUOUS
10
1.2961879921259842
20
-4.1106962992125986
11
1.2961879921259842
21
-4.0659277559055118
0
LINE
8
User.Drawings
6
CONTINUOUS
10
1.2961879921259842
20
-4.0659277559055118
11
1.2858759448818897
21
-4.0659277559055118
0
LINE
8
User.Drawings
6
CONTINUOUS
10
1.2858759448818897
20
-4.0659277559055118
11
1.2858759448818897
21
-4.0519943700787397
0
LINE
8
User.Drawings
6
CONTINUOUS
10
1.2858759448818897
20
-4.0519943700787397
11
1.2961879921259842
21
-4.0519943700787397
0
LINE
8
User.Drawings
6
CONTINUOUS
10
1.2961879921259842
20
-4.0519943700787397
11
1.2961879921259842
21
-4.039986062992126
0
LINE
8
User.Drawings
6
CONTINUOUS
10
1.2961879921259842
20
-4.039986062992126
11
1.3117772047244094
21
-4.0257161417322838
0
LINE
8
User.Drawings
6
CONTINUOUS
10
1.3117772047244094
20
-4.0257161417322838
11
1.3117772047244094
21
-4.0519943700787397
0
LINE
8
User.Drawings
6
CONTINUOUS
10
1.6524982677165354
20
-4.0516665354330712
11
1.658809094488189
21
-4.053168818897638
0
LINE
8
User.Drawings
6
CONTINUOUS
10
1.658809094488189
20
-4.053168818897638
11
1.6641503937007873
21
-4.0555416535433073
0
LINE
8
User.Drawings
6
CONTINUOUS
10
1.6641503937007873
20
-4.0555416535433073
11
1.6641503937007873
21
-4.0519943700787397
0
LINE
8
User.Drawings
6
CONTINUOUS
10
1.6641503937007873
20
-4.0519943700787397
11
1.6777068503937007
21
-4.0519943700787397
0
LINE
8
User.Drawings
6
CONTINUOUS
10
1.6777068503937007
20
-4.0519943700787397
11
1.6777068503937007
21
-4.0782725984251966
0
LINE
8
User.Drawings
6
CONTINUOUS
10
1.6777068503937007
20
-4.0782725984251966
11
1.6641503937007873
21
-4.0782725984251966
0
LINE
8
User.Drawings
6
CONTINUOUS
10
1.6641503937007873
20
-4.0782725984251966
11
1.6641503937007873
21
-4.0735204330708656
0
LINE
8
User.Drawings
6
CONTINUOUS
10
1.6641503937007873
20
-4.0735204330708656
11
1.660392244094488
21
-4.0692746456692914
0
LINE
8
User.Drawings
6
CONTINUOUS
10
1.660392244094488
20
-4.0692746456692914
11
1.6561309448818897
21
-4.0663319685039365
0
LINE
8
User.Drawings
6
CONTINUOUS
10
1.6561309448818897
20
-4.0663319685039365
11
1.6512664960629921
21
-4.0645522834645664
0
LINE
8
User.Drawings
6
CONTINUOUS
10
1.6512664960629921
20
-4.0645522834645664
11
1.6456264173228345
21
-4.0639353543307086
0
LINE
8
User.Drawings
6
CONTINUOUS
10
1.6456264173228345
20
-4.0639353543307086
11
1.6398497244094488
21
-4.0646559842519681
0
LINE
8
User.Drawings
6
CONTINUOUS
10
1.6398497244094488
20
-4.0646559842519681
11
1.6355364960629921
21
-4.0666345275590547
0
LINE
8
User.Drawings
6
CONTINUOUS
10
1.6355364960629921
20
-4.0666345275590547
11
1.6333116141732282
21
-4.0686655905511806
0
LINE
8
User.Drawings
6
CONTINUOUS
10
1.6333116141732282
20
-4.0686655905511806
11
1.632045590551181
21
-4.0709524409448816
0
LINE
8
User.Drawings
6
CONTINUOUS
10
1.632045590551181
20
-4.0709524409448816
11
1.6316189763779527
21
-4.0736012204724412
0
LINE
8
User.Drawings
6
CONTINUOUS
10
1.6316189763779527
20
-4.0736012204724412
11
1.6323702755905511
21
-4.0770339763779528
0
LINE
8
User.Drawings
6
CONTINUOUS
10
1.6323702755905511
20
-4.0770339763779528
11
1.6345941338582677
21
-4.0796120866141727
0
LINE
8
User.Drawings
6
CONTINUOUS
10
1.6345941338582677
20
-4.0796120866141727
11
1.6385555511811023
21
-4.0814004724409445
0
LINE
8
User.Drawings
6
CONTINUOUS
10
1.6385555511811023
20
-4.0814004724409445
11
1.6479620866141731
21
-4.0834488188976374
0
LINE
8
User.Drawings
6
CONTINUOUS
10
1.6479620866141731
20
-4.0834488188976374
11
1.6584289763779527
21
-4.0854748818897635
0
LINE
8
User.Drawings
6
CONTINUOUS
10
1.6584289763779527
20
-4.0854748818897635
11
1.666291968503937
21
-4.0875524803149608
0
LINE
8
User.Drawings
6
CONTINUOUS
10
1.666291968503937
20
-4.0875524803149608
11
1.6721534645669291
21
-4.0903583858267716
0
LINE
8
User.Drawings
6
CONTINUOUS
10
1.6721534645669291
20
-4.0903583858267716
11
1.6764237401574802
21
-4.0937859842519684
0
LINE
8
User.Drawings
6
CONTINUOUS
10
1.6764237401574802
20
-4.0937859842519684
11
1.6793941338582676
21
-4.097840748031496
0
LINE
8
User.Drawings
6
CONTINUOUS
10
1.6793941338582676
20
-4.097840748031496
11
1.6812088976377952
21
-4.1026409055118105
0
LINE
8
User.Drawings
6
CONTINUOUS
10
1.6812088976377952
20
-4.1026409055118105
11
1.6818464566929134
21
-4.1084009842519684
0
LINE
8
User.Drawings
6
CONTINUOUS
10
1.6818464566929134
20
-4.1084009842519684
11
1.6812997637795275
21
-4.1136671259842519
0
LINE
8
User.Drawings
6
CONTINUOUS
10
1.6812997637795275
20
-4.1136671259842519
11
1.6797198031496063
21
-4.1182568503937009
0
LINE
8
User.Drawings
6
CONTINUOUS
10
1.6797198031496063
20
-4.1182568503937009
11
1.6771123622047244
21
-4.1223160629921258
0
LINE
8
User.Drawings
6
CONTINUOUS
10
1.6771123622047244
20
-4.1223160629921258
11
1.6733720078740157
21
-4.1259355118110239
0
LINE
8
User.Drawings
6
CONTINUOUS
10
1.6733720078740157
20
-4.1259355118110239
11
1.6690079133858267
21
-4.128720393700787
0
LINE
8
User.Drawings
6
CONTINUOUS
10
1.6690079133858267
20
-4.128720393700787
11
1.6639023228346457
21
-4.1307828740157477
0
LINE
8
User.Drawings
6
CONTINUOUS
10
1.6639023228346457
20
-4.1307828740157477
11
1.6579202755905511
21
-4.1320891338582673
0
LINE
8
User.Drawings
6
CONTINUOUS
10
1.6579202755905511
20
-4.1320891338582673
11
1.6508968503937007
21
-4.1325522047244094
0
LINE
8
User.Drawings
6
CONTINUOUS
10
1.6508968503937007
20
-4.1325522047244094
11
1.6453763385826772
21
-4.1321491732283464
0
LINE
8
User.Drawings
6
CONTINUOUS
10
1.6453763385826772
20
-4.1321491732283464
11
1.6399386220472441
21
-4.1309367322834643
0
LINE
8
User.Drawings
6
CONTINUOUS
10
1.6399386220472441
20
-4.1309367322834643
11
1.6348456692913385
21
-4.1290548818897639
0
LINE
8
User.Drawings
6
CONTINUOUS
10
1.6348456692913385
20
-4.1290548818897639
11
1.6309391338582677
21
-4.126911535433071
0
LINE
8
User.Drawings
6
CONTINUOUS
10
1.6309391338582677
20
-4.126911535433071
11
1.6309391338582677
21
-4.1312598425196851
0
LINE
8
User.Drawings
6
CONTINUOUS
10
1.6309391338582677
20
-4.1312598425196851
11
1.6170865354330708
21
-4.1312598425196851
0
LINE
8
User.Drawings
6
CONTINUOUS
10
1.6170865354330708
20
-4.1312598425196851
11
1.6170865354330708
21
-4.10412
0
LINE
8
User.Drawings
6
CONTINUOUS
10
1.6170865354330708
20
-4.10412
11
1.6309391338582677
21
-4.10412
0
LINE
8
User.Drawings
6
CONTINUOUS
10
1.6309391338582677
20
-4.10412
11
1.6309391338582677
21
-4.106825905511811
0
LINE
8
User.Drawings
6
CONTINUOUS
10
1.6309391338582677
20
-4.106825905511811
11
1.6321368503937008
21
-4.110358228346457
0
LINE
8
User.Drawings
6
CONTINUOUS
10
1.6321368503937008
20
-4.110358228346457
11
1.6342207874015748
21
-4.1133848031496063
0
LINE
8
User.Drawings
6
CONTINUOUS
10
1.6342207874015748
20
-4.1133848031496063
11
1.6373000393700787
21
-4.1159937007874019
0
LINE
8
User.Drawings
6
CONTINUOUS
10
1.6373000393700787
20
-4.1159937007874019
11
1.6409273228346457
21
-4.117891456692913
0
LINE
8
User.Drawings
6
CONTINUOUS
10
1.6409273228346457
20
-4.117891456692913
11
1.6449502755905512
21
-4.1190478740157479
0
LINE
8
User.Drawings
6
CONTINUOUS
10
1.6449502755905512
20
-4.1190478740157479
11
1.6494631496062993
21
-4.119446732283464
0
LINE
8
User.Drawings
6
CONTINUOUS
10
1.6494631496062993
20
-4.119446732283464
11
1.6544870866141732
21
-4.1191070078740157
0
LINE
8
User.Drawings
6
CONTINUOUS
10
1.6544870866141732
20
-4.1191070078740157
11
1.6584051574803149
21
-4.1181853149606296
0
LINE
8
User.Drawings
6
CONTINUOUS
10
1.6584051574803149
20
-4.1181853149606296
11
1.6614377559055118
21
-4.1167879527559057
0
LINE
8
User.Drawings
6
CONTINUOUS
10
1.6614377559055118
20
-4.1167879527559057
11
1.6638753937007873
21
-4.1147107874015747
0
LINE
8
User.Drawings
6
CONTINUOUS
10
1.6638753937007873
20
-4.1147107874015747
11
1.6653064173228347
21
-4.1121283858267716
0
LINE
8
User.Drawings
6
CONTINUOUS
10
1.6653064173228347
20
-4.1121283858267716
11
1.6658062598425196
21
-4.108872165354331
0
LINE
8
User.Drawings
6
CONTINUOUS
10
1.6658062598425196
20
-4.108872165354331
11
1.6654169291338583
21
-4.1065167716535429
0
LINE
8
User.Drawings
6
CONTINUOUS
10
1.6654169291338583
20
-4.1065167716535429
11
1.6642914566929135
21
-4.1046409055118112
0
LINE
8
User.Drawings
6
CONTINUOUS
10
1.6642914566929135
20
-4.1046409055118112
11
1.6623397244094489
21
-4.1031238188976378
0
LINE
8
User.Drawings
6
CONTINUOUS
10
1.6623397244094489
20
-4.1031238188976378
11
1.6579654330708662
21
-4.1014215748031493
0
LINE
8
User.Drawings
6
CONTINUOUS
10
1.6579654330708662
20
-4.1014215748031493
11
1.6484130708661417
21
-4.0991726771653543
0
LINE
8
User.Drawings
6
CONTINUOUS
10
1.6484130708661417
20
-4.0991726771653543
11
1.6403559448818896
21
-4.0974427559055115
0
LINE
8
User.Drawings
6
CONTINUOUS
10
1.6403559448818896
20
-4.0974427559055115
11
1.6325902362204725
21
-4.0952741732283462
0
LINE
8
User.Drawings
6
CONTINUOUS
10
1.6325902362204725
20
-4.0952741732283462
11
1.6268864566929133
21
-4.0924843700787399
0
LINE
8
User.Drawings
6
CONTINUOUS
10
1.6268864566929133
20
-4.0924843700787399
11
1.6228079921259841
21
-4.0891769685039367
0
LINE
8
User.Drawings
6
CONTINUOUS
10
1.6228079921259841
20
-4.0891769685039367
11
1.619747874015748
21
-4.0849730314960633
0
LINE
8
User.Drawings
6
CONTINUOUS
10
1.619747874015748
20
-4.0849730314960633
11
1.6178856692913386
21
-4.0800531496062993
0
LINE
8
User.Drawings
6
CONTINUOUS
10
1.6178856692913386
20
-4.0800531496062993
11
1.6172346062992125
21
-4.0742137401574805
0
LINE
8
User.Drawings
6
CONTINUOUS
10
1.6172346062992125
20
-4.0742137401574805
11
1.6177100393700787
21
-4.069442598425197
0
LINE
8
User.Drawings
6
CONTINUOUS
10
1.6177100393700787
20
-4.069442598425197
11
1.6190811811023622
21
-4.065287283464567
0
LINE
8
User.Drawings
6
CONTINUOUS
10
1.6190811811023622
20
-4.065287283464567
11
1.6213338582677166
21
-4.0616198425196846
0
LINE
8
User.Drawings
6
CONTINUOUS
10
1.6213338582677166
20
-4.0616198425196846
11
1.6259872440944882
21
-4.0570641732283468
0
LINE
8
User.Drawings
6
CONTINUOUS
10
1.6259872440944882
20
-4.0570641732283468
11
1.6318411023622046
21
-4.0537646456692915
0
LINE
8
User.Drawings
6
CONTINUOUS
10
1.6318411023622046
20
-4.0537646456692915
11
1.6383533070866141
21
-4.0517874409448815
0
LINE
8
User.Drawings
6
CONTINUOUS
10
1.6383533070866141
20
-4.0517874409448815
11
1.6450206299212597
21
-4.0511327952755902
0
LINE
8
User.Drawings
6
CONTINUOUS
10
1.6450206299212597
20
-4.0511327952755902
11
1.6524982677165354
21
-4.0516665354330712
0
LINE
8
User.Drawings
6
CONTINUOUS
10
2.4903575984251969
20
-4.0955513385826769
11
2.5204052362204723
21
-4.0179619291338584
0
LINE
8
User.Drawings
6
CONTINUOUS
10
2.5204052362204723
20
-4.0179619291338584
11
2.5597148818897639
21
-4.0179619291338584
0
LINE
8
User.Drawings
6
CONTINUOUS
10
2.5597148818897639
20
-4.0179619291338584
11
2.5597148818897639
21
-4.0321174015748031
0
LINE
8
User.Drawings
6
CONTINUOUS
10
2.5597148818897639
20
-4.0321174015748031
11
2.5460103543307087
21
-4.0321174015748031
0
LINE
8
User.Drawings
6
CONTINUOUS
10
2.5460103543307087
20
-4.0321174015748031
11
2.5460103543307087
21
-4.1171043307086617
0
LINE
8
User.Drawings
6
CONTINUOUS
10
2.5460103543307087
20
-4.1171043307086617
11
2.5597148818897639
21
-4.1171043307086617
0
LINE
8
User.Drawings
6
CONTINUOUS
10
2.5597148818897639
20
-4.1171043307086617
11
2.5597148818897639
21
-4.1312598425196851
0
LINE
8
User.Drawings
6
CONTINUOUS
10
2.5597148818897639
20
-4.1312598425196851
11
2.5170194881889763
21
-4.1312598425196851
0
LINE
8
User.Drawings
6
CONTINUOUS
10
2.5170194881889763
20
-4.1312598425196851
11
2.5170194881889763
21
-4.1171043307086617
0
LINE
8
User.Drawings
6
CONTINUOUS
10
2.5170194881889763
20
-4.1171043307086617
11
2.5304211417322833
21
-4.1171043307086617
0
LINE
8
User.Drawings
6
CONTINUOUS
10
2.5304211417322833
20
-4.1171043307086617
11
2.5304211417322833
21
-4.0321174015748031
0
LINE
8
User.Drawings
6
CONTINUOUS
10
2.5304211417322833
20
-4.0321174015748031
11
2.4914144094488186
21
-4.1325522047244094
0
LINE
8
User.Drawings
6
CONTINUOUS
10
2.4914144094488186
20
-4.1325522047244094
11
2.4880219291338581
21
-4.1325522047244094
0
LINE
8
User.Drawings
6
CONTINUOUS
10
2.4880219291338581
20
-4.1325522047244094
11
2.4493180708661417
21
-4.0321174015748031
0
LINE
8
User.Drawings
6
CONTINUOUS
10
2.4493180708661417
20
-4.0321174015748031
11
2.4493180708661417
21
-4.1171043307086617
0
LINE
8
User.Drawings
6
CONTINUOUS
10
2.4493180708661417
20
-4.1171043307086617
11
2.4618177165354331
21
-4.1171043307086617
0
LINE
8
User.Drawings
6
CONTINUOUS
10
2.4618177165354331
20
-4.1171043307086617
11
2.4618177165354331
21
-4.1312598425196851
0
LINE
8
User.Drawings
6
CONTINUOUS
10
2.4618177165354331
20
-4.1312598425196851
11
2.4215320866141732
21
-4.1312598425196851
0
LINE
8
User.Drawings
6
CONTINUOUS
10
2.4215320866141732
20
-4.1312598425196851
11
2.4215320866141732
21
-4.1171043307086617
0
LINE
8
User.Drawings
6
CONTINUOUS
10
2.4215320866141732
20
-4.1171043307086617
11
2.4353106692913387
21
-4.1171043307086617
0
LINE
8
User.Drawings
6
CONTINUOUS
10
2.4353106692913387
20
-4.1171043307086617
11
2.4353106692913387
21
-4.0321174015748031
0
LINE
8
User.Drawings
6
CONTINUOUS
10
2.4353106692913387
20
-4.0321174015748031
11
2.4215320866141732
21
-4.0321174015748031
0
LINE
8
User.Drawings
6
CONTINUOUS
10
2.4215320866141732
20
-4.0321174015748031
11
2.4215320866141732
21
-4.0179619291338584
0
LINE
8
User.Drawings
6
CONTINUOUS
10
2.4215320866141732
20
-4.0179619291338584
11
2.4604648031496064
21
-4.0179619291338584
0
LINE
8
User.Drawings
6
CONTINUOUS
10
2.4604648031496064
20
-4.0179619291338584
11
2.4903575984251969
21
-4.0955513385826769
0
LINE
8
User.Drawings
6
CONTINUOUS
10
2.615310157480315
20
-4.0503847244094491
11
2.6216601574803149
21
-4.0518681496062987
0
LINE
8
User.Drawings
6
CONTINUOUS
10
2.6216601574803149
20
-4.0518681496062987
11
2.6266256692913386
21
-4.0541272047244092
0
LINE
8
User.Drawings
6
CONTINUOUS
10
2.6266256692913386
20
-4.0541272047244092
11
2.6304722440944883
21
-4.0570898031496059
0
LINE
8
User.Drawings
6
CONTINUOUS
10
2.6304722440944883
20
-4.0570898031496059
11
2.6334836614173227
21
-4.0609006299212593
0
LINE
8
User.Drawings
6
CONTINUOUS
10
2.6334836614173227
20
-4.0609006299212593
11
2.635770472440945
21
-4.0658007874015745
0
LINE
8
User.Drawings
6
CONTINUOUS
10
2.635770472440945
20
-4.0658007874015745
11
2.6372675196850395
21
-4.0720466535433069
0
LINE
8
User.Drawings
6
CONTINUOUS
10
2.6372675196850395
20
-4.0720466535433069
11
2.6378158661417324
21
-4.0799620866141728
0
LINE
8
User.Drawings
6
CONTINUOUS
10
2.6378158661417324
20
-4.0799620866141728
11
2.6378158661417324
21
-4.117400472440945
0
LINE
8
User.Drawings
6
CONTINUOUS
10
2.6378158661417324
20
-4.117400472440945
11
2.651069409448819
21
-4.117400472440945
0
LINE
8
User.Drawings
6
CONTINUOUS
10
2.651069409448819
20
-4.117400472440945
11
2.651069409448819
21
-4.1312598425196851
0
LINE
8
User.Drawings
6
CONTINUOUS
10
2.651069409448819
20
-4.1312598425196851
11
2.6241113385826771
21
-4.1312598425196851
0
LINE
8
User.Drawings
6
CONTINUOUS
10
2.6241113385826771
20
-4.1312598425196851
11
2.6241113385826771
21
-4.1215131889763779
0
LINE
8
User.Drawings
6
CONTINUOUS
10
2.6241113385826771
20
-4.1215131889763779
11
2.6180968503937008
21
-4.1264852362204723
0
LINE
8
User.Drawings
6
CONTINUOUS
10
2.6180968503937008
20
-4.1264852362204723
11
2.6119627952755904
21
-4.1298848818897635
0
LINE
8
User.Drawings
6
CONTINUOUS
10
2.6119627952755904
20
-4.1298848818897635
11
2.6056227165354331
21
-4.1318837795275591
0
LINE
8
User.Drawings
6
CONTINUOUS
10
2.6056227165354331
20
-4.1318837795275591
11
2.5989572047244094
21
-4.1325522047244094
0
LINE
8
User.Drawings
6
CONTINUOUS
10
2.5989572047244094
20
-4.1325522047244094
11
2.5941771653543308
21
-4.1321687007874015
0
LINE
8
User.Drawings
6
CONTINUOUS
10
2.5941771653543308
20
-4.1321687007874015
11
2.5897442519685039
21
-4.1310414173228347
0
LINE
8
User.Drawings
6
CONTINUOUS
10
2.5897442519685039
20
-4.1310414173228347
11
2.585589251968504
21
-4.1291731889763774
0
LINE
8
User.Drawings
6
CONTINUOUS
10
2.585589251968504
20
-4.1291731889763774
11
2.5801152362204722
21
-4.1252063779527557
0
LINE
8
User.Drawings
6
CONTINUOUS
10
2.5801152362204722
20
-4.1252063779527557
11
2.5758762598425196
21
-4.1201265748031499
0
LINE
8
User.Drawings
6
CONTINUOUS
10
2.5758762598425196
20
-4.1201265748031499
11
2.5738511811023623
21
-4.1162104724409447
0
LINE
8
User.Drawings
6
CONTINUOUS
10
2.5738511811023623
20
-4.1162104724409447
11
2.5726390551181102
21
-4.1120406692913383
0
LINE
8
User.Drawings
6
CONTINUOUS
10
2.5726390551181102
20
-4.1120406692913383
11
2.5722279921259843
21
-4.1075394094488189
0
LINE
8
User.Drawings
6
CONTINUOUS
10
2.5722279921259843
20
-4.1075394094488189
11
2.5722286220472439
21
-4.107532677165354
0
LINE
8
User.Drawings
6
CONTINUOUS
10
2.5722286220472439
20
-4.107532677165354
11
2.5726856692913387
21
-4.1027071653543308
0
LINE
8
User.Drawings
6
CONTINUOUS
10
2.5726856692913387
20
-4.1027071653543308
11
2.5740257480314961
21
-4.0983194881889764
0
LINE
8
User.Drawings
6
CONTINUOUS
10
2.5740257480314961
20
-4.0983194881889764
11
2.576253188976378
21
-4.0942791338582678
0
LINE
8
User.Drawings
6
CONTINUOUS
10
2.576253188976378
20
-4.0942791338582678
11
2.5792288188976378
21
-4.0907200000000001
0
LINE
8
User.Drawings
6
CONTINUOUS
10
2.5792288188976378
20
-4.0907200000000001
11
2.5828316535433071
21
-4.0877385039370076
0
LINE
8
User.Drawings
6
CONTINUOUS
10
2.5828316535433071
20
-4.0877385039370076
11
2.587137401574803
21
-4.0853065748031492
0
LINE
8
User.Drawings
6
CONTINUOUS
10
2.587137401574803
20
-4.0853065748031492
11
2.5940803937007875
21
-4.0829224803149602
0
LINE
8
User.Drawings
6
CONTINUOUS
10
2.5940803937007875
20
-4.0829224803149602
11
2.6009159448818897
21
-4.0821496850393704
0
LINE
8
User.Drawings
6
CONTINUOUS
10
2.6009159448818897
20
-4.0821496850393704
11
2.6084455118110235
21
-4.0828952362204722
0
LINE
8
User.Drawings
6
CONTINUOUS
10
2.6084455118110235
20
-4.0828952362204722
11
2.6156062598425196
21
-4.0851233464566929
0
LINE
8
User.Drawings
6
CONTINUOUS
10
2.6156062598425196
20
-4.0851233464566929
11
2.6225295275590552
21
-4.0889077165354326
0
LINE
8
User.Drawings
6
CONTINUOUS
10
2.6225295275590552
20
-4.0889077165354326
11
2.6225295275590552
21
-4.0803323228346455
0
LINE
8
User.Drawings
6
CONTINUOUS
10
2.6225295275590552
20
-4.0803323228346455
11
2.6220057086614172
21
-4.0742115748031491
0
LINE
8
User.Drawings
6
CONTINUOUS
10
2.6220057086614172
20
-4.0742115748031491
11
2.6206369685039368
21
-4.0699169685039367
0
LINE
8
User.Drawings
6
CONTINUOUS
10
2.6206369685039368
20
-4.0699169685039367
11
2.6186120078740158
21
-4.0669710629921259
0
LINE
8
User.Drawings
6
CONTINUOUS
10
2.6186120078740158
20
-4.0669710629921259
11
2.6157283464566929
21
-4.0648758661417324
0
LINE
8
User.Drawings
6
CONTINUOUS
10
2.6157283464566929
20
-4.0648758661417324
11
2.6115830314960631
21
-4.0634772047244097
0
LINE
8
User.Drawings
6
CONTINUOUS
10
2.6115830314960631
20
-4.0634772047244097
11
2.605735433070866
21
-4.0629458661417326
0
LINE
8
User.Drawings
6
CONTINUOUS
10
2.605735433070866
20
-4.0629458661417326
11
2.5997533070866141
21
-4.0635699606299216
0
LINE
8
User.Drawings
6
CONTINUOUS
10
2.5997533070866141
20
-4.0635699606299216
11
2.595160866141732
21
-4.0652815748031497
0
LINE
8
User.Drawings
6
CONTINUOUS
10
2.595160866141732
20
-4.0652815748031497
11
2.5913288976377951
21
-4.0681643700787404
0
LINE
8
User.Drawings
6
CONTINUOUS
10
2.5913288976377951
20
-4.0681643700787404
11
2.5881201181102362
21
-4.0723626771653541
0
LINE
8
User.Drawings
6
CONTINUOUS
10
2.5881201181102362
20
-4.0723626771653541
11
2.5732107480314959
21
-4.0686471259842518
0
LINE
8
User.Drawings
6
CONTINUOUS
10
2.5732107480314959
20
-4.0686471259842518
11
2.5770433858267716
21
-4.0627650393700785
0
LINE
8
User.Drawings
6
CONTINUOUS
10
2.5770433858267716
20
-4.0627650393700785
11
2.5815685433070867
21
-4.0580971653543303
0
LINE
8
User.Drawings
6
CONTINUOUS
10
2.5815685433070867
20
-4.0580971653543303
11
2.5868344881889764
21
-4.0545050787401573
0
LINE
8
User.Drawings
6
CONTINUOUS
10
2.5868344881889764
20
-4.0545050787401573
11
2.5927295275590549
21
-4.0519752362204722
0
LINE
8
User.Drawings
6
CONTINUOUS
10
2.5927295275590549
20
-4.0519752362204722
11
2.5994779133858268
21
-4.0503947637795275
0
LINE
8
User.Drawings
6
CONTINUOUS
10
2.5994779133858268
20
-4.0503947637795275
11
2.6072431889763781
21
-4.0498403937007872
0
LINE
8
User.Drawings
6
CONTINUOUS
10
2.6072431889763781
20
-4.0498403937007872
11
2.615310157480315
21
-4.0503847244094491
0
LINE
8
User.Drawings
6
CONTINUOUS
10
2.5982258661417323
20
-4.0944091338582673
11
2.5947077559055116
21
-4.0956912204724407
0
LINE
8
User.Drawings
6
CONTINUOUS
10
2.5947077559055116
20
-4.0956912204724407
11
2.5915395275590551
21
-4.0978331889763782
0
LINE
8
User.Drawings
6
CONTINUOUS
10
2.5915395275590551
20
-4.0978331889763782
11
2.5890350787401575
21
-4.1006519685039367
0
LINE
8
User.Drawings
6
CONTINUOUS
10
2.5890350787401575
20
-4.1006519685039367
11
2.5875657086614172
21
-4.1038409842519687
0
LINE
8
User.Drawings
6
CONTINUOUS
10
2.5875657086614172
20
-4.1038409842519687
11
2.5870633464566928
21
-4.107532677165354
0
LINE
8
User.Drawings
6
CONTINUOUS
10
2.5870633464566928
20
-4.107532677165354
11
2.5875097637795275
21
-4.1111161811023624
0
LINE
8
User.Drawings
6
CONTINUOUS
10
2.5875097637795275
20
-4.1111161811023624
11
2.5888036614173227
21
-4.1141866929133855
0
LINE
8
User.Drawings
6
CONTINUOUS
10
2.5888036614173227
20
-4.1141866929133855
11
2.5909741338582677
21
-4.1168687401574804
0
LINE
8
User.Drawings
6
CONTINUOUS
10
2.5909741338582677
20
-4.1168687401574804
11
2.5937814173228344
21
-4.1188995669291337
0
LINE
8
User.Drawings
6
CONTINUOUS
10
2.5937814173228344
20
-4.1188995669291337
11
2.5970992125984251
21
-4.1201414960629918
0
LINE
8
User.Drawings
6
CONTINUOUS
10
2.5970992125984251
20
-4.1201414960629918
11
2.6010707874015746
21
-4.1205775590551177
0
LINE
8
User.Drawings
6
CONTINUOUS
10
2.6010707874015746
20
-4.1205775590551177
11
2.6065520078740159
21
-4.1200146456692917
0
LINE
8
User.Drawings
6
CONTINUOUS
10
2.6065520078740159
20
-4.1200146456692917
11
2.611894527559055
21
-4.1183129921259845
0
LINE
8
User.Drawings
6
CONTINUOUS
10
2.611894527559055
20
-4.1183129921259845
11
2.617195748031496
21
-4.1153853149606299
0
LINE
8
User.Drawings
6
CONTINUOUS
10
2.617195748031496
20
-4.1153853149606299
11
2.6225295275590552
21
-4.1110598031496064
0
LINE
8
User.Drawings
6
CONTINUOUS
10
2.6225295275590552
20
-4.1110598031496064
11
2.6225295275590552
21
-4.1018381889763775
0
LINE
8
User.Drawings
6
CONTINUOUS
10
2.6225295275590552
20
-4.1018381889763775
11
2.6154537007874015
21
-4.0973136614173225
0
LINE
8
User.Drawings
6
CONTINUOUS
10
2.6154537007874015
20
-4.0973136614173225
11
2.6087335433070864
21
-4.0947819685039368
0
LINE
8
User.Drawings
6
CONTINUOUS
10
2.6087335433070864
20
-4.0947819685039368
11
2.6022016141732283
21
-4.0939695275590546
0
LINE
8
User.Drawings
6
CONTINUOUS
10
2.6022016141732283
20
-4.0939695275590546
11
2.5982258661417323
21
-4.0944091338582673
0
LINE
8
User.Drawings
6
CONTINUOUS
10
2.9835118110236221
20
-4.0321174015748031
11
2.9698880708661415
21
-4.0321174015748031
0
LINE
8
User.Drawings
6
CONTINUOUS
10
2.9698880708661415
20
-4.0321174015748031
11
2.9910438976377951
21
-4.1066711023622045
0
LINE
8
User.Drawings
6
CONTINUOUS
10
2.9910438976377951
20
-4.1066711023622045
11
3.0119776377952756
21
-4.0321174015748031
0
LINE
8
User.Drawings
6
CONTINUOUS
10
3.0119776377952756
20
-4.0321174015748031
11
2.9984279133858265
21
-4.0321174015748031
0
LINE
8
User.Drawings
6
CONTINUOUS
10
2.9984279133858265
20
-4.0321174015748031
11
2.9984279133858265
21
-4.0179619291338584
0
LINE
8
User.Drawings
6
CONTINUOUS
10
2.9984279133858265
20
-4.0179619291338584
11
3.0505333858267716
21
-4.0179619291338584
0
LINE
8
User.Drawings
6
CONTINUOUS
10
3.0505333858267716
20
-4.0179619291338584
11
3.0505333858267716
21
-4.0321174015748031
0
LINE
8
User.Drawings
6
CONTINUOUS
10
3.0505333858267716
20
-4.0321174015748031
11
3.0371317716535433
21
-4.0321174015748031
0
LINE
8
User.Drawings
6
CONTINUOUS
10
3.0371317716535433
20
-4.0321174015748031
11
3.0578366141732283
21
-4.1066711023622045
0
LINE
8
User.Drawings
6
CONTINUOUS
10
3.0578366141732283
20
-4.1066711023622045
11
3.0790732677165353
21
-4.0321174015748031
0
LINE
8
User.Drawings
6
CONTINUOUS
10
3.0790732677165353
20
-4.0321174015748031
11
3.0656716535433071
21
-4.0321174015748031
0
LINE
8
User.Drawings
6
CONTINUOUS
10
3.0656716535433071
20
-4.0321174015748031
11
3.0656716535433071
21
-4.0179619291338584
0
LINE
8
User.Drawings
6
CONTINUOUS
10
3.0656716535433071
20
-4.0179619291338584
11
3.107316968503937
21
-4.0179619291338584
0
LINE
8
User.Drawings
6
CONTINUOUS
10
3.107316968503937
20
-4.0179619291338584
11
3.107316968503937
21
-4.0321174015748031
0
LINE
8
User.Drawings
6
CONTINUOUS
10
3.107316968503937
20
-4.0321174015748031
11
3.0942114960629921
21
-4.0321174015748031
0
LINE
8
User.Drawings
6
CONTINUOUS
10
3.0942114960629921
20
-4.0321174015748031
11
3.0655235433070867
21
-4.1325522047244094
0
LINE
8
User.Drawings
6
CONTINUOUS
10
3.0655235433070867
20
-4.1325522047244094
11
3.0494833464566931
21
-4.1325522047244094
0
LINE
8
User.Drawings
6
CONTINUOUS
10
3.0494833464566931
20
-4.1325522047244094
11
3.0238782283464567
21
-4.0422746456692913
0
LINE
8
User.Drawings
6
CONTINUOUS
10
3.0238782283464567
20
-4.0422746456692913
11
2.9984279133858265
21
-4.1325522047244094
0
LINE
8
User.Drawings
6
CONTINUOUS
10
2.9984279133858265
20
-4.1325522047244094
11
2.9825357874015745
21
-4.1325522047244094
0
LINE
8
User.Drawings
6
CONTINUOUS
10
2.9825357874015745
20
-4.1325522047244094
11
2.9535449212598426
21
-4.0321174015748031
0
LINE
8
User.Drawings
6
CONTINUOUS
10
2.9535449212598426
20
-4.0321174015748031
11
2.9401365748031494
21
-4.0321174015748031
0
LINE
8
User.Drawings
6
CONTINUOUS
10
2.9401365748031494
20
-4.0321174015748031
11
2.9401365748031494
21
-4.0179619291338584
0
LINE
8
User.Drawings
6
CONTINUOUS
10
2.9401365748031494
20
-4.0179619291338584
11
2.9835118110236221
21
-4.0179619291338584
0
LINE
8
User.Drawings
6
CONTINUOUS
10
2.9835118110236221
20
-4.0179619291338584
11
2.9835118110236221
21
-4.0321174015748031
0
LINE
8
User.Drawings
6
CONTINUOUS
10
3.4055220866141731
20
-4.0519943700787397
11
3.4199805118110236
21
-4.0519943700787397
0
LINE
8
User.Drawings
6
CONTINUOUS
10
3.4199805118110236
20
-4.0519943700787397
11
3.4199805118110236
21
-4.0659277559055118
0
LINE
8
User.Drawings
6
CONTINUOUS
10
3.4199805118110236
20
-4.0659277559055118
11
3.4055220866141731
21
-4.0659277559055118
0
LINE
8
User.Drawings
6
CONTINUOUS
10
3.4055220866141731
20
-4.0659277559055118
11
3.4055220866141731
21
-4.107465393700787
0
LINE
8
User.Drawings
6
CONTINUOUS
10
3.4055220866141731
20
-4.107465393700787
11
3.4059690551181103
21
-4.1133461417322836
0
LINE
8
User.Drawings
6
CONTINUOUS
10
3.4059690551181103
20
-4.1133461417322836
11
3.406915433070866
21
-4.1158725196850394
0
LINE
8
User.Drawings
6
CONTINUOUS
10
3.406915433070866
20
-4.1158725196850394
11
3.4086921653543305
21
-4.117263661417323
0
LINE
8
User.Drawings
6
CONTINUOUS
10
3.4086921653543305
20
-4.117263661417323
11
3.4116945275590549
21
-4.1177909055118107
0
LINE
8
User.Drawings
6
CONTINUOUS
10
3.4116945275590549
20
-4.1177909055118107
11
3.4158115748031497
21
-4.1174372047244097
0
LINE
8
User.Drawings
6
CONTINUOUS
10
3.4158115748031497
20
-4.1174372047244097
11
3.4199805118110236
21
-4.1163571653543309
0
LINE
8
User.Drawings
6
CONTINUOUS
10
3.4199805118110236
20
-4.1163571653543309
11
3.4199805118110236
21
-4.1304453543307087
0
LINE
8
User.Drawings
6
CONTINUOUS
10
3.4199805118110236
20
-4.1304453543307087
11
3.4130468897637796
21
-4.1320959448818897
0
LINE
8
User.Drawings
6
CONTINUOUS
10
3.4130468897637796
20
-4.1320959448818897
11
3.4083087795275588
21
-4.1325522047244094
0
LINE
8
User.Drawings
6
CONTINUOUS
10
3.4083087795275588
20
-4.1325522047244094
11
3.4019737401574801
21
-4.1319136220472439
0
LINE
8
User.Drawings
6
CONTINUOUS
10
3.4019737401574801
20
-4.1319136220472439
11
3.3974316929133859
21
-4.1302145275590547
0
LINE
8
User.Drawings
6
CONTINUOUS
10
3.3974316929133859
20
-4.1302145275590547
11
3.3942205905511811
21
-4.1276183070866139
0
LINE
8
User.Drawings
6
CONTINUOUS
10
3.3942205905511811
20
-4.1276183070866139
11
3.3920404724409448
21
-4.1240357874015743
0
LINE
8
User.Drawings
6
CONTINUOUS
10
3.3920404724409448
20
-4.1240357874015743
11
3.3905235039370076
21
-4.1186202362204725
0
LINE
8
User.Drawings
6
CONTINUOUS
10
3.3905235039370076
20
-4.1186202362204725
11
3.3899328740157482
21
-4.1106962992125986
0
LINE
8
User.Drawings
6
CONTINUOUS
10
3.3899328740157482
20
-4.1106962992125986
11
3.3899328740157482
21
-4.0659277559055118
0
LINE
8
User.Drawings
6
CONTINUOUS
10
3.3899328740157482
20
-4.0659277559055118
11
3.3796208267716534
21
-4.0659277559055118
0
LINE
8
User.Drawings
6
CONTINUOUS
10
3.3796208267716534
20
-4.0659277559055118
11
3.3796208267716534
21
-4.0519943700787397
0
LINE
8
User.Drawings
6
CONTINUOUS
10
3.3796208267716534
20
-4.0519943700787397
11
3.3899328740157482
21
-4.0519943700787397
0
LINE
8
User.Drawings
6
CONTINUOUS
10
3.3899328740157482
20
-4.0519943700787397
11
3.3899328740157482
21
-4.039986062992126
0
LINE
8
User.Drawings
6
CONTINUOUS
10
3.3899328740157482
20
-4.039986062992126
11
3.4055220866141731
21
-4.0257161417322838
0
LINE
8
User.Drawings
6
CONTINUOUS
10
3.4055220866141731
20
-4.0257161417322838
11
3.4055220866141731
21
-4.0519943700787397
0
LINE
8
User.Drawings
6
CONTINUOUS
10
4.1785862204724404
20
-4.0516665354330712
11
4.1848970472440943
21
-4.053168818897638
0
LINE
8
User.Drawings
6
CONTINUOUS
10
4.1848970472440943
20
-4.053168818897638
11
4.1902383858267713
21
-4.0555416535433073
0
LINE
8
User.Drawings
6
CONTINUOUS
10
4.1902383858267713
20
-4.0555416535433073
11
4.1902383858267713
21
-4.0519943700787397
0
LINE
8
User.Drawings
6
CONTINUOUS
10
4.1902383858267713
20
-4.0519943700787397
11
4.2037948031496066
21
-4.0519943700787397
0
LINE
8
User.Drawings
6
CONTINUOUS
10
4.2037948031496066
20
-4.0519943700787397
11
4.2037948031496066
21
-4.0782725984251966
0
LINE
8
User.Drawings
6
CONTINUOUS
10
4.2037948031496066
20
-4.0782725984251966
11
4.1902383858267713
21
-4.0782725984251966
0
LINE
8
User.Drawings
6
CONTINUOUS
10
4.1902383858267713
20
-4.0782725984251966
11
4.1902383858267713
21
-4.0735204330708656
0
LINE
8
User.Drawings
6
CONTINUOUS
10
4.1902383858267713
20
-4.0735204330708656
11
4.1864801968503933
21
-4.0692746456692914
0
LINE
8
User.Drawings
6
CONTINUOUS
10
4.1864801968503933
20
-4.0692746456692914
11
4.182218897637795
21
-4.0663319685039365
0
LINE
8
User.Drawings
6
CONTINUOUS
10
4.182218897637795
20
-4.0663319685039365
11
4.1773544488188978
21
-4.0645522834645664
0
LINE
8
User.Drawings
6
CONTINUOUS
10
4.1773544488188978
20
-4.0645522834645664
11
4.1717143700787398
21
-4.0639353543307086
0
LINE
8
User.Drawings
6
CONTINUOUS
10
4.1717143700787398
20
-4.0639353543307086
11
4.1659376771653545
21
-4.0646559842519681
0
LINE
8
User.Drawings
6
CONTINUOUS
10
4.1659376771653545
20
-4.0646559842519681
11
4.1616244488188974
21
-4.0666345275590547
0
LINE
8
User.Drawings
6
CONTINUOUS
10
4.1616244488188974
20
-4.0666345275590547
11
4.1593995669291335
21
-4.0686655905511806
0
LINE
8
User.Drawings
6
CONTINUOUS
10
4.1593995669291335
20
-4.0686655905511806
11
4.1581335826771655
21
-4.0709524409448816
0
LINE
8
User.Drawings
6
CONTINUOUS
10
4.1581335826771655
20
-4.0709524409448816
11
4.1577069685039367
21
-4.0736012204724412
0
LINE
8
User.Drawings
6
CONTINUOUS
10
4.1577069685039367
20
-4.0736012204724412
11
4.1584582283464568
21
-4.0770339763779528
0
LINE
8
User.Drawings
6
CONTINUOUS
10
4.1584582283464568
20
-4.0770339763779528
11
4.1606820866141732
21
-4.0796120866141727
0
LINE
8
User.Drawings
6
CONTINUOUS
10
4.1606820866141732
20
-4.0796120866141727
11
4.1646435433070863
21
-4.0814004724409445
0
LINE
8
User.Drawings
6
CONTINUOUS
10
4.1646435433070863
20
-4.0814004724409445
11
4.1740500787401578
21
-4.0834488188976374
0
LINE
8
User.Drawings
6
CONTINUOUS
10
4.1740500787401578
20
-4.0834488188976374
11
4.1845169291338582
21
-4.0854748818897635
0
LINE
8
User.Drawings
6
CONTINUOUS
10
4.1845169291338582
20
-4.0854748818897635
11
4.1923799212598425
21
-4.0875524803149608
0
LINE
8
User.Drawings
6
CONTINUOUS
10
4.1923799212598425
20
-4.0875524803149608
11
4.1982414566929132
21
-4.0903583858267716
0
LINE
8
User.Drawings
6
CONTINUOUS
10
4.1982414566929132
20
-4.0903583858267716
11
4.2025116929133857
21
-4.0937859842519684
0
LINE
8
User.Drawings
6
CONTINUOUS
10
4.2025116929133857
20
-4.0937859842519684
11
4.2054821259842523
21
-4.097840748031496
0
LINE
8
User.Drawings
6
CONTINUOUS
10
4.2054821259842523
20
-4.097840748031496
11
4.2072968503937007
21
-4.1026409055118105
0
LINE
8
User.Drawings
6
CONTINUOUS
10
4.2072968503937007
20
-4.1026409055118105
11
4.2079344488188974
21
-4.1084009842519684
0
LINE
8
User.Drawings
6
CONTINUOUS
10
4.2079344488188974
20
-4.1084009842519684
11
4.2073877165354325
21
-4.1136671259842519
0
LINE
8
User.Drawings
6
CONTINUOUS
10
4.2073877165354325
20
-4.1136671259842519
11
4.2058077559055116
21
-4.1182568503937009
0
LINE
8
User.Drawings
6
CONTINUOUS
10
4.2058077559055116
20
-4.1182568503937009
11
4.2032003149606298
21
-4.1223160629921258
0
LINE
8
User.Drawings
6
CONTINUOUS
10
4.2032003149606298
20
-4.1223160629921258
11
4.1994600000000002
21
-4.1259355118110239
0
LINE
8
User.Drawings
6
CONTINUOUS
10
4.1994600000000002
20
-4.1259355118110239
11
4.1950958661417319
21
-4.128720393700787
0
LINE
8
User.Drawings
6
CONTINUOUS
10
4.1950958661417319
20
-4.128720393700787
11
4.1899903149606299
21
-4.1307828740157477
0
LINE
8
User.Drawings
6
CONTINUOUS
10
4.1899903149606299
20
-4.1307828740157477
11
4.1840082283464568
21
-4.1320891338582673
0
LINE
8
User.Drawings
6
CONTINUOUS
10
4.1840082283464568
20
-4.1320891338582673
11
4.1769848425196852
21
-4.1325522047244094
0
LINE
8
User.Drawings
6
CONTINUOUS
10
4.1769848425196852
20
-4.1325522047244094
11
4.1714642913385829
21
-4.1321491732283464
0
LINE
8
User.Drawings
6
CONTINUOUS
10
4.1714642913385829
20
-4.1321491732283464
11
4.1660266141732283
21
-4.1309367322834643
0
LINE
8
User.Drawings
6
CONTINUOUS
10
4.1660266141732283
20
-4.1309367322834643
11
4.1609336614173227
21
-4.1290548818897639
0
LINE
8
User.Drawings
6
CONTINUOUS
10
4.1609336614173227
20
-4.1290548818897639
11
4.1570271259842517
21
-4.126911535433071
0
LINE
8
User.Drawings
6
CONTINUOUS
10
4.1570271259842517
20
-4.126911535433071
11
4.1570271259842517
21
-4.1312598425196851
0
LINE
8
User.Drawings
6
CONTINUOUS
10
4.1570271259842517
20
-4.1312598425196851
11
4.1431744881889765
21
-4.1312598425196851
0
LINE
8
User.Drawings
6
CONTINUOUS
10
4.1431744881889765
20
-4.1312598425196851
11
4.1431744881889765
21
-4.10412
0
LINE
8
User.Drawings
6
CONTINUOUS
10
4.1431744881889765
20
-4.10412
11
4.1570271259842517
21
-4.10412
0
LINE
8
User.Drawings
6
CONTINUOUS
10
4.1570271259842517
20
-4.10412
11
4.1570271259842517
21
-4.106825905511811
0
LINE
8
User.Drawings
6
CONTINUOUS
10
4.1570271259842517
20
-4.106825905511811
11
4.1582248031496061
21
-4.110358228346457
0
LINE
8
User.Drawings
6
CONTINUOUS
10
4.1582248031496061
20
-4.110358228346457
11
4.1603087401574799
21
-4.1133848031496063
0
LINE
8
User.Drawings
6
CONTINUOUS
10
4.1603087401574799
20
-4.1133848031496063
11
4.1633879921259842
21
-4.1159937007874019
0
LINE
8
User.Drawings
6
CONTINUOUS
10
4.1633879921259842
20
-4.1159937007874019
11
4.1670152755905514
21
-4.117891456692913
0
LINE
8
User.Drawings
6
CONTINUOUS
10
4.1670152755905514
20
-4.117891456692913
11
4.1710382677165354
21
-4.1190478740157479
0
LINE
8
User.Drawings
6
CONTINUOUS
10
4.1710382677165354
20
-4.1190478740157479
11
4.1755511023622045
21
-4.119446732283464
0
LINE
8
User.Drawings
6
CONTINUOUS
10
4.1755511023622045
20
-4.119446732283464
11
4.1805750787401577
21
-4.1191070078740157
0
LINE
8
User.Drawings
6
CONTINUOUS
10
4.1805750787401577
20
-4.1191070078740157
11
4.1844931496062987
21
-4.1181853149606296
0
LINE
8
User.Drawings
6
CONTINUOUS
10
4.1844931496062987
20
-4.1181853149606296
11
4.1875257480314962
21
-4.1167879527559057
0
LINE
8
User.Drawings
6
CONTINUOUS
10
4.1875257480314962
20
-4.1167879527559057
11
4.1899633464566932
21
-4.1147107874015747
0
LINE
8
User.Drawings
6
CONTINUOUS
10
4.1899633464566932
20
-4.1147107874015747
11
4.1913943700787399
21
-4.1121283858267716
0
LINE
8
User.Drawings
6
CONTINUOUS
10
4.1913943700787399
20
-4.1121283858267716
11
4.1918942125984255
21
-4.108872165354331
0
LINE
8
User.Drawings
6
CONTINUOUS
10
4.1918942125984255
20
-4.108872165354331
11
4.191504881889764
21
-4.1065167716535429
0
LINE
8
User.Drawings
6
CONTINUOUS
10
4.191504881889764
20
-4.1065167716535429
11
4.1903794488188977
21
-4.1046409055118112
0
LINE
8
User.Drawings
6
CONTINUOUS
10
4.1903794488188977
20
-4.1046409055118112
11
4.1884277165354327
21
-4.1031238188976378
0
LINE
8
User.Drawings
6
CONTINUOUS
10
4.1884277165354327
20
-4.1031238188976378
11
4.1840533858267719
21
-4.1014215748031493
0
LINE
8
User.Drawings
6
CONTINUOUS
10
4.1840533858267719
20
-4.1014215748031493
11
4.1745010629921255
21
-4.0991726771653543
0
LINE
8
User.Drawings
6
CONTINUOUS
10
4.1745010629921255
20
-4.0991726771653543
11
4.1664439370078741
21
-4.0974427559055115
0
LINE
8
User.Drawings
6
CONTINUOUS
10
4.1664439370078741
20
-4.0974427559055115
11
4.1586781889763778
21
-4.0952741732283462
0
LINE
8
User.Drawings
6
CONTINUOUS
10
4.1586781889763778
20
-4.0952741732283462
11
4.1529744094488192
21
-4.0924843700787399
0
LINE
8
User.Drawings
6
CONTINUOUS
10
4.1529744094488192
20
-4.0924843700787399
11
4.1488959448818896
21
-4.0891769685039367
0
LINE
8
User.Drawings
6
CONTINUOUS
10
4.1488959448818896
20
-4.0891769685039367
11
4.1458358267716537
21
-4.0849730314960633
0
LINE
8
User.Drawings
6
CONTINUOUS
10
4.1458358267716537
20
-4.0849730314960633
11
4.1439736220472438
21
-4.0800531496062993
0
LINE
8
User.Drawings
6
CONTINUOUS
10
4.1439736220472438
20
-4.0800531496062993
11
4.1433225984251969
21
-4.0742137401574805
0
LINE
8
User.Drawings
6
CONTINUOUS
10
4.1433225984251969
20
-4.0742137401574805
11
4.1437979921259842
21
-4.069442598425197
0
LINE
8
User.Drawings
6
CONTINUOUS
10
4.1437979921259842
20
-4.069442598425197
11
4.1451691338582677
21
-4.065287283464567
0
LINE
8
User.Drawings
6
CONTINUOUS
10
4.1451691338582677
20
-4.065287283464567
11
4.1474218503937008
21
-4.0616198425196846
0
LINE
8
User.Drawings
6
CONTINUOUS
10
4.1474218503937008
20
-4.0616198425196846
11
4.1520751968503937
21
-4.0570641732283468
0
LINE
8
User.Drawings
6
CONTINUOUS
10
4.1520751968503937
20
-4.0570641732283468
11
4.157929094488189
21
-4.0537646456692915
0
LINE
8
User.Drawings
6
CONTINUOUS
10
4.157929094488189
20
-4.0537646456692915
11
4.16444125984252
21
-4.0517874409448815
0
LINE
8
User.Drawings
6
CONTINUOUS
10
4.16444125984252
20
-4.0517874409448815
11
4.1711085826771654
21
-4.0511327952755902
0
LINE
8
User.Drawings
6
CONTINUOUS
10
4.1711085826771654
20
-4.0511327952755902
11
4.1785862204724404
21
-4.0516665354330712
0
LINE
8
User.Drawings
6
CONTINUOUS
10
4.3401669291338578
20
-4.0519943700787397
11
4.3546253543307083
21
-4.0519943700787397
0
LINE
8
User.Drawings
6
CONTINUOUS
10
4.3546253543307083
20
-4.0519943700787397
11
4.3546253543307083
21
-4.0659277559055118
0
LINE
8
User.Drawings
6
CONTINUOUS
10
4.3546253543307083
20
-4.0659277559055118
11
4.3401669291338578
21
-4.0659277559055118
0
LINE
8
User.Drawings
6
CONTINUOUS
10
4.3401669291338578
20
-4.0659277559055118
11
4.3401669291338578
21
-4.107465393700787
0
LINE
8
User.Drawings
6
CONTINUOUS
10
4.3401669291338578
20
-4.107465393700787
11
4.3406138976377955
21
-4.1133461417322836
0
LINE
8
User.Drawings
6
CONTINUOUS
10
4.3406138976377955
20
-4.1133461417322836
11
4.3415602755905507
21
-4.1158725196850394
0
LINE
8
User.Drawings
6
CONTINUOUS
10
4.3415602755905507
20
-4.1158725196850394
11
4.3433370078740152
21
-4.117263661417323
0
LINE
8
User.Drawings
6
CONTINUOUS
10
4.3433370078740152
20
-4.117263661417323
11
4.3463393700787405
21
-4.1177909055118107
0
LINE
8
User.Drawings
6
CONTINUOUS
10
4.3463393700787405
20
-4.1177909055118107
11
4.3504564566929131
21
-4.1174372047244097
0
LINE
8
User.Drawings
6
CONTINUOUS
10
4.3504564566929131
20
-4.1174372047244097
11
4.3546253543307083
21
-4.1163571653543309
0
LINE
8
User.Drawings
6
CONTINUOUS
10
4.3546253543307083
20
-4.1163571653543309
11
4.3546253543307083
21
-4.1304453543307087
0
LINE
8
User.Drawings
6
CONTINUOUS
10
4.3546253543307083
20
-4.1304453543307087
11
4.3476917322834643
21
-4.1320959448818897
0
LINE
8
User.Drawings
6
CONTINUOUS
10
4.3476917322834643
20
-4.1320959448818897
11
4.3429536220472436
21
-4.1325522047244094
0
LINE
8
User.Drawings
6
CONTINUOUS
10
4.3429536220472436
20
-4.1325522047244094
11
4.3366185826771648
21
-4.1319136220472439
0
LINE
8
User.Drawings
6
CONTINUOUS
10
4.3366185826771648
20
-4.1319136220472439
11
4.332076535433071
21
-4.1302145275590547
0
LINE
8
User.Drawings
6
CONTINUOUS
10
4.332076535433071
20
-4.1302145275590547
11
4.3288654330708658
21
-4.1276183070866139
0
LINE
8
User.Drawings
6
CONTINUOUS
10
4.3288654330708658
20
-4.1276183070866139
11
4.3266853149606295
21
-4.1240357874015743
0
LINE
8
User.Drawings
6
CONTINUOUS
10
4.3266853149606295
20
-4.1240357874015743
11
4.3251683464566932
21
-4.1186202362204725
0
LINE
8
User.Drawings
6
CONTINUOUS
10
4.3251683464566932
20
-4.1186202362204725
11
4.3245777165354333
21
-4.1106962992125986
0
LINE
8
User.Drawings
6
CONTINUOUS
10
4.3245777165354333
20
-4.1106962992125986
11
4.3245777165354333
21
-4.0659277559055118
0
LINE
8
User.Drawings
6
CONTINUOUS
10
4.3245777165354333
20
-4.0659277559055118
11
4.3142656692913386
21
-4.0659277559055118
0
LINE
8
User.Drawings
6
CONTINUOUS
10
4.3142656692913386
20
-4.0659277559055118
11
4.3142656692913386
21
-4.0519943700787397
0
LINE
8
User.Drawings
6
CONTINUOUS
10
4.3142656692913386
20
-4.0519943700787397
11
4.3245777165354333
21
-4.0519943700787397
0
LINE
8
User.Drawings
6
CONTINUOUS
10
4.3245777165354333
20
-4.0519943700787397
11
4.3245777165354333
21
-4.039986062992126
0
LINE
8
User.Drawings
6
CONTINUOUS
10
4.3245777165354333
20
-4.039986062992126
11
4.3401669291338578
21
-4.0257161417322838
0
LINE
8
User.Drawings
6
CONTINUOUS
10
4.3401669291338578
20
-4.0257161417322838
11
4.3401669291338578
21
-4.0519943700787397
0
LINE
8
User.Drawings
6
CONTINUOUS
10
4.6863253149606301
20
-4.0503847244094491
11
4.6926753543307083
21
-4.0518681496062987
0
LINE
8
User.Drawings
6
CONTINUOUS
10
4.6926753543307083
20
-4.0518681496062987
11
4.6976408661417324
21
-4.0541272047244092
0
LINE
8
User.Drawings
6
CONTINUOUS
10
4.6976408661417324
20
-4.0541272047244092
11
4.7014874015748029
21
-4.0570898031496059
0
LINE
8
User.Drawings
6
CONTINUOUS
10
4.7014874015748029
20
-4.0570898031496059
11
4.7044988582677165
21
-4.0609006299212593
0
LINE
8
User.Drawings
6
CONTINUOUS
10
4.7044988582677165
20
-4.0609006299212593
11
4.70678562992126
21
-4.0658007874015745
0
LINE
8
User.Drawings
6
CONTINUOUS
10
4.70678562992126
20
-4.0658007874015745
11
4.7082827165354333
21
-4.0720466535433069
0
LINE
8
User.Drawings
6
CONTINUOUS
10
4.7082827165354333
20
-4.0720466535433069
11
4.7088310629921262
21
-4.0799620866141728
0
LINE
8
User.Drawings
6
CONTINUOUS
10
4.7088310629921262
20
-4.0799620866141728
11
4.7088310629921262
21
-4.117400472440945
0
LINE
8
User.Drawings
6
CONTINUOUS
10
4.7088310629921262
20
-4.117400472440945
11
4.7220846062992123
21
-4.117400472440945
0
LINE
8
User.Drawings
6
CONTINUOUS
10
4.7220846062992123
20
-4.117400472440945
11
4.7220846062992123
21
-4.1312598425196851
0
LINE
8
User.Drawings
6
CONTINUOUS
10
4.7220846062992123
20
-4.1312598425196851
11
4.6951265354330705
21
-4.1312598425196851
0
LINE
8
User.Drawings
6
CONTINUOUS
10
4.6951265354330705
20
-4.1312598425196851
11
4.6951265354330705
21
-4.1215131889763779
0
LINE
8
User.Drawings
6
CONTINUOUS
10
4.6951265354330705
20
-4.1215131889763779
11
4.6891120472440946
21
-4.1264852362204723
0
LINE
8
User.Drawings
6
CONTINUOUS
10
4.6891120472440946
20
-4.1264852362204723
11
4.6829779921259842
21
-4.1298848818897635
0
LINE
8
User.Drawings
6
CONTINUOUS
10
4.6829779921259842
20
-4.1298848818897635
11
4.6766378740157482
21
-4.1318837795275591
0
LINE
8
User.Drawings
6
CONTINUOUS
10
4.6766378740157482
20
-4.1318837795275591
11
4.6699724015748032
21
-4.1325522047244094
0
LINE
8
User.Drawings
6
CONTINUOUS
10
4.6699724015748032
20
-4.1325522047244094
11
4.6651923228346455
21
-4.1321687007874015
0
LINE
8
User.Drawings
6
CONTINUOUS
10
4.6651923228346455
20
-4.1321687007874015
11
4.6607594094488185
21
-4.1310414173228347
0
LINE
8
User.Drawings
6
CONTINUOUS
10
4.6607594094488185
20
-4.1310414173228347
11
4.6566044094488186
21
-4.1291731889763774
0
LINE
8
User.Drawings
6
CONTINUOUS
10
4.6566044094488186
20
-4.1291731889763774
11
4.6511304330708656
21
-4.1252063779527557
0
LINE
8
User.Drawings
6
CONTINUOUS
10
4.6511304330708656
20
-4.1252063779527557
11
4.6468914566929129
21
-4.1201265748031499
0
LINE
8
User.Drawings
6
CONTINUOUS
10
4.6468914566929129
20
-4.1201265748031499
11
4.6448663779527557
21
-4.1162104724409447
0
LINE
8
User.Drawings
6
CONTINUOUS
10
4.6448663779527557
20
-4.1162104724409447
11
4.6436542519685036
21
-4.1120406692913383
0
LINE
8
User.Drawings
6
CONTINUOUS
10
4.6436542519685036
20
-4.1120406692913383
11
4.6432431889763777
21
-4.1075394094488189
0
LINE
8
User.Drawings
6
CONTINUOUS
10
4.6432431889763777
20
-4.1075394094488189
11
4.6432438188976377
21
-4.107532677165354
0
LINE
8
User.Drawings
6
CONTINUOUS
10
4.6432438188976377
20
-4.107532677165354
11
4.6437008267716537
21
-4.1027071653543308
0
LINE
8
User.Drawings
6
CONTINUOUS
10
4.6437008267716537
20
-4.1027071653543308
11
4.6450409448818899
21
-4.0983194881889764
0
LINE
8
User.Drawings
6
CONTINUOUS
10
4.6450409448818899
20
-4.0983194881889764
11
4.6472683858267718
21
-4.0942791338582678
0
LINE
8
User.Drawings
6
CONTINUOUS
10
4.6472683858267718
20
-4.0942791338582678
11
4.6502440157480311
21
-4.0907200000000001
0
LINE
8
User.Drawings
6
CONTINUOUS
10
4.6502440157480311
20
-4.0907200000000001
11
4.6538468503937009
21
-4.0877385039370076
0
LINE
8
User.Drawings
6
CONTINUOUS
10
4.6538468503937009
20
-4.0877385039370076
11
4.6581525984251968
21
-4.0853065748031492
0
LINE
8
User.Drawings
6
CONTINUOUS
10
4.6581525984251968
20
-4.0853065748031492
11
4.6650955511811025
21
-4.0829224803149602
0
LINE
8
User.Drawings
6
CONTINUOUS
10
4.6650955511811025
20
-4.0829224803149602
11
4.6719311417322835
21
-4.0821496850393704
0
LINE
8
User.Drawings
6
CONTINUOUS
10
4.6719311417322835
20
-4.0821496850393704
11
4.6794607086614173
21
-4.0828952362204722
0
LINE
8
User.Drawings
6
CONTINUOUS
10
4.6794607086614173
20
-4.0828952362204722
11
4.6866214566929134
21
-4.0851233464566929
0
LINE
8
User.Drawings
6
CONTINUOUS
10
4.6866214566929134
20
-4.0851233464566929
11
4.693544724409449
21
-4.0889077165354326
0
LINE
8
User.Drawings
6
CONTINUOUS
10
4.693544724409449
20
-4.0889077165354326
11
4.693544724409449
21
-4.0803323228346455
0
LINE
8
User.Drawings
6
CONTINUOUS
10
4.693544724409449
20
-4.0803323228346455
11
4.6930209055118111
21
-4.0742115748031491
0
LINE
8
User.Drawings
6
CONTINUOUS
10
4.6930209055118111
20
-4.0742115748031491
11
4.6916521259842519
21
-4.0699169685039367
0
LINE
8
User.Drawings
6
CONTINUOUS
10
4.6916521259842519
20
-4.0699169685039367
11
4.6896272047244096
21
-4.0669710629921259
0
LINE
8
User.Drawings
6
CONTINUOUS
10
4.6896272047244096
20
-4.0669710629921259
11
4.6867435039370076
21
-4.0648758661417324
0
LINE
8
User.Drawings
6
CONTINUOUS
10
4.6867435039370076
20
-4.0648758661417324
11
4.6825981889763781
21
-4.0634772047244097
0
LINE
8
User.Drawings
6
CONTINUOUS
10
4.6825981889763781
20
-4.0634772047244097
11
4.6767506299212593
21
-4.0629458661417326
0
LINE
8
User.Drawings
6
CONTINUOUS
10
4.6767506299212593
20
-4.0629458661417326
11
4.6707685039370075
21
-4.0635699606299216
0
LINE
8
User.Drawings
6
CONTINUOUS
10
4.6707685039370075
20
-4.0635699606299216
11
4.6661760629921263
21
-4.0652815748031497
0
LINE
8
User.Drawings
6
CONTINUOUS
10
4.6661760629921263
20
-4.0652815748031497
11
4.6623440944881889
21
-4.0681643700787404
0
LINE
8
User.Drawings
6
CONTINUOUS
10
4.6623440944881889
20
-4.0681643700787404
11
4.65913531496063
21
-4.0723626771653541
0
LINE
8
User.Drawings
6
CONTINUOUS
10
4.65913531496063
20
-4.0723626771653541
11
4.6442259448818897
21
-4.0686471259842518
0
LINE
8
User.Drawings
6
CONTINUOUS
10
4.6442259448818897
20
-4.0686471259842518
11
4.6480585433070862
21
-4.0627650393700785
0
LINE
8
User.Drawings
6
CONTINUOUS
10
4.6480585433070862
20
-4.0627650393700785
11
4.6525837007874014
21
-4.0580971653543303
0
LINE
8
User.Drawings
6
CONTINUOUS
10
4.6525837007874014
20
-4.0580971653543303
11
4.6578496850393698
21
-4.0545050787401573
0
LINE
8
User.Drawings
6
CONTINUOUS
10
4.6578496850393698
20
-4.0545050787401573
11
4.6637447244094483
21
-4.0519752362204722
0
LINE
8
User.Drawings
6
CONTINUOUS
10
4.6637447244094483
20
-4.0519752362204722
11
4.6704930708661418
21
-4.0503947637795275
0
LINE
8
User.Drawings
6
CONTINUOUS
10
4.6704930708661418
20
-4.0503947637795275
11
4.6782583858267719
21
-4.0498403937007872
0
LINE
8
User.Drawings
6
CONTINUOUS
10
4.6782583858267719
20
-4.0498403937007872
11
4.6863253149606301
21
-4.0503847244094491
0
LINE
8
User.Drawings
6
CONTINUOUS
10
4.6692410629921257
20
-4.0944091338582673
11
4.665722952755905
21
-4.0956912204724407
0
LINE
8
User.Drawings
6
CONTINUOUS
10
4.665722952755905
20
-4.0956912204724407
11
4.662554724409449
21
-4.0978331889763782
0
LINE
8
User.Drawings
6
CONTINUOUS
10
4.662554724409449
20
-4.0978331889763782
11
4.6600502362204725
21
-4.1006519685039367
0
LINE
8
User.Drawings
6
CONTINUOUS
10
4.6600502362204725
20
-4.1006519685039367
11
4.6585808661417323
21
-4.1038409842519687
0
LINE
8
User.Drawings
6
CONTINUOUS
10
4.6585808661417323
20
-4.1038409842519687
11
4.6580785433070862
21
-4.107532677165354
0
LINE
8
User.Drawings
6
CONTINUOUS
10
4.6580785433070862
20
-4.107532677165354
11
4.6585249606299213
21
-4.1111161811023624
0
LINE
8
User.Drawings
6
CONTINUOUS
10
4.6585249606299213
20
-4.1111161811023624
11
4.659818858267716
21
-4.1141866929133855
0
LINE
8
User.Drawings
6
CONTINUOUS
10
4.659818858267716
20
-4.1141866929133855
11
4.6619892913385828
21
-4.1168687401574804
0
LINE
8
User.Drawings
6
CONTINUOUS
10
4.6619892913385828
20
-4.1168687401574804
11
4.6647966141732287
21
-4.1188995669291337
0
LINE
8
User.Drawings
6
CONTINUOUS
10
4.6647966141732287
20
-4.1188995669291337
11
4.6681143700787402
21
-4.1201414960629918
0
LINE
8
User.Drawings
6
CONTINUOUS
10
4.6681143700787402
20
-4.1201414960629918
11
4.6720859448818892
21
-4.1205775590551177
0
LINE
8
User.Drawings
6
CONTINUOUS
10
4.6720859448818892
20
-4.1205775590551177
11
4.6775672047244097
21
-4.1200146456692917
0
LINE
8
User.Drawings
6
CONTINUOUS
10
4.6775672047244097
20
-4.1200146456692917
11
4.6829096850393697
21
-4.1183129921259845
0
LINE
8
User.Drawings
6
CONTINUOUS
10
4.6829096850393697
20
-4.1183129921259845
11
4.6882109448818898
21
-4.1153853149606299
0
LINE
8
User.Drawings
6
CONTINUOUS
10
4.6882109448818898
20
-4.1153853149606299
11
4.693544724409449
21
-4.1110598031496064
0
LINE
8
User.Drawings
6
CONTINUOUS
10
4.693544724409449
20
-4.1110598031496064
11
4.693544724409449
21
-4.1018381889763775
0
LINE
8
User.Drawings
6
CONTINUOUS
10
4.693544724409449
20
-4.1018381889763775
11
4.6864688976377948
21
-4.0973136614173225
0
LINE
8
User.Drawings
6
CONTINUOUS
10
4.6864688976377948
20
-4.0973136614173225
11
4.6797487401574802
21
-4.0947819685039368
0
LINE
8
User.Drawings
6
CONTINUOUS
10
4.6797487401574802
20
-4.0947819685039368
11
4.6732167716535429
21
-4.0939695275590546
0
LINE
8
User.Drawings
6
CONTINUOUS
10
4.6732167716535429
20
-4.0939695275590546
11
4.6692410629921257
21
-4.0944091338582673
0
LINE
8
User.Drawings
6
CONTINUOUS
10
4.8134660236220475
20
-4.117333188976378
11
4.8277763385826766
21
-4.117333188976378
0
LINE
8
User.Drawings
6
CONTINUOUS
10
4.8277763385826766
20
-4.117333188976378
11
4.8277763385826766
21
-4.1312598425196851
0
LINE
8
User.Drawings
6
CONTINUOUS
10
4.8277763385826766
20
-4.1312598425196851
11
4.7980316141732287
21
-4.1312598425196851
0
LINE
8
User.Drawings
6
CONTINUOUS
10
4.7980316141732287
20
-4.1312598425196851
11
4.7980316141732287
21
-4.1195813779527555
0
LINE
8
User.Drawings
6
CONTINUOUS
10
4.7980316141732287
20
-4.1195813779527555
11
4.7916409448818893
21
-4.1253699606299215
0
LINE
8
User.Drawings
6
CONTINUOUS
10
4.7916409448818893
20
-4.1253699606299215
11
4.7848625984251969
21
-4.1293644094488187
0
LINE
8
User.Drawings
6
CONTINUOUS
10
4.7848625984251969
20
-4.1293644094488187
11
4.7775846062992127
21
-4.1317444488188979
0
LINE
8
User.Drawings
6
CONTINUOUS
10
4.7775846062992127
20
-4.1317444488188979
11
4.7696398425196849
21
-4.1325522047244094
0
LINE
8
User.Drawings
6
CONTINUOUS
10
4.7696398425196849
20
-4.1325522047244094
11
4.7621653937007871
21
-4.131928661417323
0
LINE
8
User.Drawings
6
CONTINUOUS
10
4.7621653937007871
20
-4.131928661417323
11
4.7554730314960629
21
-4.1301207086614173
0
LINE
8
User.Drawings
6
CONTINUOUS
10
4.7554730314960629
20
-4.1301207086614173
11
4.7494196062992122
21
-4.1271605905511812
0
LINE
8
User.Drawings
6
CONTINUOUS
10
4.7494196062992122
20
-4.1271605905511812
11
4.7440075196850389
21
-4.1231357874015746
0
LINE
8
User.Drawings
6
CONTINUOUS
10
4.7440075196850389
20
-4.1231357874015746
11
4.7394853149606302
21
-4.1182767322834648
0
LINE
8
User.Drawings
6
CONTINUOUS
10
4.7394853149606302
20
-4.1182767322834648
11
4.7357890944881893
21
-4.1125002362204723
0
LINE
8
User.Drawings
6
CONTINUOUS
10
4.7357890944881893
20
-4.1125002362204723
11
4.7331133858267718
21
-4.1061615354330705
0
LINE
8
User.Drawings
6
CONTINUOUS
10
4.7331133858267718
20
-4.1061615354330705
11
4.7314900787401575
21
-4.0993587401574798
0
LINE
8
User.Drawings
6
CONTINUOUS
10
4.7314900787401575
20
-4.0993587401574798
11
4.7309359842519685
21
-4.0919905905511813
0
LINE
8
User.Drawings
6
CONTINUOUS
10
4.7309359842519685
20
-4.0919905905511813
11
4.7309715748031493
21
-4.0915328740157477
0
LINE
8
User.Drawings
6
CONTINUOUS
10
4.7309715748031493
20
-4.0915328740157477
11
4.731520118110236
21
-4.0844790944881888
0
LINE
8
User.Drawings
6
CONTINUOUS
10
4.731520118110236
20
-4.0844790944881888
11
4.7332400000000003
21
-4.0774741732283459
0
LINE
8
User.Drawings
6
CONTINUOUS
10
4.7332400000000003
20
-4.0774741732283459
11
4.7360920078740154
21
-4.0708751181102363
0
LINE
8
User.Drawings
6
CONTINUOUS
10
4.7360920078740154
20
-4.0708751181102363
11
4.7399963385826771
21
-4.0648495275590548
0
LINE
8
User.Drawings
6
CONTINUOUS
10
4.7399963385826771
20
-4.0648495275590548
11
4.7447324409448814
21
-4.0597639763779529
0
LINE
8
User.Drawings
6
CONTINUOUS
10
4.7447324409448814
20
-4.0597639763779529
11
4.7503619291338586
21
-4.0555349212598424
0
LINE
8
User.Drawings
6
CONTINUOUS
10
4.7503619291338586
20
-4.0555349212598424
11
4.7566357874015743
21
-4.0523590551181101
0
LINE
8
User.Drawings
6
CONTINUOUS
10
4.7566357874015743
20
-4.0523590551181101
11
4.7631756299212595
21
-4.0504741338582679
0
LINE
8
User.Drawings
6
CONTINUOUS
10
4.7631756299212595
20
-4.0504741338582679
11
4.7700908267716535
21
-4.0498403937007872
0
LINE
8
User.Drawings
6
CONTINUOUS
10
4.7700908267716535
20
-4.0498403937007872
11
4.7775937007874019
21
-4.0506162598425197
0
LINE
8
User.Drawings
6
CONTINUOUS
10
4.7775937007874019
20
-4.0506162598425197
11
4.7846636614173228
21
-4.0529299999999999
0
LINE
8
User.Drawings
6
CONTINUOUS
10
4.7846636614173228
20
-4.0529299999999999
11
4.7912783070866141
21
-4.0567806692913386
0
LINE
8
User.Drawings
6
CONTINUOUS
10
4.7912783070866141
20
-4.0567806692913386
11
4.7980316141732287
21
-4.0626564173228346
0
LINE
8
User.Drawings
6
CONTINUOUS
10
4.7980316141732287
20
-4.0626564173228346
11
4.7980316141732287
21
-4.0316664173228345
0
LINE
8
User.Drawings
6
CONTINUOUS
10
4.7980316141732287
20
-4.0316664173228345
11
4.7827452755905515
21
-4.0316664173228345
0
LINE
8
User.Drawings
6
CONTINUOUS
10
4.7827452755905515
20
-4.0316664173228345
11
4.7827452755905515
21
-4.0179619291338584
0
LINE
8
User.Drawings
6
CONTINUOUS
10
4.7827452755905515
20
-4.0179619291338584
11
4.8134660236220475
21
-4.0179619291338584
0
LINE
8
User.Drawings
6
CONTINUOUS
10
4.8134660236220475
20
-4.0179619291338584
11
4.8134660236220475
21
-4.117333188976378
0
LINE
8
User.Drawings
6
CONTINUOUS
10
4.7676261811023624
20
-4.0645843307086613
11
4.7634004330708661
21
-4.0658534645669286
0
LINE
8
User.Drawings
6
CONTINUOUS
10
4.7634004330708661
20
-4.0658534645669286
11
4.7595095275590547
21
-4.0679605511811019
0
LINE
8
User.Drawings
6
CONTINUOUS
10
4.7595095275590547
20
-4.0679605511811019
11
4.7545187401574802
21
-4.0723656692913384
0
LINE
8
User.Drawings
6
CONTINUOUS
10
4.7545187401574802
20
-4.0723656692913384
11
4.7506648425196847
21
-4.0780706692913382
0
LINE
8
User.Drawings
6
CONTINUOUS
10
4.7506648425196847
20
-4.0780706692913382
11
4.7482387795275587
21
-4.0845773228346456
0
LINE
8
User.Drawings
6
CONTINUOUS
10
4.7482387795275587
20
-4.0845773228346456
11
4.747427204724409
21
-4.0915328740157477
0
LINE
8
User.Drawings
6
CONTINUOUS
10
4.747427204724409
20
-4.0915328740157477
11
4.7478080314960627
21
-4.0965775196850389
0
LINE
8
User.Drawings
6
CONTINUOUS
10
4.7478080314960627
20
-4.0965775196850389
11
4.7489181496062995
21
-4.1011786220472439
0
LINE
8
User.Drawings
6
CONTINUOUS
10
4.7489181496062995
20
-4.1011786220472439
11
4.7507388976377953
21
-4.105412401574803
0
LINE
8
User.Drawings
6
CONTINUOUS
10
4.7507388976377953
20
-4.105412401574803
11
4.7532438582677168
21
-4.1092761811023619
0
LINE
8
User.Drawings
6
CONTINUOUS
10
4.7532438582677168
20
-4.1092761811023619
11
4.7562459055118111
21
-4.1125005118110236
0
LINE
8
User.Drawings
6
CONTINUOUS
10
4.7562459055118111
20
-4.1125005118110236
11
4.7597787795275588
21
-4.1151455511811026
0
LINE
8
User.Drawings
6
CONTINUOUS
10
4.7597787795275588
20
-4.1151455511811026
11
4.7637212992125981
21
-4.1171075196850389
0
LINE
8
User.Drawings
6
CONTINUOUS
10
4.7637212992125981
20
-4.1171075196850389
11
4.7679624803149609
21
-4.1182898818897637
0
LINE
8
User.Drawings
6
CONTINUOUS
10
4.7679624803149609
20
-4.1182898818897637
11
4.7725812992125984
21
-4.118692874015748
0
LINE
8
User.Drawings
6
CONTINUOUS
10
4.7725812992125984
20
-4.118692874015748
11
4.7772844094488187
21
-4.1182576377952751
0
LINE
8
User.Drawings
6
CONTINUOUS
10
4.7772844094488187
20
-4.1182576377952751
11
4.7815968897637795
21
-4.116979015748031
0
LINE
8
User.Drawings
6
CONTINUOUS
10
4.7815968897637795
20
-4.116979015748031
11
4.7856059842519683
21
-4.1148494094488184
0
LINE
8
User.Drawings
6
CONTINUOUS
10
4.7856059842519683
20
-4.1148494094488184
11
4.7891859842519686
21
-4.1120091732283468
0
LINE
8
User.Drawings
6
CONTINUOUS
10
4.7891859842519686
20
-4.1120091732283468
11
4.7922130314960629
21
-4.108608976377953
0
LINE
8
User.Drawings
6
CONTINUOUS
10
4.7922130314960629
20
-4.108608976377953
11
4.7947199212598424
21
-4.1045911811023625
0
LINE
8
User.Drawings
6
CONTINUOUS
10
4.7947199212598424
20
-4.1045911811023625
11
4.7972007874015743
21
-4.0979613385826772
0
LINE
8
User.Drawings
6
CONTINUOUS
10
4.7972007874015743
20
-4.0979613385826772
11
4.7980316141732287
21
-4.0908530314960627
0
LINE
8
User.Drawings
6
CONTINUOUS
10
4.7980316141732287
20
-4.0908530314960627
11
4.7976545669291335
21
-4.0860109842519687
0
LINE
8
User.Drawings
6
CONTINUOUS
10
4.7976545669291335
20
-4.0860109842519687
11
4.7965482283464569
21
-4.0815330314960629
0
LINE
8
User.Drawings
6
CONTINUOUS
10
4.7965482283464569
20
-4.0815330314960629
11
4.7947199212598424
21
-4.0773504330708663
0
LINE
8
User.Drawings
6
CONTINUOUS
10
4.7947199212598424
20
-4.0773504330708663
11
4.7922140551181105
21
-4.0735450393700789
0
LINE
8
User.Drawings
6
CONTINUOUS
10
4.7922140551181105
20
-4.0735450393700789
11
4.7891658267716535
21
-4.0703452362204722
0
LINE
8
User.Drawings
6
CONTINUOUS
10
4.7891658267716535
20
-4.0703452362204722
11
4.7855319685039373
21
-4.0676980314960627
0
LINE
8
User.Drawings
6
CONTINUOUS
10
4.7855319685039373
20
-4.0676980314960627
11
4.7814868503937005
21
-4.0657418897637791
0
LINE
8
User.Drawings
6
CONTINUOUS
10
4.7814868503937005
20
-4.0657418897637791
11
4.7770966141732281
21
-4.0645564566929133
0
LINE
8
User.Drawings
6
CONTINUOUS
10
4.7770966141732281
20
-4.0645564566929133
11
4.7722784251968502
21
-4.064150748031496
0
LINE
8
User.Drawings
6
CONTINUOUS
10
4.7722784251968502
20
-4.064150748031496
11
4.7676261811023624
21
-4.0645843307086613
0
LINE
8
User.Drawings
6
CONTINUOUS
10
1.265359527559055
20
-4.117400472440945
11
1.277408188976378
21
-4.117400472440945
0
LINE
8
User.Drawings
6
CONTINUOUS
10
1.277408188976378
20
-4.117400472440945
11
1.277408188976378
21
-4.1312598425196851
0
LINE
8
User.Drawings
6
CONTINUOUS
10
1.277408188976378
20
-4.1312598425196851
11
1.2374254724409448
21
-4.1312598425196851
0
LINE
8
User.Drawings
6
CONTINUOUS
10
1.2374254724409448
20
-4.1312598425196851
11
1.2374254724409448
21
-4.117400472440945
0
LINE
8
User.Drawings
6
CONTINUOUS
10
1.2374254724409448
20
-4.117400472440945
11
1.2497703149606298
21
-4.117400472440945
0
LINE
8
User.Drawings
6
CONTINUOUS
10
1.2497703149606298
20
-4.117400472440945
11
1.2497703149606298
21
-4.0659277559055118
0
LINE
8
User.Drawings
6
CONTINUOUS
10
1.2497703149606298
20
-4.0659277559055118
11
1.2374254724409448
21
-4.0659277559055118
0
LINE
8
User.Drawings
6
CONTINUOUS
10
1.2374254724409448
20
-4.0659277559055118
11
1.2374254724409448
21
-4.0519943700787397
0
LINE
8
User.Drawings
6
CONTINUOUS
10
1.2374254724409448
20
-4.0519943700787397
11
1.265359527559055
21
-4.0519943700787397
0
LINE
8
User.Drawings
6
CONTINUOUS
10
1.265359527559055
20
-4.0519943700787397
11
1.265359527559055
21
-4.117400472440945
0
LINE
8
User.Drawings
6
CONTINUOUS
10
1.3635797637795275
20
-4.0612361811023625
11
1.3710508267716535
21
-4.0558824803149607
0
LINE
8
User.Drawings
6
CONTINUOUS
10
1.3710508267716535
20
-4.0558824803149607
11
1.3777918897637795
21
-4.052393188976378
0
LINE
8
User.Drawings
6
CONTINUOUS
10
1.3777918897637795
20
-4.052393188976378
11
1.3839392519685039
21
-4.0504538976377953
0
LINE
8
User.Drawings
6
CONTINUOUS
10
1.3839392519685039
20
-4.0504538976377953
11
1.3896358661417323
21
-4.0498403937007872
0
LINE
8
User.Drawings
6
CONTINUOUS
10
1.3896358661417323
20
-4.0498403937007872
11
1.3966585039370079
21
-4.050567677165354
0
LINE
8
User.Drawings
6
CONTINUOUS
10
1.3966585039370079
20
-4.050567677165354
11
1.401991811023622
21
-4.0525526771653544
0
LINE
8
User.Drawings
6
CONTINUOUS
10
1.401991811023622
20
-4.0525526771653544
11
1.4060364173228346
21
-4.0556644488188978
0
LINE
8
User.Drawings
6
CONTINUOUS
10
1.4060364173228346
20
-4.0556644488188978
11
1.4090233464566928
21
-4.0600026377952751
0
LINE
8
User.Drawings
6
CONTINUOUS
10
1.4090233464566928
20
-4.0600026377952751
11
1.4109749999999999
21
-4.0658786220472436
0
LINE
8
User.Drawings
6
CONTINUOUS
10
1.4109749999999999
20
-4.0658786220472436
11
1.411700433070866
21
-4.0737694881889759
0
LINE
8
User.Drawings
6
CONTINUOUS
10
1.411700433070866
20
-4.0737694881889759
11
1.411700433070866
21
-4.117400472440945
0
LINE
8
User.Drawings
6
CONTINUOUS
10
1.411700433070866
20
-4.117400472440945
11
1.4251020472440945
21
-4.117400472440945
0
LINE
8
User.Drawings
6
CONTINUOUS
10
1.4251020472440945
20
-4.117400472440945
11
1.4251020472440945
21
-4.1312598425196851
0
LINE
8
User.Drawings
6
CONTINUOUS
10
1.4251020472440945
20
-4.1312598425196851
11
1.3961111811023621
21
-4.1312598425196851
0
LINE
8
User.Drawings
6
CONTINUOUS
10
1.3961111811023621
20
-4.1312598425196851
11
1.3961111811023621
21
-4.0793226377952756
0
LINE
8
User.Drawings
6
CONTINUOUS
10
1.3961111811023621
20
-4.0793226377952756
11
1.3957648031496062
21
-4.073624015748031
0
LINE
8
User.Drawings
6
CONTINUOUS
10
1.3957648031496062
20
-4.073624015748031
11
1.3948870078740156
21
-4.069791811023622
0
LINE
8
User.Drawings
6
CONTINUOUS
10
1.3948870078740156
20
-4.069791811023622
11
1.393661062992126
21
-4.0673211023622047
0
LINE
8
User.Drawings
6
CONTINUOUS
10
1.393661062992126
20
-4.0673211023622047
11
1.3917893307086613
21
-4.0654299212598426
0
LINE
8
User.Drawings
6
CONTINUOUS
10
1.3917893307086613
20
-4.0654299212598426
11
1.3893317322834646
21
-4.0642672047244091
0
LINE
8
User.Drawings
6
CONTINUOUS
10
1.3893317322834646
20
-4.0642672047244091
11
1.3860953149606299
21
-4.063847834645669
0
LINE
8
User.Drawings
6
CONTINUOUS
10
1.3860953149606299
20
-4.063847834645669
11
1.3820884251968504
21
-4.0643291732283462
0
LINE
8
User.Drawings
6
CONTINUOUS
10
1.3820884251968504
20
-4.0643291732283462
11
1.3771662204724409
21
-4.065948385826772
0
LINE
8
User.Drawings
6
CONTINUOUS
10
1.3771662204724409
20
-4.065948385826772
11
1.3710842913385826
21
-4.069045
0
LINE
8
User.Drawings
6
CONTINUOUS
10
1.3710842913385826
20
-4.069045
11
1.3635797637795275
21
-4.0740454724409449
0
LINE
8
User.Drawings
6
CONTINUOUS
10
1.3635797637795275
20
-4.0740454724409449
11
1.3635797637795275
21
-4.117400472440945
0
LINE
8
User.Drawings
6
CONTINUOUS
10
1.3635797637795275
20
-4.117400472440945
11
1.3772842913385825
21
-4.117400472440945
0
LINE
8
User.Drawings
6
CONTINUOUS
10
1.3772842913385825
20
-4.117400472440945
11
1.3772842913385825
21
-4.1312598425196851
0
LINE
8
User.Drawings
6
CONTINUOUS
10
1.3772842913385825
20
-4.1312598425196851
11
1.3338350393700786
21
-4.1312598425196851
0
LINE
8
User.Drawings
6
CONTINUOUS
10
1.3338350393700786
20
-4.1312598425196851
11
1.3338350393700786
21
-4.117400472440945
0
LINE
8
User.Drawings
6
CONTINUOUS
10
1.3338350393700786
20
-4.117400472440945
11
1.3479905511811023
21
-4.117400472440945
0
LINE
8
User.Drawings
6
CONTINUOUS
10
1.3479905511811023
20
-4.117400472440945
11
1.3479905511811023
21
-4.0316664173228345
0
LINE
8
User.Drawings
6
CONTINUOUS
10
1.3479905511811023
20
-4.0316664173228345
11
1.3338350393700786
21
-4.0316664173228345
0
LINE
8
User.Drawings
6
CONTINUOUS
10
1.3338350393700786
20
-4.0316664173228345
11
1.3338350393700786
21
-4.0179619291338584
0
LINE
8
User.Drawings
6
CONTINUOUS
10
1.3338350393700786
20
-4.0179619291338584
11
1.3635797637795275
21
-4.0179619291338584
0
LINE
8
User.Drawings
6
CONTINUOUS
10
1.3635797637795275
20
-4.0179619291338584
11
1.3635797637795275
21
-4.0612361811023625
0
LINE
8
User.Drawings
6
CONTINUOUS
10
2.1552870472440944
20
-4.117400472440945
11
2.1673357086614171
21
-4.117400472440945
0
LINE
8
User.Drawings
6
CONTINUOUS
10
2.1673357086614171
20
-4.117400472440945
11
2.1673357086614171
21
-4.1312598425196851
0
LINE
8
User.Drawings
6
CONTINUOUS
10
2.1673357086614171
20
-4.1312598425196851
11
2.1256903937007872
21
-4.1312598425196851
0
LINE
8
User.Drawings
6
CONTINUOUS
10
2.1256903937007872
20
-4.1312598425196851
11
2.1256903937007872
21
-4.117400472440945
0
LINE
8
User.Drawings
6
CONTINUOUS
10
2.1256903937007872
20
-4.117400472440945
11
2.1396978346456694
21
-4.117400472440945
0
LINE
8
User.Drawings
6
CONTINUOUS
10
2.1396978346456694
20
-4.117400472440945
11
2.1396978346456694
21
-4.0316664173228345
0
LINE
8
User.Drawings
6
CONTINUOUS
10
2.1396978346456694
20
-4.0316664173228345
11
2.1256903937007872
21
-4.0316664173228345
0
LINE
8
User.Drawings
6
CONTINUOUS
10
2.1256903937007872
20
-4.0316664173228345
11
2.1256903937007872
21
-4.0179619291338584
0
LINE
8
User.Drawings
6
CONTINUOUS
10
2.1256903937007872
20
-4.0179619291338584
11
2.1552870472440944
21
-4.0179619291338584
0
LINE
8
User.Drawings
6
CONTINUOUS
10
2.1552870472440944
20
-4.0179619291338584
11
2.1552870472440944
21
-4.117400472440945
0
LINE
8
User.Drawings
6
CONTINUOUS
10
2.719767125984252
20
-4.0515947244094486
11
2.7240078346456693
21
-4.0528789763779525
0
LINE
8
User.Drawings
6
CONTINUOUS
10
2.7240078346456693
20
-4.0528789763779525
11
2.7274425590551181
21
-4.0549016929133854
0
LINE
8
User.Drawings
6
CONTINUOUS
10
2.7274425590551181
20
-4.0549016929133854
11
2.7302137007874014
21
-4.057675433070866
0
LINE
8
User.Drawings
6
CONTINUOUS
10
2.7302137007874014
20
-4.057675433070866
11
2.7328367322834644
21
-4.0623353149606301
0
LINE
8
User.Drawings
6
CONTINUOUS
10
2.7328367322834644
20
-4.0623353149606301
11
2.7346180314960629
21
-4.0689256692913389
0
LINE
8
User.Drawings
6
CONTINUOUS
10
2.7346180314960629
20
-4.0689256692913389
11
2.7352956692913386
21
-4.0780639370078742
0
LINE
8
User.Drawings
6
CONTINUOUS
10
2.7352956692913386
20
-4.0780639370078742
11
2.7352956692913386
21
-4.117400472440945
0
LINE
8
User.Drawings
6
CONTINUOUS
10
2.7352956692913386
20
-4.117400472440945
11
2.7485492125984252
21
-4.117400472440945
0
LINE
8
User.Drawings
6
CONTINUOUS
10
2.7485492125984252
20
-4.117400472440945
11
2.7485492125984252
21
-4.1312598425196851
0
LINE
8
User.Drawings
6
CONTINUOUS
10
2.7485492125984252
20
-4.1312598425196851
11
2.7197131889763777
21
-4.1312598425196851
0
LINE
8
User.Drawings
6
CONTINUOUS
10
2.7197131889763777
20
-4.1312598425196851
11
2.7197131889763777
21
-4.0790533858267715
0
LINE
8
User.Drawings
6
CONTINUOUS
10
2.7197131889763777
20
-4.0790533858267715
11
2.7190785826771653
21
-4.0722042913385827
0
LINE
8
User.Drawings
6
CONTINUOUS
10
2.7190785826771653
20
-4.0722042913385827
11
2.7175659448818896
21
-4.0683778740157477
0
LINE
8
User.Drawings
6
CONTINUOUS
10
2.7175659448818896
20
-4.0683778740157477
11
2.7158949212598427
21
-4.0666259842519681
0
LINE
8
User.Drawings
6
CONTINUOUS
10
2.7158949212598427
20
-4.0666259842519681
11
2.7136172834645667
21
-4.065537677165354
0
LINE
8
User.Drawings
6
CONTINUOUS
10
2.7136172834645667
20
-4.065537677165354
11
2.7105252362204726
21
-4.0651401968503933
0
LINE
8
User.Drawings
6
CONTINUOUS
10
2.7105252362204726
20
-4.0651401968503933
11
2.7056315748031494
21
-4.0656762992125985
0
LINE
8
User.Drawings
6
CONTINUOUS
10
2.7056315748031494
20
-4.0656762992125985
11
2.700207086614173
21
-4.0673921259842523
0
LINE
8
User.Drawings
6
CONTINUOUS
10
2.700207086614173
20
-4.0673921259842523
11
2.6941054330708663
21
-4.0705179921259838
0
LINE
8
User.Drawings
6
CONTINUOUS
10
2.6941054330708663
20
-4.0705179921259838
11
2.6871817716535431
21
-4.0753647637795272
0
LINE
8
User.Drawings
6
CONTINUOUS
10
2.6871817716535431
20
-4.0753647637795272
11
2.6871817716535431
21
-4.117400472440945
0
LINE
8
User.Drawings
6
CONTINUOUS
10
2.6871817716535431
20
-4.117400472440945
11
2.7008055118110237
21
-4.117400472440945
0
LINE
8
User.Drawings
6
CONTINUOUS
10
2.7008055118110237
20
-4.117400472440945
11
2.7008055118110237
21
-4.1312598425196851
0
LINE
8
User.Drawings
6
CONTINUOUS
10
2.7008055118110237
20
-4.1312598425196851
11
2.6578879921259841
21
-4.1312598425196851
0
LINE
8
User.Drawings
6
CONTINUOUS
10
2.6578879921259841
20
-4.1312598425196851
11
2.6578879921259841
21
-4.117400472440945
0
LINE
8
User.Drawings
6
CONTINUOUS
10
2.6578879921259841
20
-4.117400472440945
11
2.6718146456692913
21
-4.117400472440945
0
LINE
8
User.Drawings
6
CONTINUOUS
10
2.6718146456692913
20
-4.117400472440945
11
2.6718146456692913
21
-4.0659277559055118
0
LINE
8
User.Drawings
6
CONTINUOUS
10
2.6718146456692913
20
-4.0659277559055118
11
2.6578879921259841
21
-4.0659277559055118
0
LINE
8
User.Drawings
6
CONTINUOUS
10
2.6578879921259841
20
-4.0659277559055118
11
2.6578879921259841
21
-4.0519943700787397
0
LINE
8
User.Drawings
6
CONTINUOUS
10
2.6578879921259841
20
-4.0519943700787397
11
2.6871817716535431
21
-4.0519943700787397
0
LINE
8
User.Drawings
6
CONTINUOUS
10
2.6871817716535431
20
-4.0519943700787397
11
2.6871817716535431
21
-4.0617409842519683
0
LINE
8
User.Drawings
6
CONTINUOUS
10
2.6871817716535431
20
-4.0617409842519683
11
2.6948523228346457
21
-4.056813937007874
0
LINE
8
User.Drawings
6
CONTINUOUS
10
2.6948523228346457
20
-4.056813937007874
11
2.7018871653543308
21
-4.0535547637795277
0
LINE
8
User.Drawings
6
CONTINUOUS
10
2.7018871653543308
20
-4.0535547637795277
11
2.7084018503937006
21
-4.0517190551181104
0
LINE
8
User.Drawings
6
CONTINUOUS
10
2.7084018503937006
20
-4.0517190551181104
11
2.7145167716535434
21
-4.0511327952755902
0
LINE
8
User.Drawings
6
CONTINUOUS
10
2.7145167716535434
20
-4.0511327952755902
11
2.719767125984252
21
-4.0515947244094486
0
LINE
8
User.Drawings
6
CONTINUOUS
10
2.7859270472440945
20
-4.1312598425196851
11
2.7658212204724411
21
-4.1312598425196851
0
LINE
8
User.Drawings
6
CONTINUOUS
10
2.7658212204724411
20
-4.1312598425196851
11
2.7658212204724411
21
-4.1110126771653546
0
LINE
8
User.Drawings
6
CONTINUOUS
10
2.7658212204724411
20
-4.1110126771653546
11
2.7859270472440945
21
-4.1110126771653546
0
LINE
8
User.Drawings
6
CONTINUOUS
10
2.7859270472440945
20
-4.1110126771653546
11
2.7859270472440945
21
-4.1312598425196851
0
LINE
8
User.Drawings
6
CONTINUOUS
10
2.90222405511811
20
-4.0185266535433071
11
2.9109603937007873
21
-4.0200392913385823
0
LINE
8
User.Drawings
6
CONTINUOUS
10
2.9109603937007873
20
-4.0200392913385823
11
2.9175660236220473
21
-4.0222749212598421
0
LINE
8
User.Drawings
6
CONTINUOUS
10
2.9175660236220473
20
-4.0222749212598421
11
2.9224741732283466
21
-4.0250834251968506
0
LINE
8
User.Drawings
6
CONTINUOUS
10
2.9224741732283466
20
-4.0250834251968506
11
2.9266007086614172
21
-4.0289992519685036
0
LINE
8
User.Drawings
6
CONTINUOUS
10
2.9266007086614172
20
-4.0289992519685036
11
2.9296019685039369
21
-4.0338933070866139
0
LINE
8
User.Drawings
6
CONTINUOUS
10
2.9296019685039369
20
-4.0338933070866139
11
2.9315074015748031
21
-4.0399766141732281
0
LINE
8
User.Drawings
6
CONTINUOUS
10
2.9315074015748031
20
-4.0399766141732281
11
2.932193897637795
21
-4.0475585826771656
0
LINE
8
User.Drawings
6
CONTINUOUS
10
2.932193897637795
20
-4.0475585826771656
11
2.9314725984251968
21
-4.0545758267716536
0
LINE
8
User.Drawings
6
CONTINUOUS
10
2.9314725984251968
20
-4.0545758267716536
11
2.9294036220472441
21
-4.060587992125984
0
LINE
8
User.Drawings
6
CONTINUOUS
10
2.9294036220472441
20
-4.060587992125984
11
2.9260147244094488
21
-4.0658065748031493
0
LINE
8
User.Drawings
6
CONTINUOUS
10
2.9260147244094488
20
-4.0658065748031493
11
2.9214861023622047
21
-4.0701147244094491
0
LINE
8
User.Drawings
6
CONTINUOUS
10
2.9214861023622047
20
-4.0701147244094491
11
2.9158113779527559
21
-4.0735025984251969
0
LINE
8
User.Drawings
6
CONTINUOUS
10
2.9158113779527559
20
-4.0735025984251969
11
2.9087696456692913
21
-4.0759570866141734
0
LINE
8
User.Drawings
6
CONTINUOUS
10
2.9087696456692913
20
-4.0759570866141734
11
2.9288014173228345
21
-4.1171043307086617
0
LINE
8
User.Drawings
6
CONTINUOUS
10
2.9288014173228345
20
-4.1171043307086617
11
2.9426607480314959
21
-4.1171043307086617
0
LINE
8
User.Drawings
6
CONTINUOUS
10
2.9426607480314959
20
-4.1171043307086617
11
2.9426607480314959
21
-4.1312598425196851
0
LINE
8
User.Drawings
6
CONTINUOUS
10
2.9426607480314959
20
-4.1312598425196851
11
2.9172037007874017
21
-4.1312598425196851
0
LINE
8
User.Drawings
6
CONTINUOUS
10
2.9172037007874017
20
-4.1312598425196851
11
2.8921303543307086
21
-4.0782860629921256
0
LINE
8
User.Drawings
6
CONTINUOUS
10
2.8921303543307086
20
-4.0782860629921256
11
2.8762382283464567
21
-4.0782860629921256
0
LINE
8
User.Drawings
6
CONTINUOUS
10
2.8762382283464567
20
-4.0782860629921256
11
2.8762382283464567
21
-4.1171043307086617
0
LINE
8
User.Drawings
6
CONTINUOUS
10
2.8762382283464567
20
-4.1171043307086617
11
2.8906966535433072
21
-4.1171043307086617
0
LINE
8
User.Drawings
6
CONTINUOUS
10
2.8906966535433072
20
-4.1171043307086617
11
2.8906966535433072
21
-4.1312598425196851
0
LINE
8
User.Drawings
6
CONTINUOUS
10
2.8906966535433072
20
-4.1312598425196851
11
2.8437068110236221
21
-4.1312598425196851
0
LINE
8
User.Drawings
6
CONTINUOUS
10
2.8437068110236221
20
-4.1312598425196851
11
2.8437068110236221
21
-4.1171043307086617
0
LINE
8
User.Drawings
6
CONTINUOUS
10
2.8437068110236221
20
-4.1171043307086617
11
2.8590739370078739
21
-4.1171043307086617
0
LINE
8
User.Drawings
6
CONTINUOUS
10
2.8590739370078739
20
-4.1171043307086617
11
2.8590739370078739
21
-4.0640564960629924
0
LINE
8
User.Drawings
6
CONTINUOUS
10
2.8590739370078739
20
-4.0640564960629924
11
2.8590739370078739
21
-4.0321174015748031
0
LINE
8
User.Drawings
6
CONTINUOUS
10
2.8590739370078739
20
-4.0321174015748031
11
2.8437068110236221
21
-4.0321174015748031
0
LINE
8
User.Drawings
6
CONTINUOUS
10
2.8437068110236221
20
-4.0321174015748031
11
2.8437068110236221
21
-4.0179619291338584
0
LINE
8
User.Drawings
6
CONTINUOUS
10
2.8437068110236221
20
-4.0179619291338584
11
2.8908514566929133
21
-4.0179619291338584
0
LINE
8
User.Drawings
6
CONTINUOUS
10
2.8908514566929133
20
-4.0179619291338584
11
2.90222405511811
21
-4.0185266535433071
0
LINE
8
User.Drawings
6
CONTINUOUS
10
2.8762382283464567
20
-4.0640564960629924
11
2.892729409448819
21
-4.0640564960629924
0
LINE
8
User.Drawings
6
CONTINUOUS
10
2.892729409448819
20
-4.0640564960629924
11
2.9000595275590553
21
-4.0635482677165351
0
LINE
8
User.Drawings
6
CONTINUOUS
10
2.9000595275590553
20
-4.0635482677165351
11
2.9053725984251968
21
-4.0622124015748033
0
LINE
8
User.Drawings
6
CONTINUOUS
10
2.9053725984251968
20
-4.0622124015748033
11
2.9091465748031498
21
-4.0602534251968505
0
LINE
8
User.Drawings
6
CONTINUOUS
10
2.9091465748031498
20
-4.0602534251968505
11
2.9119954330708659
21
-4.0573080708661413
0
LINE
8
User.Drawings
6
CONTINUOUS
10
2.9119954330708659
20
-4.0573080708661413
11
2.9138180708661419
21
-4.0531273228346452
0
LINE
8
User.Drawings
6
CONTINUOUS
10
2.9138180708661419
20
-4.0531273228346452
11
2.9144977952755906
21
-4.0472691338582676
0
LINE
8
User.Drawings
6
CONTINUOUS
10
2.9144977952755906
20
-4.0472691338582676
11
2.9138869291338581
21
-4.0422872047244089
0
LINE
8
User.Drawings
6
CONTINUOUS
10
2.9138869291338581
20
-4.0422872047244089
11
2.912210472440945
21
-4.0385592519685041
0
LINE
8
User.Drawings
6
CONTINUOUS
10
2.912210472440945
20
-4.0385592519685041
11
2.9095235433070865
21
-4.0357724015748033
0
LINE
8
User.Drawings
6
CONTINUOUS
10
2.9095235433070865
20
-4.0357724015748033
11
2.9059990551181101
21
-4.0339000787401575
0
LINE
8
User.Drawings
6
CONTINUOUS
10
2.9059990551181101
20
-4.0339000787401575
11
2.9009224015748032
21
-4.0326116929133855
0
LINE
8
User.Drawings
6
CONTINUOUS
10
2.9009224015748032
20
-4.0326116929133855
11
2.8937862204724407
21
-4.0321174015748031
0
LINE
8
User.Drawings
6
CONTINUOUS
10
2.8937862204724407
20
-4.0321174015748031
11
2.8762382283464567
21
-4.0321174015748031
0
LINE
8
User.Drawings
6
CONTINUOUS
10
2.8762382283464567
20
-4.0321174015748031
11
2.8762382283464567
21
-4.0640564960629924
0
LINE
8
User.Drawings
6
CONTINUOUS
10
4.0020337795275589
20
-4.0185266535433071
11
4.010770157480315
21
-4.0200392913385823
0
LINE
8
User.Drawings
6
CONTINUOUS
10
4.010770157480315
20
-4.0200392913385823
11
4.0173757874015745
21
-4.0222749212598421
0
LINE
8
User.Drawings
6
CONTINUOUS
10
4.0173757874015745
20
-4.0222749212598421
11
4.022283897637795
21
-4.0250834251968506
0
LINE
8
User.Drawings
6
CONTINUOUS
10
4.022283897637795
20
-4.0250834251968506
11
4.0264104330708657
21
-4.0289992519685036
0
LINE
8
User.Drawings
6
CONTINUOUS
10
4.0264104330708657
20
-4.0289992519685036
11
4.0294117322834646
21
-4.0338933070866139
0
LINE
8
User.Drawings
6
CONTINUOUS
10
4.0294117322834646
20
-4.0338933070866139
11
4.031317125984252
21
-4.0399766141732281
0
LINE
8
User.Drawings
6
CONTINUOUS
10
4.031317125984252
20
-4.0399766141732281
11
4.0320036220472444
21
-4.0475585826771656
0
LINE
8
User.Drawings
6
CONTINUOUS
10
4.0320036220472444
20
-4.0475585826771656
11
4.0312823228346453
21
-4.0545758267716536
0
LINE
8
User.Drawings
6
CONTINUOUS
10
4.0312823228346453
20
-4.0545758267716536
11
4.029213346456693
21
-4.060587992125984
0
LINE
8
User.Drawings
6
CONTINUOUS
10
4.029213346456693
20
-4.060587992125984
11
4.0258244881889764
21
-4.0658065748031493
0
LINE
8
User.Drawings
6
CONTINUOUS
10
4.0258244881889764
20
-4.0658065748031493
11
4.0212958267716532
21
-4.0701147244094491
0
LINE
8
User.Drawings
6
CONTINUOUS
10
4.0212958267716532
20
-4.0701147244094491
11
4.0156211417322831
21
-4.0735025984251969
0
LINE
8
User.Drawings
6
CONTINUOUS
10
4.0156211417322831
20
-4.0735025984251969
11
4.0085793700787402
21
-4.0759570866141734
0
LINE
8
User.Drawings
6
CONTINUOUS
10
4.0085793700787402
20
-4.0759570866141734
11
4.0286111417322834
21
-4.1171043307086617
0
LINE
8
User.Drawings
6
CONTINUOUS
10
4.0286111417322834
20
-4.1171043307086617
11
4.0424704724409448
21
-4.1171043307086617
0
LINE
8
User.Drawings
6
CONTINUOUS
10
4.0424704724409448
20
-4.1171043307086617
11
4.0424704724409448
21
-4.1312598425196851
0
LINE
8
User.Drawings
6
CONTINUOUS
10
4.0424704724409448
20
-4.1312598425196851
11
4.0170134645669293
21
-4.1312598425196851
0
LINE
8
User.Drawings
6
CONTINUOUS
10
4.0170134645669293
20
-4.1312598425196851
11
3.9919401181102363
21
-4.0782860629921256
0
LINE
8
User.Drawings
6
CONTINUOUS
10
3.9919401181102363
20
-4.0782860629921256
11
3.9760479527559056
21
-4.0782860629921256
0
LINE
8
User.Drawings
6
CONTINUOUS
10
3.9760479527559056
20
-4.0782860629921256
11
3.9760479527559056
21
-4.1171043307086617
0
LINE
8
User.Drawings
6
CONTINUOUS
10
3.9760479527559056
20
-4.1171043307086617
11
3.9905063779527556
21
-4.1171043307086617
0
LINE
8
User.Drawings
6
CONTINUOUS
10
3.9905063779527556
20
-4.1171043307086617
11
3.9905063779527556
21
-4.1312598425196851
0
LINE
8
User.Drawings
6
CONTINUOUS
10
3.9905063779527556
20
-4.1312598425196851
11
3.9435165748031493
21
-4.1312598425196851
0
LINE
8
User.Drawings
6
CONTINUOUS
10
3.9435165748031493
20
-4.1312598425196851
11
3.9435165748031493
21
-4.1171043307086617
0
LINE
8
User.Drawings
6
CONTINUOUS
10
3.9435165748031493
20
-4.1171043307086617
11
3.9588836614173228
21
-4.1171043307086617
0
LINE
8
User.Drawings
6
CONTINUOUS
10
3.9588836614173228
20
-4.1171043307086617
11
3.9588836614173228
21
-4.0640564960629924
0
LINE
8
User.Drawings
6
CONTINUOUS
10
3.9588836614173228
20
-4.0640564960629924
11
3.9588836614173228
21
-4.0321174015748031
0
LINE
8
User.Drawings
6
CONTINUOUS
10
3.9588836614173228
20
-4.0321174015748031
11
3.9435165748031493
21
-4.0321174015748031
0
LINE
8
User.Drawings
6
CONTINUOUS
10
3.9435165748031493
20
-4.0321174015748031
11
3.9435165748031493
21
-4.0179619291338584
0
LINE
8
User.Drawings
6
CONTINUOUS
10
3.9435165748031493
20
-4.0179619291338584
11
3.9906611811023622
21
-4.0179619291338584
0
LINE
8
User.Drawings
6
CONTINUOUS
10
3.9906611811023622
20
-4.0179619291338584
11
4.0020337795275589
21
-4.0185266535433071
0
LINE
8
User.Drawings
6
CONTINUOUS
10
3.9760479527559056
20
-4.0640564960629924
11
3.9925391732283462
21
-4.0640564960629924
0
LINE
8
User.Drawings
6
CONTINUOUS
10
3.9925391732283462
20
-4.0640564960629924
11
3.9998692519685037
21
-4.0635482677165351
0
LINE
8
User.Drawings
6
CONTINUOUS
10
3.9998692519685037
20
-4.0635482677165351
11
4.0051823622047245
21
-4.0622124015748033
0
LINE
8
User.Drawings
6
CONTINUOUS
10
4.0051823622047245
20
-4.0622124015748033
11
4.008956338582677
21
-4.0602534251968505
0
LINE
8
User.Drawings
6
CONTINUOUS
10
4.008956338582677
20
-4.0602534251968505
11
4.0118051968503936
21
-4.0573080708661413
0
LINE
8
User.Drawings
6
CONTINUOUS
10
4.0118051968503936
20
-4.0573080708661413
11
4.0136278346456695
21
-4.0531273228346452
0
LINE
8
User.Drawings
6
CONTINUOUS
10
4.0136278346456695
20
-4.0531273228346452
11
4.0143075590551183
21
-4.0472691338582676
0
LINE
8
User.Drawings
6
CONTINUOUS
10
4.0143075590551183
20
-4.0472691338582676
11
4.0136966929133857
21
-4.0422872047244089
0
LINE
8
User.Drawings
6
CONTINUOUS
10
4.0136966929133857
20
-4.0422872047244089
11
4.0120202362204722
21
-4.0385592519685041
0
LINE
8
User.Drawings
6
CONTINUOUS
10
4.0120202362204722
20
-4.0385592519685041
11
4.009333267716535
21
-4.0357724015748033
0
LINE
8
User.Drawings
6
CONTINUOUS
10
4.009333267716535
20
-4.0357724015748033
11
4.0058088188976377
21
-4.0339000787401575
0
LINE
8
User.Drawings
6
CONTINUOUS
10
4.0058088188976377
20
-4.0339000787401575
11
4.0007321259842517
21
-4.0326116929133855
0
LINE
8
User.Drawings
6
CONTINUOUS
10
4.0007321259842517
20
-4.0326116929133855
11
3.9935959448818896
21
-4.0321174015748031
0
LINE
8
User.Drawings
6
CONTINUOUS
10
3.9935959448818896
20
-4.0321174015748031
11
3.9760479527559056
21
-4.0321174015748031
0
LINE
8
User.Drawings
6
CONTINUOUS
10
3.9760479527559056
20
-4.0321174015748031
11
3.9760479527559056
21
-4.0640564960629924
0
LINE
8
User.Drawings
6
CONTINUOUS
10
4.4988745275590549
20
-4.0321174015748031
11
4.4842612992125988
21
-4.0321174015748031
0
LINE
8
User.Drawings
6
CONTINUOUS
10
4.4842612992125988
20
-4.0321174015748031
11
4.4842612992125988
21
-4.1171043307086617
0
LINE
8
User.Drawings
6
CONTINUOUS
10
4.4842612992125988
20
-4.1171043307086617
11
4.5215381496062994
21
-4.1171043307086617
0
LINE
8
User.Drawings
6
CONTINUOUS
10
4.5215381496062994
20
-4.1171043307086617
11
4.5215381496062994
21
-4.0821496850393704
0
LINE
8
User.Drawings
6
CONTINUOUS
10
4.5215381496062994
20
-4.0821496850393704
11
4.5356196062992122
21
-4.0821496850393704
0
LINE
8
User.Drawings
6
CONTINUOUS
10
4.5356196062992122
20
-4.0821496850393704
11
4.5356196062992122
21
-4.1312598425196851
0
LINE
8
User.Drawings
6
CONTINUOUS
10
4.5356196062992122
20
-4.1312598425196851
11
4.4524837401574802
21
-4.1312598425196851
0
LINE
8
User.Drawings
6
CONTINUOUS
10
4.4524837401574802
20
-4.1312598425196851
11
4.4524837401574802
21
-4.1171043307086617
0
LINE
8
User.Drawings
6
CONTINUOUS
10
4.4524837401574802
20
-4.1171043307086617
11
4.4670969685039372
21
-4.1171043307086617
0
LINE
8
User.Drawings
6
CONTINUOUS
10
4.4670969685039372
20
-4.1171043307086617
11
4.4670969685039372
21
-4.0321174015748031
0
LINE
8
User.Drawings
6
CONTINUOUS
10
4.4670969685039372
20
-4.0321174015748031
11
4.4524837401574802
21
-4.0321174015748031
0
LINE
8
User.Drawings
6
CONTINUOUS
10
4.4524837401574802
20
-4.0321174015748031
11
4.4524837401574802
21
-4.0179619291338584
0
LINE
8
User.Drawings
6
CONTINUOUS
10
4.4524837401574802
20
-4.0179619291338584
11
4.4988745275590549
21
-4.0179619291338584
0
LINE
8
User.Drawings
6
CONTINUOUS
10
4.4988745275590549
20
-4.0179619291338584
11
4.4988745275590549
21
-4.0321174015748031
0
LINE
8
User.Drawings
6
CONTINUOUS
10
4.9635157480314955
20
-4.0316664173228345
11
4.9498852755905514
21
-4.0316664173228345
0
LINE
8
User.Drawings
6
CONTINUOUS
10
4.9498852755905514
20
-4.0316664173228345
11
4.9806127559055113
21
-4.1171043307086617
0
LINE
8
User.Drawings
6
CONTINUOUS
10
4.9806127559055113
20
-4.1171043307086617
11
4.9932605118110232
21
-4.1171043307086617
0
LINE
8
User.Drawings
6
CONTINUOUS
10
4.9932605118110232
20
-4.1171043307086617
11
4.9932605118110232
21
-4.1312598425196851
0
LINE
8
User.Drawings
6
CONTINUOUS
10
4.9932605118110232
20
-4.1312598425196851
11
4.9485323228346454
21
-4.1312598425196851
0
LINE
8
User.Drawings
6
CONTINUOUS
10
4.9485323228346454
20
-4.1312598425196851
11
4.9485323228346454
21
-4.1171043307086617
0
LINE
8
User.Drawings
6
CONTINUOUS
10
4.9485323228346454
20
-4.1171043307086617
11
4.9633676771653539
21
-4.1171043307086617
0
LINE
8
User.Drawings
6
CONTINUOUS
10
4.9633676771653539
20
-4.1171043307086617
11
4.9545566535433068
21
-4.0916001574803147
0
LINE
8
User.Drawings
6
CONTINUOUS
10
4.9545566535433068
20
-4.0916001574803147
11
4.9133690551181104
21
-4.0916001574803147
0
LINE
8
User.Drawings
6
CONTINUOUS
10
4.9133690551181104
20
-4.0916001574803147
11
4.9045580314960633
21
-4.1171043307086617
0
LINE
8
User.Drawings
6
CONTINUOUS
10
4.9045580314960633
20
-4.1171043307086617
11
4.9189356692913382
21
-4.1171043307086617
0
LINE
8
User.Drawings
6
CONTINUOUS
10
4.9189356692913382
20
-4.1171043307086617
11
4.9189356692913382
21
-4.1312598425196851
0
LINE
8
User.Drawings
6
CONTINUOUS
10
4.9189356692913382
20
-4.1312598425196851
11
4.8739046062992122
21
-4.1312598425196851
0
LINE
8
User.Drawings
6
CONTINUOUS
10
4.8739046062992122
20
-4.1312598425196851
11
4.8739046062992122
21
-4.1171043307086617
0
LINE
8
User.Drawings
6
CONTINUOUS
10
4.8739046062992122
20
-4.1171043307086617
11
4.8876091338582679
21
-4.1171043307086617
0
LINE
8
User.Drawings
6
CONTINUOUS
10
4.8876091338582679
20
-4.1171043307086617
11
4.9015044881889764
21
-4.0782725984251966
0
LINE
8
User.Drawings
6
CONTINUOUS
10
4.9015044881889764
20
-4.0782725984251966
11
4.9181817716535434
21
-4.0316664173228345
0
LINE
8
User.Drawings
6
CONTINUOUS
10
4.9181817716535434
20
-4.0316664173228345
11
4.9045580314960633
21
-4.0316664173228345
0
LINE
8
User.Drawings
6
CONTINUOUS
10
4.9045580314960633
20
-4.0316664173228345
11
4.9045580314960633
21
-4.0179619291338584
0
LINE
8
User.Drawings
6
CONTINUOUS
10
4.9045580314960633
20
-4.0179619291338584
11
4.9635157480314955
21
-4.0179619291338584
0
LINE
8
User.Drawings
6
CONTINUOUS
10
4.9635157480314955
20
-4.0179619291338584
11
4.9635157480314955
21
-4.0316664173228345
0
LINE
8
User.Drawings
6
CONTINUOUS
10
4.9178115748031495
20
-4.0782725984251966
11
4.9500400787401571
21
-4.0782725984251966
0
LINE
8
User.Drawings
6
CONTINUOUS
10
4.9500400787401571
20
-4.0782725984251966
11
4.9343768110236219
21
-4.0316664173228345
0
LINE
8
User.Drawings
6
CONTINUOUS
10
4.9343768110236219
20
-4.0316664173228345
11
4.9338450787401573
21
-4.0316664173228345
0
LINE
8
User.Drawings
6
CONTINUOUS
10
4.9338450787401573
20
-4.0316664173228345
11
4.9178115748031495
21
-4.0782725984251966
0
LINE
8
User.Drawings
6
CONTINUOUS
10
5.2008140157480316
20
-4.117400472440945
11
5.2155012992125984
21
-4.117400472440945
0
LINE
8
User.Drawings
6
CONTINUOUS
10
5.2155012992125984
20
-4.117400472440945
11
5.2155012992125984
21
-4.1312598425196851
0
LINE
8
User.Drawings
6
CONTINUOUS
10
5.2155012992125984
20
-4.1312598425196851
11
5.169642283464567
21
-4.1312598425196851
0
LINE
8
User.Drawings
6
CONTINUOUS
10
5.169642283464567
20
-4.1312598425196851
11
5.169642283464567
21
-4.117400472440945
0
LINE
8
User.Drawings
6
CONTINUOUS
10
5.169642283464567
20
-4.117400472440945
11
5.1852315354330711
21
-4.117400472440945
0
LINE
8
User.Drawings
6
CONTINUOUS
10
5.1852315354330711
20
-4.117400472440945
11
5.1852315354330711
21
-4.0315183464566928
0
LINE
8
User.Drawings
6
CONTINUOUS
10
5.1852315354330711
20
-4.0315183464566928
11
5.169642283464567
21
-4.0315183464566928
0
LINE
8
User.Drawings
6
CONTINUOUS
10
5.169642283464567
20
-4.0315183464566928
11
5.169642283464567
21
-4.0179619291338584
0
LINE
8
User.Drawings
6
CONTINUOUS
10
5.169642283464567
20
-4.0179619291338584
11
5.2008140157480316
21
-4.0179619291338584
0
LINE
8
User.Drawings
6
CONTINUOUS
10
5.2008140157480316
20
-4.0179619291338584
11
5.2008140157480316
21
-4.117400472440945
0
LINE
8
User.Drawings
6
CONTINUOUS
10
5.1405302755905513
20
-4.0998928740157483
11
5.0916557480314957
21
-4.0998928740157483
0
LINE
8
User.Drawings
6
CONTINUOUS
10
5.0916557480314957
20
-4.0998928740157483
11
5.0916557480314957
21
-4.0843036614173229
0
LINE
8
User.Drawings
6
CONTINUOUS
10
5.0916557480314957
20
-4.0843036614173229
11
5.1405302755905513
21
-4.0843036614173229
0
LINE
8
User.Drawings
6
CONTINUOUS
10
5.1405302755905513
20
-4.0843036614173229
11
5.1405302755905513
21
-4.0998928740157483
0
LINE
8
User.Drawings
6
CONTINUOUS
10
1.2605392125984252
20
-4.0169240944881892
11
1.2635488582677166
21
-4.0189513779527557
0
LINE
8
User.Drawings
6
CONTINUOUS
10
1.2635488582677166
20
-4.0189513779527557
11
1.2655766929133858
21
-4.0219656692913386
0
LINE
8
User.Drawings
6
CONTINUOUS
10
1.2655766929133858
20
-4.0219656692913386
11
1.2662614960629921
21
-4.025648818897638
0
LINE
8
User.Drawings
6
CONTINUOUS
10
1.2662614960629921
20
-4.025648818897638
11
1.2655693307086613
21
-4.029217362204724
0
LINE
8
User.Drawings
6
CONTINUOUS
10
1.2655693307086613
20
-4.029217362204724
11
1.2634748031496064
21
-4.0322789763779525
0
LINE
8
User.Drawings
6
CONTINUOUS
10
1.2634748031496064
20
-4.0322789763779525
11
1.2604141732283465
21
-4.0343737795275594
0
LINE
8
User.Drawings
6
CONTINUOUS
10
1.2604141732283465
20
-4.0343737795275594
11
1.2568514173228347
21
-4.0350656299212595
0
LINE
8
User.Drawings
6
CONTINUOUS
10
1.2568514173228347
20
-4.0350656299212595
11
1.2532956692913386
21
-4.0343711023622042
0
LINE
8
User.Drawings
6
CONTINUOUS
10
1.2532956692913386
20
-4.0343711023622042
11
1.25029531496063
21
-4.0322789763779525
0
LINE
8
User.Drawings
6
CONTINUOUS
10
1.25029531496063
20
-4.0322789763779525
11
1.2482640551181101
21
-4.0292235826771652
0
LINE
8
User.Drawings
6
CONTINUOUS
10
1.2482640551181101
20
-4.0292235826771652
11
1.2475894094488189
21
-4.025648818897638
0
LINE
8
User.Drawings
6
CONTINUOUS
10
1.2475894094488189
20
-4.025648818897638
11
1.2482637401574803
21
-4.0220798425196849
0
LINE
8
User.Drawings
6
CONTINUOUS
10
1.2482637401574803
20
-4.0220798425196849
11
1.25029531496063
21
-4.0190254330708663
0
LINE
8
User.Drawings
6
CONTINUOUS
10
1.25029531496063
20
-4.0190254330708663
11
1.2532956692913386
21
-4.0169333070866138
0
LINE
8
User.Drawings
6
CONTINUOUS
10
1.2532956692913386
20
-4.0169333070866138
11
1.2568514173228347
21
-4.0162387401574806
0
LINE
8
User.Drawings
6
CONTINUOUS
10
1.2568514173228347
20
-4.0162387401574806
11
1.2605392125984252
21
-4.0169240944881892
0
LINE
8
User.Drawings
6
CONTINUOUS
10
1.7773028740157479
20
-3.8664720472440943
11
1.7834795669291339
21
-3.8683612992125984
0
LINE
8
User.Drawings
6
CONTINUOUS
10
1.7834795669291339
20
-3.8683612992125984
11
1.7887758267716536
21
-3.8714104330708659
0
LINE
8
User.Drawings
6
CONTINUOUS
10
1.7887758267716536
20
-3.8714104330708659
11
1.7933374409448819
21
-3.8756757480314961
0
LINE
8
User.Drawings
6
CONTINUOUS
10
1.7933374409448819
20
-3.8756757480314961
11
1.7969844881889763
21
-3.8808132283464567
0
LINE
8
User.Drawings
6
CONTINUOUS
10
1.7969844881889763
20
-3.8808132283464567
11
1.7997013385826772
21
-3.8866792519685038
0
LINE
8
User.Drawings
6
CONTINUOUS
10
1.7997013385826772
20
-3.8866792519685038
11
1.8014835039370078
21
-3.8933993700787402
0
LINE
8
User.Drawings
6
CONTINUOUS
10
1.8014835039370078
20
-3.8933993700787402
11
1.802262874015748
21
-3.9011327952755903
0
LINE
8
User.Drawings
6
CONTINUOUS
10
1.802262874015748
20
-3.9011327952755903
11
1.788558346456693
21
-3.9011327952755903
0
LINE
8
User.Drawings
6
CONTINUOUS
10
1.788558346456693
20
-3.9011327952755903
11
1.7872861023622046
21
-3.8951607086614173
0
LINE
8
User.Drawings
6
CONTINUOUS
10
1.7872861023622046
20
-3.8951607086614173
11
1.7850859055118109
21
-3.890007401574803
0
LINE
8
User.Drawings
6
CONTINUOUS
10
1.7850859055118109
20
-3.890007401574803
11
1.7819685826771654
21
-3.8855368110236221
0
LINE
8
User.Drawings
6
CONTINUOUS
10
1.7819685826771654
20
-3.8855368110236221
11
1.7779774803149606
21
-3.8820024015748031
0
LINE
8
User.Drawings
6
CONTINUOUS
10
1.7779774803149606
20
-3.8820024015748031
11
1.7734352362204724
21
-3.8799225196850391
0
LINE
8
User.Drawings
6
CONTINUOUS
10
1.7734352362204724
20
-3.8799225196850391
11
1.7681496456692913
21
-3.8792095669291338
0
LINE
8
User.Drawings
6
CONTINUOUS
10
1.7681496456692913
20
-3.8792095669291338
11
1.7632105118110235
21
-3.8798816535433072
0
LINE
8
User.Drawings
6
CONTINUOUS
10
1.7632105118110235
20
-3.8798816535433072
11
1.7588738188976378
21
-3.8818600393700788
0
LINE
8
User.Drawings
6
CONTINUOUS
10
1.7588738188976378
20
-3.8818600393700788
11
1.7549710236220473
21
-3.885251377952756
0
LINE
8
User.Drawings
6
CONTINUOUS
10
1.7549710236220473
20
-3.885251377952756
11
1.7514362992125985
21
-3.8903630314960629
0
LINE
8
User.Drawings
6
CONTINUOUS
10
1.7514362992125985
20
-3.8903630314960629
11
1.7489468503937007
21
-3.8959237795275588
0
LINE
8
User.Drawings
6
CONTINUOUS
10
1.7489468503937007
20
-3.8959237795275588
11
1.74698
21
-3.9027744488188976
0
LINE
8
User.Drawings
6
CONTINUOUS
10
1.74698
20
-3.9027744488188976
11
1.7456323228346455
21
-3.9111529133858265
0
LINE
8
User.Drawings
6
CONTINUOUS
10
1.7456323228346455
20
-3.9111529133858265
11
1.7450350393700786
21
-3.9213261023622046
0
LINE
8
User.Drawings
6
CONTINUOUS
10
1.7450350393700786
20
-3.9213261023622046
11
1.751413464566929
21
-3.915702440944882
0
LINE
8
User.Drawings
6
CONTINUOUS
10
1.751413464566929
20
-3.915702440944882
11
1.757923188976378
21
-3.9118775590551178
0
LINE
8
User.Drawings
6
CONTINUOUS
10
1.757923188976378
20
-3.9118775590551178
11
1.764660590551181
21
-3.9096360236220473
0
LINE
8
User.Drawings
6
CONTINUOUS
10
1.764660590551181
20
-3.9096360236220473
11
1.771764251968504
21
-3.9088870078740157
0
LINE
8
User.Drawings
6
CONTINUOUS
10
1.771764251968504
20
-3.9088870078740157
11
1.7771814566929134
21
-3.9093420866141733
0
LINE
8
User.Drawings
6
CONTINUOUS
10
1.7771814566929134
20
-3.9093420866141733
11
1.7823149212598426
21
-3.9106934645669291
0
LINE
8
User.Drawings
6
CONTINUOUS
10
1.7823149212598426
20
-3.9106934645669291
11
1.7872390551181101
21
-3.9129593307086612
0
LINE
8
User.Drawings
6
CONTINUOUS
10
1.7872390551181101
20
-3.9129593307086612
11
1.7916695669291338
21
-3.9160523228346458
0
LINE
8
User.Drawings
6
CONTINUOUS
10
1.7916695669291338
20
-3.9160523228346458
11
1.7955097244094487
21
-3.9200007480314958
0
LINE
8
User.Drawings
6
CONTINUOUS
10
1.7955097244094487
20
-3.9200007480314958
11
1.7987963385826771
21
-3.9249070472440946
0
LINE
8
User.Drawings
6
CONTINUOUS
10
1.7987963385826771
20
-3.9249070472440946
11
1.8011644488188976
21
-3.9303187401574804
0
LINE
8
User.Drawings
6
CONTINUOUS
10
1.8011644488188976
20
-3.9303187401574804
11
1.8026449606299213
21
-3.9365353543307084
0
LINE
8
User.Drawings
6
CONTINUOUS
10
1.8026449606299213
20
-3.9365353543307084
11
1.8031648425196849
21
-3.9437137401574804
0
LINE
8
User.Drawings
6
CONTINUOUS
10
1.8031648425196849
20
-3.9437137401574804
11
1.8027047244094487
21
-3.9508605905511809
0
LINE
8
User.Drawings
6
CONTINUOUS
10
1.8027047244094487
20
-3.9508605905511809
11
1.8013635039370077
21
-3.9574263385826769
0
LINE
8
User.Drawings
6
CONTINUOUS
10
1.8013635039370077
20
-3.9574263385826769
11
1.799173307086614
21
-3.9634964566929134
0
LINE
8
User.Drawings
6
CONTINUOUS
10
1.799173307086614
20
-3.9634964566929134
11
1.7960623228346457
21
-3.9690974409448816
0
LINE
8
User.Drawings
6
CONTINUOUS
10
1.7960623228346457
20
-3.9690974409448816
11
1.7921736614173227
21
-3.9738018503937007
0
LINE
8
User.Drawings
6
CONTINUOUS
10
1.7921736614173227
20
-3.9738018503937007
11
1.7874611811023622
21
-3.9777057874015749
0
LINE
8
User.Drawings
6
CONTINUOUS
10
1.7874611811023622
20
-3.9777057874015749
11
1.7821
21
-3.9805950000000001
0
LINE
8
User.Drawings
6
CONTINUOUS
10
1.7821
20
-3.9805950000000001
11
1.7760424803149606
21
-3.9823672834645669
0
LINE
8
User.Drawings
6
CONTINUOUS
10
1.7760424803149606
20
-3.9823672834645669
11
1.7691256692913386
21
-3.9829829921259843
0
LINE
8
User.Drawings
6
CONTINUOUS
10
1.7691256692913386
20
-3.9829829921259843
11
1.7616938582677164
21
-3.9822776377952755
0
LINE
8
User.Drawings
6
CONTINUOUS
10
1.7616938582677164
20
-3.9822776377952755
11
1.7550062992125983
21
-3.9802196850393701
0
LINE
8
User.Drawings
6
CONTINUOUS
10
1.7550062992125983
20
-3.9802196850393701
11
1.7489054330708662
21
-3.9768105511811025
0
LINE
8
User.Drawings
6
CONTINUOUS
10
1.7489054330708662
20
-3.9768105511811025
11
1.7436716929133858
21
-3.9721762992125984
0
LINE
8
User.Drawings
6
CONTINUOUS
10
1.7436716929133858
20
-3.9721762992125984
11
1.7390738188976378
21
-3.9659585433070865
0
LINE
8
User.Drawings
6
CONTINUOUS
10
1.7390738188976378
20
-3.9659585433070865
11
1.7351268503937007
21
-3.95784905511811
0
LINE
8
User.Drawings
6
CONTINUOUS
10
1.7351268503937007
20
-3.95784905511811
11
1.7324714960629921
21
-3.9491722440944881
0
LINE
8
User.Drawings
6
CONTINUOUS
10
1.7324714960629921
20
-3.9491722440944881
11
1.7307450787401575
21
-3.9386586614173229
0
LINE
8
User.Drawings
6
CONTINUOUS
10
1.7307450787401575
20
-3.9386586614173229
11
1.7307429921259843
21
-3.9386458661417323
0
LINE
8
User.Drawings
6
CONTINUOUS
10
1.7307429921259843
20
-3.9386458661417323
11
1.7301188976377952
21
-3.9259368897637796
0
LINE
8
User.Drawings
6
CONTINUOUS
10
1.7301188976377952
20
-3.9259368897637796
11
1.7308701181102362
21
-3.9115503149606297
0
LINE
8
User.Drawings
6
CONTINUOUS
10
1.7308701181102362
20
-3.9115503149606297
11
1.7329527559055118
21
-3.8996410236220473
0
LINE
8
User.Drawings
6
CONTINUOUS
10
1.7329527559055118
20
-3.8996410236220473
11
1.7361596850393701
21
-3.8898244488188976
0
LINE
8
User.Drawings
6
CONTINUOUS
10
1.7361596850393701
20
-3.8898244488188976
11
1.7403569291338583
21
-3.8817674015748032
0
LINE
8
User.Drawings
6
CONTINUOUS
10
1.7403569291338583
20
-3.8817674015748032
11
1.7448974015748031
21
-3.8759429133858267
0
LINE
8
User.Drawings
6
CONTINUOUS
10
1.7448974015748031
20
-3.8759429133858267
11
1.7500368503937007
21
-3.8715437007874014
0
LINE
8
User.Drawings
6
CONTINUOUS
10
1.7500368503937007
20
-3.8715437007874014
11
1.7558425196850393
21
-3.868408622047244
0
LINE
8
User.Drawings
6
CONTINUOUS
10
1.7558425196850393
20
-3.868408622047244
11
1.7624464960629922
21
-3.8664798818897639
0
LINE
8
User.Drawings
6
CONTINUOUS
10
1.7624464960629922
20
-3.8664798818897639
11
1.7700343307086615
21
-3.8658079527559055
0
LINE
8
User.Drawings
6
CONTINUOUS
10
1.7700343307086615
20
-3.8658079527559055
11
1.7773028740157479
21
-3.8664720472440943
0
LINE
8
User.Drawings
6
CONTINUOUS
10
1.7642712598425196
20
-3.9244461811023621
11
1.7584972047244094
21
-3.9269540551181104
0
LINE
8
User.Drawings
6
CONTINUOUS
10
1.7584972047244094
20
-3.9269540551181104
11
1.7523778740157481
21
-3.9315127559055116
0
LINE
8
User.Drawings
6
CONTINUOUS
10
1.7523778740157481
20
-3.9315127559055116
11
1.7457822047244094
21
-3.9386586614173229
0
LINE
8
User.Drawings
6
CONTINUOUS
10
1.7457822047244094
20
-3.9386586614173229
11
1.7478409448818897
21
-3.9495187401574801
0
LINE
8
User.Drawings
6
CONTINUOUS
10
1.7478409448818897
20
-3.9495187401574801
11
1.7507245275590551
21
-3.957343503937008
0
LINE
8
User.Drawings
6
CONTINUOUS
10
1.7507245275590551
20
-3.957343503937008
11
1.7542261811023621
21
-3.962815
0
LINE
8
User.Drawings
6
CONTINUOUS
10
1.7542261811023621
20
-3.962815
11
1.7582731496062991
21
-3.9664612992125985
0
LINE
8
User.Drawings
6
CONTINUOUS
10
1.7582731496062991
20
-3.9664612992125985
11
1.7629429527559055
21
-3.9686116141732284
0
LINE
8
User.Drawings
6
CONTINUOUS
10
1.7629429527559055
20
-3.9686116141732284
11
1.7684525590551181
21
-3.9693525196850392
0
LINE
8
User.Drawings
6
CONTINUOUS
10
1.7684525590551181
20
-3.9693525196850392
11
1.7743968897637794
21
-3.9685603149606297
0
LINE
8
User.Drawings
6
CONTINUOUS
10
1.7743968897637794
20
-3.9685603149606297
11
1.7792809448818898
21
-3.9662907874015749
0
LINE
8
User.Drawings
6
CONTINUOUS
10
1.7792809448818898
20
-3.9662907874015749
11
1.7833619291338583
21
-3.9624935039370079
0
LINE
8
User.Drawings
6
CONTINUOUS
10
1.7833619291338583
20
-3.9624935039370079
11
1.7863605118110235
21
-3.9576541338582678
0
LINE
8
User.Drawings
6
CONTINUOUS
10
1.7863605118110235
20
-3.9576541338582678
11
1.788211062992126
21
-3.9519911417322833
0
LINE
8
User.Drawings
6
CONTINUOUS
10
1.788211062992126
20
-3.9519911417322833
11
1.7888612598425195
21
-3.9452955511811023
0
LINE
8
User.Drawings
6
CONTINUOUS
10
1.7888612598425195
20
-3.9452955511811023
11
1.7882655905511811
21
-3.9391864173228344
0
LINE
8
User.Drawings
6
CONTINUOUS
10
1.7882655905511811
20
-3.9391864173228344
11
1.7865777165354331
21
-3.9340759055118109
0
LINE
8
User.Drawings
6
CONTINUOUS
10
1.7865777165354331
20
-3.9340759055118109
11
1.783853307086614
21
-3.9297601574803149
0
LINE
8
User.Drawings
6
CONTINUOUS
10
1.783853307086614
20
-3.9297601574803149
11
1.780137125984252
21
-3.9264049606299212
0
LINE
8
User.Drawings
6
CONTINUOUS
10
1.780137125984252
20
-3.9264049606299212
11
1.7755676771653544
21
-3.9243682677165355
0
LINE
8
User.Drawings
6
CONTINUOUS
10
1.7755676771653544
20
-3.9243682677165355
11
1.7698795275590551
21
-3.9236483070866139
0
LINE
8
User.Drawings
6
CONTINUOUS
10
1.7698795275590551
20
-3.9236483070866139
11
1.7642712598425196
21
-3.9244461811023621
0
LINE
8
User.Drawings
6
CONTINUOUS
10
2.4984261417322835
20
-3.8981172440944882
11
2.4843379527559053
21
-3.8981172440944882
0
LINE
8
User.Drawings
6
CONTINUOUS
10
2.4843379527559053
20
-3.8981172440944882
11
2.4843379527559053
21
-3.8821174015748032
0
LINE
8
User.Drawings
6
CONTINUOUS
10
2.4843379527559053
20
-3.8821174015748032
11
2.44969968503937
21
-3.8821174015748032
0
LINE
8
User.Drawings
6
CONTINUOUS
10
2.44969968503937
20
-3.8821174015748032
11
2.4472159055118108
21
-3.915591181102362
0
LINE
8
User.Drawings
6
CONTINUOUS
10
2.4472159055118108
20
-3.915591181102362
11
2.4524544881889763
21
-3.9118877165354329
0
LINE
8
User.Drawings
6
CONTINUOUS
10
2.4524544881889763
20
-3.9118877165354329
11
2.4580228740157479
21
-3.9092773228346456
0
LINE
8
User.Drawings
6
CONTINUOUS
10
2.4580228740157479
20
-3.9092773228346456
11
2.4639991338582679
21
-3.9077010629921261
0
LINE
8
User.Drawings
6
CONTINUOUS
10
2.4639991338582679
20
-3.9077010629921261
11
2.4704853149606301
21
-3.9071638582677166
0
LINE
8
User.Drawings
6
CONTINUOUS
10
2.4704853149606301
20
-3.9071638582677166
11
2.4774105905511812
21
-3.907756496062992
0
LINE
8
User.Drawings
6
CONTINUOUS
10
2.4774105905511812
20
-3.907756496062992
11
2.4835217716535434
21
-3.9094657874015746
0
LINE
8
User.Drawings
6
CONTINUOUS
10
2.4835217716535434
20
-3.9094657874015746
11
2.4889689370078738
21
-3.9122525590551178
0
LINE
8
User.Drawings
6
CONTINUOUS
10
2.4889689370078738
20
-3.9122525590551178
11
2.4938099212598424
21
-3.9160267322834645
0
LINE
8
User.Drawings
6
CONTINUOUS
10
2.4938099212598424
20
-3.9160267322834645
11
2.4978062992125984
21
-3.9205251968503938
0
LINE
8
User.Drawings
6
CONTINUOUS
10
2.4978062992125984
20
-3.9205251968503938
11
2.501017598425197
21
-3.9258224803149604
0
LINE
8
User.Drawings
6
CONTINUOUS
10
2.501017598425197
20
-3.9258224803149604
11
2.5033185433070866
21
-3.9316005118110233
0
LINE
8
User.Drawings
6
CONTINUOUS
10
2.5033185433070866
20
-3.9316005118110233
11
2.504718937007874
21
-3.9378134645669292
0
LINE
8
User.Drawings
6
CONTINUOUS
10
2.504718937007874
20
-3.9378134645669292
11
2.5051976377952756
21
-3.9445483858267716
0
LINE
8
User.Drawings
6
CONTINUOUS
10
2.5051976377952756
20
-3.9445483858267716
11
2.5046486220472439
21
-3.9520128740157481
0
LINE
8
User.Drawings
6
CONTINUOUS
10
2.5046486220472439
20
-3.9520128740157481
11
2.5030638976377952
21
-3.9586760236220471
0
LINE
8
User.Drawings
6
CONTINUOUS
10
2.5030638976377952
20
-3.9586760236220471
11
2.5004925984251969
21
-3.9646676377952756
0
LINE
8
User.Drawings
6
CONTINUOUS
10
2.5004925984251969
20
-3.9646676377952756
11
2.4968894881889763
21
-3.970058503937008
0
LINE
8
User.Drawings
6
CONTINUOUS
10
2.4968894881889763
20
-3.970058503937008
11
2.4923877559055119
21
-3.9745429527559053
0
LINE
8
User.Drawings
6
CONTINUOUS
10
2.4923877559055119
20
-3.9745429527559053
11
2.4868957480314959
21
-3.9781971653543304
0
LINE
8
User.Drawings
6
CONTINUOUS
10
2.4868957480314959
20
-3.9781971653543304
11
2.4808040551181101
21
-3.9808045669291339
0
LINE
8
User.Drawings
6
CONTINUOUS
10
2.4808040551181101
20
-3.9808045669291339
11
2.4739509055118112
21
-3.9824203937007874
0
LINE
8
User.Drawings
6
CONTINUOUS
10
2.4739509055118112
20
-3.9824203937007874
11
2.466190905511811
21
-3.9829829921259843
0
LINE
8
User.Drawings
6
CONTINUOUS
10
2.466190905511811
20
-3.9829829921259843
11
2.457592992125984
21
-3.9823072440944882
0
LINE
8
User.Drawings
6
CONTINUOUS
10
2.457592992125984
20
-3.9823072440944882
11
2.4503320472440944
21
-3.9803994094488186
0
LINE
8
User.Drawings
6
CONTINUOUS
10
2.4503320472440944
20
-3.9803994094488186
11
2.4441709842519685
21
-3.9773656692913386
0
LINE
8
User.Drawings
6
CONTINUOUS
10
2.4441709842519685
20
-3.9773656692913386
11
2.4389299212598425
21
-3.9732094094488186
0
LINE
8
User.Drawings
6
CONTINUOUS
10
2.4389299212598425
20
-3.9732094094488186
11
2.4346922440944883
21
-3.9680509448818895
0
LINE
8
User.Drawings
6
CONTINUOUS
10
2.4346922440944883
20
-3.9680509448818895
11
2.4314157086614174
21
-3.9617903543307085
0
LINE
8
User.Drawings
6
CONTINUOUS
10
2.4314157086614174
20
-3.9617903543307085
11
2.4291259842519684
21
-3.9542202755905511
0
LINE
8
User.Drawings
6
CONTINUOUS
10
2.4291259842519684
20
-3.9542202755905511
11
2.4279380314960628
21
-3.9450734251968504
0
LINE
8
User.Drawings
6
CONTINUOUS
10
2.4279380314960628
20
-3.9450734251968504
11
2.4425445275590549
21
-3.9450734251968504
0
LINE
8
User.Drawings
6
CONTINUOUS
10
2.4425445275590549
20
-3.9450734251968504
11
2.4441241338582675
21
-3.9525507480314959
0
LINE
8
User.Drawings
6
CONTINUOUS
10
2.4441241338582675
20
-3.9525507480314959
11
2.4466862598425196
21
-3.9585074803149607
0
LINE
8
User.Drawings
6
CONTINUOUS
10
2.4466862598425196
20
-3.9585074803149607
11
2.4501506692913386
21
-3.9632272047244093
0
LINE
8
User.Drawings
6
CONTINUOUS
10
2.4501506692913386
20
-3.9632272047244093
11
2.4546378740157482
21
-3.9668461417322836
0
LINE
8
User.Drawings
6
CONTINUOUS
10
2.4546378740157482
20
-3.9668461417322836
11
2.4599533858267715
21
-3.969036811023622
0
LINE
8
User.Drawings
6
CONTINUOUS
10
2.4599533858267715
20
-3.969036811023622
11
2.4663457086614171
21
-3.9698035039370079
0
LINE
8
User.Drawings
6
CONTINUOUS
10
2.4663457086614171
20
-3.9698035039370079
11
2.472721968503937
21
-3.969012559055118
0
LINE
8
User.Drawings
6
CONTINUOUS
10
2.472721968503937
20
-3.969012559055118
11
2.4780876377952756
21
-3.9667369685039371
0
LINE
8
User.Drawings
6
CONTINUOUS
10
2.4780876377952756
20
-3.9667369685039371
11
2.4826820866141732
21
-3.9629444881889762
0
LINE
8
User.Drawings
6
CONTINUOUS
10
2.4826820866141732
20
-3.9629444881889762
11
2.4861220078740156
21
-3.9580290157480316
0
LINE
8
User.Drawings
6
CONTINUOUS
10
2.4861220078740156
20
-3.9580290157480316
11
2.4882533070866142
21
-3.9520892519685038
0
LINE
8
User.Drawings
6
CONTINUOUS
10
2.4882533070866142
20
-3.9520892519685038
11
2.4890093307086611
21
-3.9448445669291337
0
LINE
8
User.Drawings
6
CONTINUOUS
10
2.4890093307086611
20
-3.9448445669291337
11
2.4882702755905513
21
-3.9373258267716533
0
LINE
8
User.Drawings
6
CONTINUOUS
10
2.4882702755905513
20
-3.9373258267716533
11
2.4862412992125984
21
-3.9314982677165355
0
LINE
8
User.Drawings
6
CONTINUOUS
10
2.4862412992125984
20
-3.9314982677165355
11
2.4830590157480312
21
-3.9269801968503937
0
LINE
8
User.Drawings
6
CONTINUOUS
10
2.4830590157480312
20
-3.9269801968503937
11
2.478752125984252
21
-3.9235185826771652
0
LINE
8
User.Drawings
6
CONTINUOUS
10
2.478752125984252
20
-3.9235185826771652
11
2.4737546456692914
21
-3.9214412204724409
0
LINE
8
User.Drawings
6
CONTINUOUS
10
2.4737546456692914
20
-3.9214412204724409
11
2.4678534645669292
21
-3.920720275590551
0
LINE
8
User.Drawings
6
CONTINUOUS
10
2.4678534645669292
20
-3.920720275590551
11
2.4627320472440943
21
-3.9212538976377953
0
LINE
8
User.Drawings
6
CONTINUOUS
10
2.4627320472440943
20
-3.9212538976377953
11
2.457993307086614
21
-3.9228342519685038
0
LINE
8
User.Drawings
6
CONTINUOUS
10
2.457993307086614
20
-3.9228342519685038
11
2.4535297244094489
21
-3.9255036220472439
0
LINE
8
User.Drawings
6
CONTINUOUS
10
2.4535297244094489
20
-3.9255036220472439
11
2.4492696456692911
21
-3.9293975196850393
0
LINE
8
User.Drawings
6
CONTINUOUS
10
2.4492696456692911
20
-3.9293975196850393
11
2.4451831102362203
21
-3.9347344488188973
0
LINE
8
User.Drawings
6
CONTINUOUS
10
2.4451831102362203
20
-3.9347344488188973
11
2.439760748031496
21
-3.9301203937007871
0
LINE
8
User.Drawings
6
CONTINUOUS
10
2.439760748031496
20
-3.9301203937007871
11
2.4333633070866143
21
-3.926152283464567
0
LINE
8
User.Drawings
6
CONTINUOUS
10
2.4333633070866143
20
-3.926152283464567
11
2.4379539370078738
21
-3.8679619291338581
0
LINE
8
User.Drawings
6
CONTINUOUS
10
2.4379539370078738
20
-3.8679619291338581
11
2.4984261417322835
21
-3.8679619291338581
0
LINE
8
User.Drawings
6
CONTINUOUS
10
2.4984261417322835
20
-3.8679619291338581
11
2.4984261417322835
21
-3.8981172440944882
0
LINE
8
User.Drawings
6
CONTINUOUS
10
3.8746379133858269
20
-3.8664227952755903
11
3.8816008267716535
21
-3.8681220472440945
0
LINE
8
User.Drawings
6
CONTINUOUS
10
3.8816008267716535
20
-3.8681220472440945
11
3.8872274409448817
21
-3.8707549212598424
0
LINE
8
User.Drawings
6
CONTINUOUS
10
3.8872274409448817
20
-3.8707549212598424
11
3.8917556299212599
21
-3.8742689370078738
0
LINE
8
User.Drawings
6
CONTINUOUS
10
3.8917556299212599
20
-3.8742689370078738
11
3.8955099999999998
21
-3.8787621653543307
0
LINE
8
User.Drawings
6
CONTINUOUS
10
3.8955099999999998
20
-3.8787621653543307
11
3.8981774015748032
21
-3.8837756299212596
0
LINE
8
User.Drawings
6
CONTINUOUS
10
3.8981774015748032
20
-3.8837756299212596
11
3.8998114566929134
21
-3.8894137007874017
0
LINE
8
User.Drawings
6
CONTINUOUS
10
3.8998114566929134
20
-3.8894137007874017
11
3.9003781496062992
21
-3.8958219291338581
0
LINE
8
User.Drawings
6
CONTINUOUS
10
3.9003781496062992
20
-3.8958219291338581
11
3.8998061811023623
21
-3.9019285826771655
0
LINE
8
User.Drawings
6
CONTINUOUS
10
3.8998061811023623
20
-3.9019285826771655
11
3.8981715354330708
21
-3.9071619685039369
0
LINE
8
User.Drawings
6
CONTINUOUS
10
3.8981715354330708
20
-3.9071619685039369
11
3.895518307086614
21
-3.9116938976377953
0
LINE
8
User.Drawings
6
CONTINUOUS
10
3.895518307086614
20
-3.9116938976377953
11
3.8920296850393701
21
-3.9157190551181102
0
LINE
8
User.Drawings
6
CONTINUOUS
10
3.8920296850393701
20
-3.9157190551181102
11
3.888310905511811
21
-3.9188724409448819
0
LINE
8
User.Drawings
6
CONTINUOUS
10
3.888310905511811
20
-3.9188724409448819
11
3.8843379527559052
21
-3.9212453149606299
0
LINE
8
User.Drawings
6
CONTINUOUS
10
3.8843379527559052
20
-3.9212453149606299
11
3.8914346456692912
21
-3.9239825590551178
0
LINE
8
User.Drawings
6
CONTINUOUS
10
3.8914346456692912
20
-3.9239825590551178
11
3.8967018897637793
21
-3.9273739763779525
0
LINE
8
User.Drawings
6
CONTINUOUS
10
3.8967018897637793
20
-3.9273739763779525
11
3.9004925984251968
21
-3.9313756299212597
0
LINE
8
User.Drawings
6
CONTINUOUS
10
3.9004925984251968
20
-3.9313756299212597
11
3.9031877952755907
21
-3.936202559055118
0
LINE
8
User.Drawings
6
CONTINUOUS
10
3.9031877952755907
20
-3.936202559055118
11
3.9048914566929134
21
-3.9420546456692911
0
LINE
8
User.Drawings
6
CONTINUOUS
10
3.9048914566929134
20
-3.9420546456692911
11
3.9055005118110233
21
-3.9491794094488188
0
LINE
8
User.Drawings
6
CONTINUOUS
10
3.9055005118110233
20
-3.9491794094488188
11
3.9048353149606299
21
-3.9565271653543306
0
LINE
8
User.Drawings
6
CONTINUOUS
10
3.9048353149606299
20
-3.9565271653543306
11
3.9029420866141731
21
-3.9627820078740155
0
LINE
8
User.Drawings
6
CONTINUOUS
10
3.9029420866141731
20
-3.9627820078740155
11
3.8998867716535432
21
-3.9681543700787403
0
LINE
8
User.Drawings
6
CONTINUOUS
10
3.8998867716535432
20
-3.9681543700787403
11
3.895777874015748
21
-3.9728215748031497
0
LINE
8
User.Drawings
6
CONTINUOUS
10
3.895777874015748
20
-3.9728215748031497
11
3.8909751968503934
21
-3.9765531889763777
0
LINE
8
User.Drawings
6
CONTINUOUS
10
3.8909751968503934
20
-3.9765531889763777
11
3.8853947244094487
21
-3.9794087795275588
0
LINE
8
User.Drawings
6
CONTINUOUS
10
3.8853947244094487
20
-3.9794087795275588
11
3.8793823228346458
21
-3.981385
0
LINE
8
User.Drawings
6
CONTINUOUS
10
3.8793823228346458
20
-3.981385
11
3.8731003543307088
21
-3.9825790157480312
0
LINE
8
User.Drawings
6
CONTINUOUS
10
3.8731003543307088
20
-3.9825790157480312
11
3.8664937795275591
21
-3.9829829921259843
0
LINE
8
User.Drawings
6
CONTINUOUS
10
3.8664937795275591
20
-3.9829829921259843
11
3.8572483464566929
21
-3.9822899606299211
0
LINE
8
User.Drawings
6
CONTINUOUS
10
3.8572483464566929
20
-3.9822899606299211
11
3.8495432283464566
21
-3.9803473622047245
0
LINE
8
User.Drawings
6
CONTINUOUS
10
3.8495432283464566
20
-3.9803473622047245
11
3.8431058267716534
21
-3.9772866929133857
0
LINE
8
User.Drawings
6
CONTINUOUS
10
3.8431058267716534
20
-3.9772866929133857
11
3.8377250787401573
21
-3.9731353937007872
0
LINE
8
User.Drawings
6
CONTINUOUS
10
3.8377250787401573
20
-3.9731353937007872
11
3.8334813779527557
21
-3.9679304330708662
0
LINE
8
User.Drawings
6
CONTINUOUS
10
3.8334813779527557
20
-3.9679304330708662
11
3.8302977952755906
21
-3.9613756692913387
0
LINE
8
User.Drawings
6
CONTINUOUS
10
3.8302977952755906
20
-3.9613756692913387
11
3.8282361023622045
21
-3.9531685433070867
0
LINE
8
User.Drawings
6
CONTINUOUS
10
3.8282361023622045
20
-3.9531685433070867
11
3.8274870472440945
21
-3.9429194488188974
0
LINE
8
User.Drawings
6
CONTINUOUS
10
3.8274870472440945
20
-3.9429194488188974
11
3.8423964566929132
21
-3.9429194488188974
0
LINE
8
User.Drawings
6
CONTINUOUS
10
3.8423964566929132
20
-3.9429194488188974
11
3.8435040157480316
21
-3.9510335039370079
0
LINE
8
User.Drawings
6
CONTINUOUS
10
3.8435040157480316
20
-3.9510335039370079
11
3.8459009448818895
21
-3.9574368503937007
0
LINE
8
User.Drawings
6
CONTINUOUS
10
3.8459009448818895
20
-3.9574368503937007
11
3.8494708267716535
21
-3.962486771653543
0
LINE
8
User.Drawings
6
CONTINUOUS
10
3.8494708267716535
20
-3.962486771653543
11
3.8529635826771651
21
-3.9654966535433069
0
LINE
8
User.Drawings
6
CONTINUOUS
10
3.8529635826771651
20
-3.9654966535433069
11
3.8570325196850392
21
-3.9676687401574804
0
LINE
8
User.Drawings
6
CONTINUOUS
10
3.8570325196850392
20
-3.9676687401574804
11
3.8617910629921259
21
-3.9690231496062993
0
LINE
8
User.Drawings
6
CONTINUOUS
10
3.8617910629921259
20
-3.9690231496062993
11
3.867395748031496
21
-3.9695005905511809
0
LINE
8
User.Drawings
6
CONTINUOUS
10
3.867395748031496
20
-3.9695005905511809
11
3.8739594488188978
21
-3.9688305511811022
0
LINE
8
User.Drawings
6
CONTINUOUS
10
3.8739594488188978
20
-3.9688305511811022
11
3.879237874015748
21
-3.9669588582677164
0
LINE
8
User.Drawings
6
CONTINUOUS
10
3.879237874015748
20
-3.9669588582677164
11
3.8835099999999998
21
-3.9639676377952755
0
LINE
8
User.Drawings
6
CONTINUOUS
10
3.8835099999999998
20
-3.9639676377952755
11
3.8867957480314961
21
-3.9599488188976375
0
LINE
8
User.Drawings
6
CONTINUOUS
10
3.8867957480314961
20
-3.9599488188976375
11
3.8887721653543306
21
-3.9552402755905511
0
LINE
8
User.Drawings
6
CONTINUOUS
10
3.8887721653543306
20
-3.9552402755905511
11
3.8894603149606297
21
-3.9496303937007875
0
LINE
8
User.Drawings
6
CONTINUOUS
10
3.8894603149606297
20
-3.9496303937007875
11
3.8886835826771651
21
-3.943974527559055
0
LINE
8
User.Drawings
6
CONTINUOUS
10
3.8886835826771651
20
-3.943974527559055
11
3.8864096062992126
21
-3.9390861811023621
0
LINE
8
User.Drawings
6
CONTINUOUS
10
3.8864096062992126
20
-3.9390861811023621
11
3.882527283464567
21
-3.9347613779527557
0
LINE
8
User.Drawings
6
CONTINUOUS
10
3.882527283464567
20
-3.9347613779527557
11
3.8789568110236221
21
-3.9323606299212597
0
LINE
8
User.Drawings
6
CONTINUOUS
10
3.8789568110236221
20
-3.9323606299212597
11
3.8743787007874015
21
-3.9305140157480314
0
LINE
8
User.Drawings
6
CONTINUOUS
10
3.8743787007874015
20
-3.9305140157480314
11
3.8685609842519684
21
-3.9292975196850395
0
LINE
8
User.Drawings
6
CONTINUOUS
10
3.8685609842519684
20
-3.9292975196850395
11
3.861223346456693
21
-3.9288514566929131
0
LINE
8
User.Drawings
6
CONTINUOUS
10
3.861223346456693
20
-3.9288514566929131
11
3.8561749999999999
21
-3.9289995275590552
0
LINE
8
User.Drawings
6
CONTINUOUS
10
3.8561749999999999
20
-3.9289995275590552
11
3.8561749999999999
21
-3.9149180708661415
0
LINE
8
User.Drawings
6
CONTINUOUS
10
3.8561749999999999
20
-3.9149180708661415
11
3.8582818503937006
21
-3.9149180708661415
0
LINE
8
User.Drawings
6
CONTINUOUS
10
3.8582818503937006
20
-3.9149180708661415
11
3.8657752362204723
21
-3.9146337795275588
0
LINE
8
User.Drawings
6
CONTINUOUS
10
3.8657752362204723
20
-3.9146337795275588
11
3.8716498031496061
21
-3.913868031496063
0
LINE
8
User.Drawings
6
CONTINUOUS
10
3.8716498031496061
20
-3.913868031496063
11
3.8768597244094489
21
-3.9121107874015748
0
LINE
8
User.Drawings
6
CONTINUOUS
10
3.8768597244094489
20
-3.9121107874015748
11
3.8811406692913386
21
-3.9090149212598426
0
LINE
8
User.Drawings
6
CONTINUOUS
10
3.8811406692913386
20
-3.9090149212598426
11
3.8832055118110236
21
-3.9062414960629921
0
LINE
8
User.Drawings
6
CONTINUOUS
10
3.8832055118110236
20
-3.9062414960629921
11
3.8845307086614174
21
-3.9025649212598426
0
LINE
8
User.Drawings
6
CONTINUOUS
10
3.8845307086614174
20
-3.9025649212598426
11
3.8850177952755907
21
-3.8977066535433069
0
LINE
8
User.Drawings
6
CONTINUOUS
10
3.8850177952755907
20
-3.8977066535433069
11
3.8845190157480314
21
-3.8929450000000001
0
LINE
8
User.Drawings
6
CONTINUOUS
10
3.8845190157480314
20
-3.8929450000000001
11
3.8830564173228344
21
-3.8886470866141734
0
LINE
8
User.Drawings
6
CONTINUOUS
10
3.8830564173228344
20
-3.8886470866141734
11
3.8806088976377953
21
-3.8847021653543305
0
LINE
8
User.Drawings
6
CONTINUOUS
10
3.8806088976377953
20
-3.8847021653543305
11
3.8772936614173226
21
-3.8816493307086612
0
LINE
8
User.Drawings
6
CONTINUOUS
10
3.8772936614173226
20
-3.8816493307086612
11
3.8729503937007874
21
-3.87974968503937
0
LINE
8
User.Drawings
6
CONTINUOUS
10
3.8729503937007874
20
-3.87974968503937
11
3.8672476771653543
21
-3.8790614960629921
0
LINE
8
User.Drawings
6
CONTINUOUS
10
3.8672476771653543
20
-3.8790614960629921
11
3.8612360629921261
21
-3.8797637007874015
0
LINE
8
User.Drawings
6
CONTINUOUS
10
3.8612360629921261
20
-3.8797637007874015
11
3.8567262992125984
21
-3.8816858267716534
0
LINE
8
User.Drawings
6
CONTINUOUS
10
3.8567262992125984
20
-3.8816858267716534
11
3.8533479527559056
21
-3.8847425590551179
0
LINE
8
User.Drawings
6
CONTINUOUS
10
3.8533479527559056
20
-3.8847425590551179
11
3.8509797637795273
21
-3.8887811023622048
0
LINE
8
User.Drawings
6
CONTINUOUS
10
3.8509797637795273
20
-3.8887811023622048
11
3.8492763779527559
21
-3.8943777952755902
0
LINE
8
User.Drawings
6
CONTINUOUS
10
3.8492763779527559
20
-3.8943777952755902
11
3.8484207874015746
21
-3.9019943700787403
0
LINE
8
User.Drawings
6
CONTINUOUS
10
3.8484207874015746
20
-3.9019943700787403
11
3.8325286614173226
21
-3.9019943700787403
0
LINE
8
User.Drawings
6
CONTINUOUS
10
3.8325286614173226
20
-3.9019943700787403
11
3.8325286614173226
21
-3.9007827559055119
0
LINE
8
User.Drawings
6
CONTINUOUS
10
3.8325286614173226
20
-3.9007827559055119
11
3.8329688976377954
21
-3.893600590551181
0
LINE
8
User.Drawings
6
CONTINUOUS
10
3.8329688976377954
20
-3.893600590551181
11
3.8341947637795273
21
-3.8876384251968501
0
LINE
8
User.Drawings
6
CONTINUOUS
10
3.8341947637795273
20
-3.8876384251968501
11
3.836099212598425
21
-3.8826971259842518
0
LINE
8
User.Drawings
6
CONTINUOUS
10
3.836099212598425
20
-3.8826971259842518
11
3.8386270472440942
21
-3.8786105118110235
0
LINE
8
User.Drawings
6
CONTINUOUS
10
3.8386270472440942
20
-3.8786105118110235
11
3.8430439763779525
21
-3.8737327165354332
0
LINE
8
User.Drawings
6
CONTINUOUS
10
3.8430439763779525
20
-3.8737327165354332
11
3.8475550787401573
21
-3.8703455905511812
0
LINE
8
User.Drawings
6
CONTINUOUS
10
3.8475550787401573
20
-3.8703455905511812
11
3.8522171259842519
21
-3.868224409448819
0
LINE
8
User.Drawings
6
CONTINUOUS
10
3.8522171259842519
20
-3.868224409448819
11
3.8596163385826769
21
-3.8663783858267715
0
LINE
8
User.Drawings
6
CONTINUOUS
10
3.8596163385826769
20
-3.8663783858267715
11
3.866036062992126
21
-3.8658079527559055
0
LINE
8
User.Drawings
6
CONTINUOUS
10
3.866036062992126
20
-3.8658079527559055
11
3.8746379133858269
21
-3.8664227952755903
0
LINE
8
User.Drawings
6
CONTINUOUS
10
5.9745801574803146
20
-3.8664648031496061
11
5.9809973622047243
21
-3.8683553543307085
0
LINE
8
User.Drawings
6
CONTINUOUS
10
5.9809973622047243
20
-3.8683553543307085
11
5.9866739370078736
21
-3.8714382283464568
0
LINE
8
User.Drawings
6
CONTINUOUS
10
5.9866739370078736
20
-3.8714382283464568
11
5.9917336614173227
21
-3.8757777559055118
0
LINE
8
User.Drawings
6
CONTINUOUS
10
5.9917336614173227
20
-3.8757777559055118
11
5.9962385433070864
21
-3.8815385433070864
0
LINE
8
User.Drawings
6
CONTINUOUS
10
5.9962385433070864
20
-3.8815385433070864
11
6.0004238582677161
21
-3.8894931102362205
0
LINE
8
User.Drawings
6
CONTINUOUS
10
6.0004238582677161
20
-3.8894931102362205
11
6.0036059055118107
21
-3.8990955118110233
0
LINE
8
User.Drawings
6
CONTINUOUS
10
6.0036059055118107
20
-3.8990955118110233
11
6.0056631102362203
21
-3.9106502755905512
0
LINE
8
User.Drawings
6
CONTINUOUS
10
6.0056631102362203
20
-3.9106502755905512
11
6.0064024803149607
21
-3.9245098818897639
0
LINE
8
User.Drawings
6
CONTINUOUS
10
6.0064024803149607
20
-3.9245098818897639
11
6.0058169291338581
21
-3.9368064960629918
0
LINE
8
User.Drawings
6
CONTINUOUS
10
6.0058169291338581
20
-3.9368064960629918
11
6.004174527559055
21
-3.9472845669291337
0
LINE
8
User.Drawings
6
CONTINUOUS
10
6.004174527559055
20
-3.9472845669291337
11
6.0016166929133856
21
-3.956193188976378
0
LINE
8
User.Drawings
6
CONTINUOUS
10
6.0016166929133856
20
-3.956193188976378
11
5.9978137795275588
21
-3.9645752755905512
0
LINE
8
User.Drawings
6
CONTINUOUS
10
5.9978137795275588
20
-3.9645752755905512
11
5.9932897244094487
21
-3.9711392519685038
0
LINE
8
User.Drawings
6
CONTINUOUS
10
5.9932897244094487
20
-3.9711392519685038
11
5.9880669685039365
21
-3.9761711023622048
0
LINE
8
User.Drawings
6
CONTINUOUS
10
5.9880669685039365
20
-3.9761711023622048
11
5.9819192913385821
21
-3.9799261023622048
0
LINE
8
User.Drawings
6
CONTINUOUS
10
5.9819192913385821
20
-3.9799261023622048
11
5.9750450787401572
21
-3.9821990551181101
0
LINE
8
User.Drawings
6
CONTINUOUS
10
5.9750450787401572
20
-3.9821990551181101
11
5.9672476771653544
21
-3.9829829921259843
0
LINE
8
User.Drawings
6
CONTINUOUS
10
5.9672476771653544
20
-3.9829829921259843
11
5.9597846456692913
21
-3.9823194488188975
0
LINE
8
User.Drawings
6
CONTINUOUS
10
5.9597846456692913
20
-3.9823194488188975
11
5.9532774409448814
21
-3.9804129921259843
0
LINE
8
User.Drawings
6
CONTINUOUS
10
5.9532774409448814
20
-3.9804129921259843
11
5.9475450393700786
21
-3.9773108267716535
0
LINE
8
User.Drawings
6
CONTINUOUS
10
5.9475450393700786
20
-3.9773108267716535
11
5.9424588976377954
21
-3.9729531496062993
0
LINE
8
User.Drawings
6
CONTINUOUS
10
5.9424588976377954
20
-3.9729531496062993
11
5.9379539370078742
21
-3.9671783464566928
0
LINE
8
User.Drawings
6
CONTINUOUS
10
5.9379539370078742
20
-3.9671783464566928
11
5.9337545275590546
21
-3.9591781102362202
0
LINE
8
User.Drawings
6
CONTINUOUS
10
5.9337545275590546
20
-3.9591781102362202
11
5.9305733858267713
21
-3.949597559055118
0
LINE
8
User.Drawings
6
CONTINUOUS
10
5.9305733858267713
20
-3.949597559055118
11
5.9285241732283467
21
-3.9381515748031495
0
LINE
8
User.Drawings
6
CONTINUOUS
10
5.9285241732283467
20
-3.9381515748031495
11
5.9277899606299211
21
-3.9245098818897639
0
LINE
8
User.Drawings
6
CONTINUOUS
10
5.9277899606299211
20
-3.9245098818897639
11
5.928375157480315
21
-3.9121578740157479
0
LINE
8
User.Drawings
6
CONTINUOUS
10
5.928375157480315
20
-3.9121578740157479
11
5.9300157480314963
21
-3.9016426377952755
0
LINE
8
User.Drawings
6
CONTINUOUS
10
5.9300157480314963
20
-3.9016426377952755
11
5.9325690551181101
21
-3.8927121653543306
0
LINE
8
User.Drawings
6
CONTINUOUS
10
5.9325690551181101
20
-3.8927121653543306
11
5.936387007874016
21
-3.8843146062992124
0
LINE
8
User.Drawings
6
CONTINUOUS
10
5.936387007874016
20
-3.8843146062992124
11
5.9409615748031497
21
-3.8777245669291336
0
LINE
8
User.Drawings
6
CONTINUOUS
10
5.9409615748031497
20
-3.8777245669291336
11
5.9462735433070861
21
-3.8726602362204723
0
LINE
8
User.Drawings
6
CONTINUOUS
10
5.9462735433070861
20
-3.8726602362204723
11
5.9525209055118111
21
-3.868876377952756
0
LINE
8
User.Drawings
6
CONTINUOUS
10
5.9525209055118111
20
-3.868876377952756
11
5.9594493700787403
21
-3.8665929527559055
0
LINE
8
User.Drawings
6
CONTINUOUS
10
5.9594493700787403
20
-3.8665929527559055
11
5.9672476771653544
21
-3.8658079527559055
0
LINE
8
User.Drawings
6
CONTINUOUS
10
5.9672476771653544
20
-3.8658079527559055
11
5.9745801574803146
21
-3.8664648031496061
0
LINE
8
User.Drawings
6
CONTINUOUS
10
5.9615836614173228
20
-3.8797823622047245
11
5.9570079527559052
21
-3.8818534645669289
0
LINE
8
User.Drawings
6
CONTINUOUS
10
5.9570079527559052
20
-3.8818534645669289
11
5.9531387401574802
21
-3.8853210236220472
0
LINE
8
User.Drawings
6
CONTINUOUS
10
5.9531387401574802
20
-3.8853210236220472
11
5.9498881496062994
21
-3.8904639763779527
0
LINE
8
User.Drawings
6
CONTINUOUS
10
5.9498881496062994
20
-3.8904639763779527
11
5.947735118110236
21
-3.896072874015748
0
LINE
8
User.Drawings
6
CONTINUOUS
10
5.947735118110236
20
-3.896072874015748
11
5.9460141732283462
21
-3.9033683070866139
0
LINE
8
User.Drawings
6
CONTINUOUS
10
5.9460141732283462
20
-3.9033683070866139
11
5.9448568897637797
21
-3.9127125590551182
0
LINE
8
User.Drawings
6
CONTINUOUS
10
5.9448568897637797
20
-3.9127125590551182
11
5.9444292519685034
21
-3.9245098818897639
0
LINE
8
User.Drawings
6
CONTINUOUS
10
5.9444292519685034
20
-3.9245098818897639
11
5.9448923622047243
21
-3.9369787401574801
0
LINE
8
User.Drawings
6
CONTINUOUS
10
5.9448923622047243
20
-3.9369787401574801
11
5.9461275590551184
21
-3.946531377952756
0
LINE
8
User.Drawings
6
CONTINUOUS
10
5.9461275590551184
20
-3.946531377952756
11
5.9479325590551184
21
-3.9537045275590552
0
LINE
8
User.Drawings
6
CONTINUOUS
10
5.9479325590551184
20
-3.9537045275590552
11
5.9501506692913386
21
-3.9589731496062992
0
LINE
8
User.Drawings
6
CONTINUOUS
10
5.9501506692913386
20
-3.9589731496062992
11
5.9534799606299211
21
-3.9637748818897638
0
LINE
8
User.Drawings
6
CONTINUOUS
10
5.9534799606299211
20
-3.9637748818897638
11
5.9573607874015746
21
-3.9670315354330707
0
LINE
8
User.Drawings
6
CONTINUOUS
10
5.9573607874015746
20
-3.9670315354330707
11
5.9618823622047241
21
-3.9689794488188976
0
LINE
8
User.Drawings
6
CONTINUOUS
10
5.9618823622047241
20
-3.9689794488188976
11
5.9672476771653544
21
-3.9696553937007875
0
LINE
8
User.Drawings
6
CONTINUOUS
10
5.9672476771653544
20
-3.9696553937007875
11
5.9724986614173226
21
-3.9689924015748033
0
LINE
8
User.Drawings
6
CONTINUOUS
10
5.9724986614173226
20
-3.9689924015748033
11
5.9769552362204719
21
-3.9670762598425195
0
LINE
8
User.Drawings
6
CONTINUOUS
10
5.9769552362204719
20
-3.9670762598425195
11
5.9808104330708662
21
-3.9638643700787402
0
LINE
8
User.Drawings
6
CONTINUOUS
10
5.9808104330708662
20
-3.9638643700787402
11
5.9841494881889759
21
-3.9591212204724409
0
LINE
8
User.Drawings
6
CONTINUOUS
10
5.9841494881889759
20
-3.9591212204724409
11
5.9863627165354325
21
-3.9539314960629919
0
LINE
8
User.Drawings
6
CONTINUOUS
10
5.9863627165354325
20
-3.9539314960629919
11
5.9881816141732278
21
-3.9467044488188976
0
LINE
8
User.Drawings
6
CONTINUOUS
10
5.9881816141732278
20
-3.9467044488188976
11
5.9894372440944883
21
-3.9368997637795276
0
LINE
8
User.Drawings
6
CONTINUOUS
10
5.9894372440944883
20
-3.9368997637795276
11
5.989911299212598
21
-3.9239040944881887
0
LINE
8
User.Drawings
6
CONTINUOUS
10
5.989911299212598
20
-3.9239040944881887
11
5.9894197637795275
21
-3.9110255511811021
0
LINE
8
User.Drawings
6
CONTINUOUS
10
5.9894197637795275
20
-3.9110255511811021
11
5.9881209055118108
21
-3.9013678740157478
0
LINE
8
User.Drawings
6
CONTINUOUS
10
5.9881209055118108
20
-3.9013678740157478
11
5.9862434645669289
21
-3.8942974015748031
0
LINE
8
User.Drawings
6
CONTINUOUS
10
5.9862434645669289
20
-3.8942974015748031
11
5.9839609842519685
21
-3.8892591338582676
0
LINE
8
User.Drawings
6
CONTINUOUS
10
5.9839609842519685
20
-3.8892591338582676
11
5.980553700787401
21
-3.8846693700787402
0
LINE
8
User.Drawings
6
CONTINUOUS
10
5.980553700787401
20
-3.8846693700787402
11
5.976677913385827
21
-3.8815563385826772
0
LINE
8
User.Drawings
6
CONTINUOUS
10
5.976677913385827
20
-3.8815563385826772
11
5.9722503543307086
21
-3.879701220472441
0
LINE
8
User.Drawings
6
CONTINUOUS
10
5.9722503543307086
20
-3.879701220472441
11
5.9670928740157478
21
-3.8790614960629921
0
LINE
8
User.Drawings
6
CONTINUOUS
10
5.9670928740157478
20
-3.8790614960629921
11
5.9615836614173228
21
-3.8797823622047245
0
LINE
8
User.Drawings
6
CONTINUOUS
10
0.9596415748031496
20
-3.8686107874015749
11
0.9718162992125984
21
-3.8704114960629918
0
LINE
8
User.Drawings
6
CONTINUOUS
10
0.9718162992125984
20
-3.8704114960629918
11
0.9819052362204724
21
-3.8731782677165354
0
LINE
8
User.Drawings
6
CONTINUOUS
10
0.9819052362204724
20
-3.8731782677165354
11
0.9902203937007874
21
-3.8767748425196848
0
LINE
8
User.Drawings
6
CONTINUOUS
10
0.9902203937007874
20
-3.8767748425196848
11
0.9970288188976377
21
-3.881121220472441
0
LINE
8
User.Drawings
6
CONTINUOUS
10
0.9970288188976377
20
-3.881121220472441
11
1.0020620866141732
21
-3.8857158661417324
0
LINE
8
User.Drawings
6
CONTINUOUS
10
1.0020620866141732
20
-3.8857158661417324
11
1.0062199999999999
21
-3.8910971653543305
0
LINE
8
User.Drawings
6
CONTINUOUS
10
1.0062199999999999
20
-3.8910971653543305
11
1.0095448818897637
21
-3.8973583464566928
0
LINE
8
User.Drawings
6
CONTINUOUS
10
1.0095448818897637
20
-3.8973583464566928
11
1.0120264173228346
21
-3.9046329921259844
0
LINE
8
User.Drawings
6
CONTINUOUS
10
1.0120264173228346
20
-3.9046329921259844
11
1.0136018897637795
21
-3.9130887795275591
0
LINE
8
User.Drawings
6
CONTINUOUS
10
1.0136018897637795
20
-3.9130887795275591
11
1.0141594881889764
21
-3.9229213779527559
0
LINE
8
User.Drawings
6
CONTINUOUS
10
1.0141594881889764
20
-3.9229213779527559
11
1.0135993700787402
21
-3.9328454330708662
0
LINE
8
User.Drawings
6
CONTINUOUS
10
1.0135993700787402
20
-3.9328454330708662
11
1.0120060629921259
21
-3.9415124015748031
0
LINE
8
User.Drawings
6
CONTINUOUS
10
1.0120060629921259
20
-3.9415124015748031
11
1.0094779921259842
21
-3.9490933070866139
0
LINE
8
User.Drawings
6
CONTINUOUS
10
1.0094779921259842
20
-3.9490933070866139
11
1.0060683464566929
21
-3.9557351968503935
0
LINE
8
User.Drawings
6
CONTINUOUS
10
1.0060683464566929
20
-3.9557351968503935
11
1.0017824803149606
21
-3.9615561417322835
0
LINE
8
User.Drawings
6
CONTINUOUS
10
1.0017824803149606
20
-3.9615561417322835
11
0.9965778346456693
21
-3.9666398818897637
0
LINE
8
User.Drawings
6
CONTINUOUS
10
0.9965778346456693
20
-3.9666398818897637
11
0.9895061811023622
21
-3.9715373622047245
0
LINE
8
User.Drawings
6
CONTINUOUS
10
0.9895061811023622
20
-3.9715373622047245
11
0.9810044488188976
21
-3.9755402362204721
0
LINE
8
User.Drawings
6
CONTINUOUS
10
0.9810044488188976
20
-3.9755402362204721
11
0.9708312992125984
21
-3.9785876377952754
0
LINE
8
User.Drawings
6
CONTINUOUS
10
0.9708312992125984
20
-3.9785876377952754
11
0.9586981102362204
21
-3.9805549212598423
0
LINE
8
User.Drawings
6
CONTINUOUS
10
0.9586981102362204
20
-3.9805549212598423
11
0.9442771653543307
21
-3.9812598425196848
0
LINE
8
User.Drawings
6
CONTINUOUS
10
0.9442771653543307
20
-3.9812598425196848
11
0.90188468503937
21
-3.9812598425196848
0
LINE
8
User.Drawings
6
CONTINUOUS
10
0.90188468503937
20
-3.9812598425196848
11
0.90188468503937
21
-3.9671043307086613
0
LINE
8
User.Drawings
6
CONTINUOUS
10
0.90188468503937
20
-3.9671043307086613
11
0.917096968503937
21
-3.9671043307086613
0
LINE
8
User.Drawings
6
CONTINUOUS
10
0.917096968503937
20
-3.9671043307086613
11
0.917096968503937
21
-3.8821174015748032
0
LINE
8
User.Drawings
6
CONTINUOUS
10
0.917096968503937
20
-3.8821174015748032
11
0.90188468503937
21
-3.8821174015748032
0
LINE
8
User.Drawings
6
CONTINUOUS
10
0.90188468503937
20
-3.8821174015748032
11
0.90188468503937
21
-3.8679619291338581
0
LINE
8
User.Drawings
6
CONTINUOUS
10
0.90188468503937
20
-3.8679619291338581
11
0.9450310629921259
21
-3.8679619291338581
0
LINE
8
User.Drawings
6
CONTINUOUS
10
0.9450310629921259
20
-3.8679619291338581
11
0.9596415748031496
21
-3.8686107874015749
0
LINE
8
User.Drawings
6
CONTINUOUS
10
0.9342612992125984
20
-3.9671043307086613
11
0.9450310629921259
21
-3.9671043307086613
0
LINE
8
User.Drawings
6
CONTINUOUS
10
0.9450310629921259
20
-3.9671043307086613
11
0.9560182677165354
21
-3.9665831102362206
0
LINE
8
User.Drawings
6
CONTINUOUS
10
0.9560182677165354
20
-3.9665831102362206
11
0.9650672440944882
21
-3.9651431102362205
0
LINE
8
User.Drawings
6
CONTINUOUS
10
0.9650672440944882
20
-3.9651431102362205
11
0.9724736220472441
21
-3.9629392519685038
0
LINE
8
User.Drawings
6
CONTINUOUS
10
0.9724736220472441
20
-3.9629392519685038
11
0.9784978740157481
21
-3.9600805511811021
0
LINE
8
User.Drawings
6
CONTINUOUS
10
0.9784978740157481
20
-3.9600805511811021
11
0.9833579527559055
21
-3.9566239763779527
0
LINE
8
User.Drawings
6
CONTINUOUS
10
0.9833579527559055
20
-3.9566239763779527
11
0.9875059448818897
21
-3.9522366141732284
0
LINE
8
User.Drawings
6
CONTINUOUS
10
0.9875059448818897
20
-3.9522366141732284
11
0.9908234645669292
21
-3.9469264173228344
0
LINE
8
User.Drawings
6
CONTINUOUS
10
0.9908234645669292
20
-3.9469264173228344
11
0.9933152362204725
21
-3.9405392519685036
0
LINE
8
User.Drawings
6
CONTINUOUS
10
0.9933152362204725
20
-3.9405392519685036
11
0.9949144488188976
21
-3.9328691732283465
0
LINE
8
User.Drawings
6
CONTINUOUS
10
0.9949144488188976
20
-3.9328691732283465
11
0.9954874015748031
21
-3.9236685039370078
0
LINE
8
User.Drawings
6
CONTINUOUS
10
0.9954874015748031
20
-3.9236685039370078
11
0.9948544094488189
21
-3.9141508661417324
0
LINE
8
User.Drawings
6
CONTINUOUS
10
0.9948544094488189
20
-3.9141508661417324
11
0.9931059842519685
21
-3.9064179133858268
0
LINE
8
User.Drawings
6
CONTINUOUS
10
0.9931059842519685
20
-3.9064179133858268
11
0.9904053937007874
21
-3.9001500393700788
0
LINE
8
User.Drawings
6
CONTINUOUS
10
0.9904053937007874
20
-3.9001500393700788
11
0.9864419291338582
21
-3.8946941338582675
0
LINE
8
User.Drawings
6
CONTINUOUS
10
0.9864419291338582
20
-3.8946941338582675
11
0.9811436614173228
21
-3.8901884251968504
0
LINE
8
User.Drawings
6
CONTINUOUS
10
0.9811436614173228
20
-3.8901884251968504
11
0.9742844094488189
21
-3.8865868897637794
0
LINE
8
User.Drawings
6
CONTINUOUS
10
0.9742844094488189
20
-3.8865868897637794
11
0.9667865748031496
21
-3.8842497244094489
0
LINE
8
User.Drawings
6
CONTINUOUS
10
0.9667865748031496
20
-3.8842497244094489
11
0.9572292519685039
21
-3.8826914960629919
0
LINE
8
User.Drawings
6
CONTINUOUS
10
0.9572292519685039
20
-3.8826914960629919
11
0.9451791338582677
21
-3.8821174015748032
0
LINE
8
User.Drawings
6
CONTINUOUS
10
0.9451791338582677
20
-3.8821174015748032
11
0.9342612992125984
21
-3.8821174015748032
0
LINE
8
User.Drawings
6
CONTINUOUS
10
0.9342612992125984
20
-3.8821174015748032
11
0.9342612992125984
21
-3.9671043307086613
0
LINE
8
User.Drawings
6
CONTINUOUS
10
1.1027138582677165
20
-3.8794788188976379
11
1.0975479921259843
21
-3.8868207874015748
0
LINE
8
User.Drawings
6
CONTINUOUS
10
1.0975479921259843
20
-3.8868207874015748
11
1.0923847244094489
21
-3.895640275590551
0
LINE
8
User.Drawings
6
CONTINUOUS
10
1.0923847244094489
20
-3.895640275590551
11
1.0872390551181101
21
-3.9061272440944883
0
LINE
8
User.Drawings
6
CONTINUOUS
10
1.0872390551181101
20
-3.9061272440944883
11
1.080788031496063
21
-3.9222646456692911
0
LINE
8
User.Drawings
6
CONTINUOUS
10
1.080788031496063
20
-3.9222646456692911
11
1.0759038582677165
21
-3.9384971259842518
0
LINE
8
User.Drawings
6
CONTINUOUS
10
1.0759038582677165
20
-3.9384971259842518
11
1.0734979133858267
21
-3.9495526771653542
0
LINE
8
User.Drawings
6
CONTINUOUS
10
1.0734979133858267
20
-3.9495526771653542
11
1.0721729921259842
21
-3.9590198425196848
0
LINE
8
User.Drawings
6
CONTINUOUS
10
1.0721729921259842
20
-3.9590198425196848
11
1.071764251968504
21
-3.9670975984251968
0
LINE
8
User.Drawings
6
CONTINUOUS
10
1.071764251968504
20
-3.9670975984251968
11
1.071764251968504
21
-3.9674004724409446
0
LINE
8
User.Drawings
6
CONTINUOUS
10
1.071764251968504
20
-3.9674004724409446
11
1.0850177952755906
21
-3.9674004724409446
0
LINE
8
User.Drawings
6
CONTINUOUS
10
1.0850177952755906
20
-3.9674004724409446
11
1.0850177952755906
21
-3.9812598425196848
0
LINE
8
User.Drawings
6
CONTINUOUS
10
1.0850177952755906
20
-3.9812598425196848
11
1.0401348031496063
21
-3.9812598425196848
0
LINE
8
User.Drawings
6
CONTINUOUS
10
1.0401348031496063
20
-3.9812598425196848
11
1.0401348031496063
21
-3.9674004724409446
0
LINE
8
User.Drawings
6
CONTINUOUS
10
1.0401348031496063
20
-3.9674004724409446
11
1.0551990157480315
21
-3.9674004724409446
0
LINE
8
User.Drawings
6
CONTINUOUS
10
1.0551990157480315
20
-3.9674004724409446
11
1.0570355118110235
21
-3.9523310629921258
0
LINE
8
User.Drawings
6
CONTINUOUS
10
1.0570355118110235
20
-3.9523310629921258
11
1.060250748031496
21
-3.937422559055118
0
LINE
8
User.Drawings
6
CONTINUOUS
10
1.060250748031496
20
-3.937422559055118
11
1.0648716141732284
21
-3.9226184645669289
0
LINE
8
User.Drawings
6
CONTINUOUS
10
1.0648716141732284
20
-3.9226184645669289
11
1.0706994094488189
21
-3.9082227165354331
0
LINE
8
User.Drawings
6
CONTINUOUS
10
1.0706994094488189
20
-3.9082227165354331
11
1.0774161417322834
21
-3.8947424409448819
0
LINE
8
User.Drawings
6
CONTINUOUS
10
1.0774161417322834
20
-3.8947424409448819
11
1.0850177952755906
21
-3.8821174015748032
0
LINE
8
User.Drawings
6
CONTINUOUS
10
1.0850177952755906
20
-3.8821174015748032
11
1.0457822047244094
21
-3.8821174015748032
0
LINE
8
User.Drawings
6
CONTINUOUS
10
1.0457822047244094
20
-3.8821174015748032
11
1.0457822047244094
21
-3.8976864566929135
0
LINE
8
User.Drawings
6
CONTINUOUS
10
1.0457822047244094
20
-3.8976864566929135
11
1.0317814960629921
21
-3.8976864566929135
0
LINE
8
User.Drawings
6
CONTINUOUS
10
1.0317814960629921
20
-3.8976864566929135
11
1.0317814960629921
21
-3.8679619291338581
0
LINE
8
User.Drawings
6
CONTINUOUS
10
1.0317814960629921
20
-3.8679619291338581
11
1.1027138582677165
21
-3.8679619291338581
0
LINE
8
User.Drawings
6
CONTINUOUS
10
1.1027138582677165
20
-3.8679619291338581
11
1.1027138582677165
21
-3.8794788188976379
0
LINE
8
User.Drawings
6
CONTINUOUS
10
1.6596415748031497
20
-3.8686107874015749
11
1.6718162992125984
21
-3.8704114960629918
0
LINE
8
User.Drawings
6
CONTINUOUS
10
1.6718162992125984
20
-3.8704114960629918
11
1.6819052362204725
21
-3.8731782677165354
0
LINE
8
User.Drawings
6
CONTINUOUS
10
1.6819052362204725
20
-3.8731782677165354
11
1.6902203937007874
21
-3.8767748425196848
0
LINE
8
User.Drawings
6
CONTINUOUS
10
1.6902203937007874
20
-3.8767748425196848
11
1.6970288188976377
21
-3.881121220472441
0
LINE
8
User.Drawings
6
CONTINUOUS
10
1.6970288188976377
20
-3.881121220472441
11
1.7020620866141731
21
-3.8857158661417324
0
LINE
8
User.Drawings
6
CONTINUOUS
10
1.7020620866141731
20
-3.8857158661417324
11
1.7062200000000001
21
-3.8910971653543305
0
LINE
8
User.Drawings
6
CONTINUOUS
10
1.7062200000000001
20
-3.8910971653543305
11
1.7095448818897638
21
-3.8973583464566928
0
LINE
8
User.Drawings
6
CONTINUOUS
10
1.7095448818897638
20
-3.8973583464566928
11
1.7120264173228346
21
-3.9046329921259844
0
LINE
8
User.Drawings
6
CONTINUOUS
10
1.7120264173228346
20
-3.9046329921259844
11
1.7136018897637795
21
-3.9130887795275591
0
LINE
8
User.Drawings
6
CONTINUOUS
10
1.7136018897637795
20
-3.9130887795275591
11
1.7141594881889763
21
-3.9229213779527559
0
LINE
8
User.Drawings
6
CONTINUOUS
10
1.7141594881889763
20
-3.9229213779527559
11
1.7135993700787402
21
-3.9328454330708662
0
LINE
8
User.Drawings
6
CONTINUOUS
10
1.7135993700787402
20
-3.9328454330708662
11
1.7120060629921259
21
-3.9415124015748031
0
LINE
8
User.Drawings
6
CONTINUOUS
10
1.7120060629921259
20
-3.9415124015748031
11
1.7094779921259842
21
-3.9490933070866139
0
LINE
8
User.Drawings
6
CONTINUOUS
10
1.7094779921259842
20
-3.9490933070866139
11
1.7060683464566928
21
-3.9557351968503935
0
LINE
8
User.Drawings
6
CONTINUOUS
10
1.7060683464566928
20
-3.9557351968503935
11
1.7017824803149606
21
-3.9615561417322835
0
LINE
8
User.Drawings
6
CONTINUOUS
10
1.7017824803149606
20
-3.9615561417322835
11
1.6965778346456692
21
-3.9666398818897637
0
LINE
8
User.Drawings
6
CONTINUOUS
10
1.6965778346456692
20
-3.9666398818897637
11
1.6895061811023622
21
-3.9715373622047245
0
LINE
8
User.Drawings
6
CONTINUOUS
10
1.6895061811023622
20
-3.9715373622047245
11
1.6810044488188975
21
-3.9755402362204721
0
LINE
8
User.Drawings
6
CONTINUOUS
10
1.6810044488188975
20
-3.9755402362204721
11
1.6708312992125984
21
-3.9785876377952754
0
LINE
8
User.Drawings
6
CONTINUOUS
10
1.6708312992125984
20
-3.9785876377952754
11
1.6586981102362204
21
-3.9805549212598423
0
LINE
8
User.Drawings
6
CONTINUOUS
10
1.6586981102362204
20
-3.9805549212598423
11
1.6442771653543307
21
-3.9812598425196848
0
LINE
8
User.Drawings
6
CONTINUOUS
10
1.6442771653543307
20
-3.9812598425196848
11
1.60188468503937
21
-3.9812598425196848
0
LINE
8
User.Drawings
6
CONTINUOUS
10
1.60188468503937
20
-3.9812598425196848
11
1.60188468503937
21
-3.9671043307086613
0
LINE
8
User.Drawings
6
CONTINUOUS
10
1.60188468503937
20
-3.9671043307086613
11
1.6170969685039369
21
-3.9671043307086613
0
LINE
8
User.Drawings
6
CONTINUOUS
10
1.6170969685039369
20
-3.9671043307086613
11
1.6170969685039369
21
-3.8821174015748032
0
LINE
8
User.Drawings
6
CONTINUOUS
10
1.6170969685039369
20
-3.8821174015748032
11
1.60188468503937
21
-3.8821174015748032
0
LINE
8
User.Drawings
6
CONTINUOUS
10
1.60188468503937
20
-3.8821174015748032
11
1.60188468503937
21
-3.8679619291338581
0
LINE
8
User.Drawings
6
CONTINUOUS
10
1.60188468503937
20
-3.8679619291338581
11
1.6450310629921259
21
-3.8679619291338581
0
LINE
8
User.Drawings
6
CONTINUOUS
10
1.6450310629921259
20
-3.8679619291338581
11
1.6596415748031497
21
-3.8686107874015749
0
LINE
8
User.Drawings
6
CONTINUOUS
10
1.6342612992125984
20
-3.9671043307086613
11
1.6450310629921259
21
-3.9671043307086613
0
LINE
8
User.Drawings
6
CONTINUOUS
10
1.6450310629921259
20
-3.9671043307086613
11
1.6560182677165354
21
-3.9665831102362206
0
LINE
8
User.Drawings
6
CONTINUOUS
10
1.6560182677165354
20
-3.9665831102362206
11
1.6650672440944883
21
-3.9651431102362205
0
LINE
8
User.Drawings
6
CONTINUOUS
10
1.6650672440944883
20
-3.9651431102362205
11
1.672473622047244
21
-3.9629392519685038
0
LINE
8
User.Drawings
6
CONTINUOUS
10
1.672473622047244
20
-3.9629392519685038
11
1.6784978740157479
21
-3.9600805511811021
0
LINE
8
User.Drawings
6
CONTINUOUS
10
1.6784978740157479
20
-3.9600805511811021
11
1.6833579527559055
21
-3.9566239763779527
0
LINE
8
User.Drawings
6
CONTINUOUS
10
1.6833579527559055
20
-3.9566239763779527
11
1.6875059448818897
21
-3.9522366141732284
0
LINE
8
User.Drawings
6
CONTINUOUS
10
1.6875059448818897
20
-3.9522366141732284
11
1.6908234645669291
21
-3.9469264173228344
0
LINE
8
User.Drawings
6
CONTINUOUS
10
1.6908234645669291
20
-3.9469264173228344
11
1.6933152362204724
21
-3.9405392519685036
0
LINE
8
User.Drawings
6
CONTINUOUS
10
1.6933152362204724
20
-3.9405392519685036
11
1.6949144488188976
21
-3.9328691732283465
0
LINE
8
User.Drawings
6
CONTINUOUS
10
1.6949144488188976
20
-3.9328691732283465
11
1.6954874015748032
21
-3.9236685039370078
0
LINE
8
User.Drawings
6
CONTINUOUS
10
1.6954874015748032
20
-3.9236685039370078
11
1.6948544094488189
21
-3.9141508661417324
0
LINE
8
User.Drawings
6
CONTINUOUS
10
1.6948544094488189
20
-3.9141508661417324
11
1.6931059842519685
21
-3.9064179133858268
0
LINE
8
User.Drawings
6
CONTINUOUS
10
1.6931059842519685
20
-3.9064179133858268
11
1.6904053937007875
21
-3.9001500393700788
0
LINE
8
User.Drawings
6
CONTINUOUS
10
1.6904053937007875
20
-3.9001500393700788
11
1.6864419291338582
21
-3.8946941338582675
0
LINE
8
User.Drawings
6
CONTINUOUS
10
1.6864419291338582
20
-3.8946941338582675
11
1.6811436614173227
21
-3.8901884251968504
0
LINE
8
User.Drawings
6
CONTINUOUS
10
1.6811436614173227
20
-3.8901884251968504
11
1.674284409448819
21
-3.8865868897637794
0
LINE
8
User.Drawings
6
CONTINUOUS
10
1.674284409448819
20
-3.8865868897637794
11
1.6667865748031496
21
-3.8842497244094489
0
LINE
8
User.Drawings
6
CONTINUOUS
10
1.6667865748031496
20
-3.8842497244094489
11
1.6572292519685039
21
-3.8826914960629919
0
LINE
8
User.Drawings
6
CONTINUOUS
10
1.6572292519685039
20
-3.8826914960629919
11
1.6451791338582678
21
-3.8821174015748032
0
LINE
8
User.Drawings
6
CONTINUOUS
10
1.6451791338582678
20
-3.8821174015748032
11
1.6342612992125984
21
-3.8821174015748032
0
LINE
8
User.Drawings
6
CONTINUOUS
10
1.6342612992125984
20
-3.8821174015748032
11
1.6342612992125984
21
-3.9671043307086613
0
LINE
8
User.Drawings
6
CONTINUOUS
10
2.3596415748031494
20
-3.8686107874015749
11
2.3718162992125982
21
-3.8704114960629918
0
LINE
8
User.Drawings
6
CONTINUOUS
10
2.3718162992125982
20
-3.8704114960629918
11
2.3819052362204722
21
-3.8731782677165354
0
LINE
8
User.Drawings
6
CONTINUOUS
10
2.3819052362204722
20
-3.8731782677165354
11
2.3902203937007873
21
-3.8767748425196848
0
LINE
8
User.Drawings
6
CONTINUOUS
10
2.3902203937007873
20
-3.8767748425196848
11
2.3970288188976379
21
-3.881121220472441
0
LINE
8
User.Drawings
6
CONTINUOUS
10
2.3970288188976379
20
-3.881121220472441
11
2.4020620866141731
21
-3.8857158661417324
0
LINE
8
User.Drawings
6
CONTINUOUS
10
2.4020620866141731
20
-3.8857158661417324
11
2.4062199999999998
21
-3.8910971653543305
0
LINE
8
User.Drawings
6
CONTINUOUS
10
2.4062199999999998
20
-3.8910971653543305
11
2.4095448818897638
21
-3.8973583464566928
0
LINE
8
User.Drawings
6
CONTINUOUS
10
2.4095448818897638
20
-3.8973583464566928
11
2.4120264173228345
21
-3.9046329921259844
0
LINE
8
User.Drawings
6
CONTINUOUS
10
2.4120264173228345
20
-3.9046329921259844
11
2.4136018897637794
21
-3.9130887795275591
0
LINE
8
User.Drawings
6
CONTINUOUS
10
2.4136018897637794
20
-3.9130887795275591
11
2.4141594881889765
21
-3.9229213779527559
0
LINE
8
User.Drawings
6
CONTINUOUS
10
2.4141594881889765
20
-3.9229213779527559
11
2.4135993700787401
21
-3.9328454330708662
0
LINE
8
User.Drawings
6
CONTINUOUS
10
2.4135993700787401
20
-3.9328454330708662
11
2.4120060629921261
21
-3.9415124015748031
0
LINE
8
User.Drawings
6
CONTINUOUS
10
2.4120060629921261
20
-3.9415124015748031
11
2.4094779921259843
21
-3.9490933070866139
0
LINE
8
User.Drawings
6
CONTINUOUS
10
2.4094779921259843
20
-3.9490933070866139
11
2.406068346456693
21
-3.9557351968503935
0
LINE
8
User.Drawings
6
CONTINUOUS
10
2.406068346456693
20
-3.9557351968503935
11
2.4017824803149606
21
-3.9615561417322835
0
LINE
8
User.Drawings
6
CONTINUOUS
10
2.4017824803149606
20
-3.9615561417322835
11
2.3965778346456692
21
-3.9666398818897637
0
LINE
8
User.Drawings
6
CONTINUOUS
10
2.3965778346456692
20
-3.9666398818897637
11
2.3895061811023623
21
-3.9715373622047245
0
LINE
8
User.Drawings
6
CONTINUOUS
10
2.3895061811023623
20
-3.9715373622047245
11
2.3810044488188975
21
-3.9755402362204721
0
LINE
8
User.Drawings
6
CONTINUOUS
10
2.3810044488188975
20
-3.9755402362204721
11
2.3708312992125982
21
-3.9785876377952754
0
LINE
8
User.Drawings
6
CONTINUOUS
10
2.3708312992125982
20
-3.9785876377952754
11
2.3586981102362206
21
-3.9805549212598423
0
LINE
8
User.Drawings
6
CONTINUOUS
10
2.3586981102362206
20
-3.9805549212598423
11
2.3442771653543306
21
-3.9812598425196848
0
LINE
8
User.Drawings
6
CONTINUOUS
10
2.3442771653543306
20
-3.9812598425196848
11
2.3018846850393699
21
-3.9812598425196848
0
LINE
8
User.Drawings
6
CONTINUOUS
10
2.3018846850393699
20
-3.9812598425196848
11
2.3018846850393699
21
-3.9671043307086613
0
LINE
8
User.Drawings
6
CONTINUOUS
10
2.3018846850393699
20
-3.9671043307086613
11
2.3170969685039369
21
-3.9671043307086613
0
LINE
8
User.Drawings
6
CONTINUOUS
10
2.3170969685039369
20
-3.9671043307086613
11
2.3170969685039369
21
-3.8821174015748032
0
LINE
8
User.Drawings
6
CONTINUOUS
10
2.3170969685039369
20
-3.8821174015748032
11
2.3018846850393699
21
-3.8821174015748032
0
LINE
8
User.Drawings
6
CONTINUOUS
10
2.3018846850393699
20
-3.8821174015748032
11
2.3018846850393699
21
-3.8679619291338581
0
LINE
8
User.Drawings
6
CONTINUOUS
10
2.3018846850393699
20
-3.8679619291338581
11
2.3450310629921258
21
-3.8679619291338581
0
LINE
8
User.Drawings
6
CONTINUOUS
10
2.3450310629921258
20
-3.8679619291338581
11
2.3596415748031494
21
-3.8686107874015749
0
LINE
8
User.Drawings
6
CONTINUOUS
10
2.3342612992125984
20
-3.9671043307086613
11
2.3450310629921258
21
-3.9671043307086613
0
LINE
8
User.Drawings
6
CONTINUOUS
10
2.3450310629921258
20
-3.9671043307086613
11
2.3560182677165353
21
-3.9665831102362206
0
LINE
8
User.Drawings
6
CONTINUOUS
10
2.3560182677165353
20
-3.9665831102362206
11
2.365067244094488
21
-3.9651431102362205
0
LINE
8
User.Drawings
6
CONTINUOUS
10
2.365067244094488
20
-3.9651431102362205
11
2.3724736220472442
21
-3.9629392519685038
0
LINE
8
User.Drawings
6
CONTINUOUS
10
2.3724736220472442
20
-3.9629392519685038
11
2.3784978740157481
21
-3.9600805511811021
0
LINE
8
User.Drawings
6
CONTINUOUS
10
2.3784978740157481
20
-3.9600805511811021
11
2.3833579527559055
21
-3.9566239763779527
0
LINE
8
User.Drawings
6
CONTINUOUS
10
2.3833579527559055
20
-3.9566239763779527
11
2.3875059448818896
21
-3.9522366141732284
0
LINE
8
User.Drawings
6
CONTINUOUS
10
2.3875059448818896
20
-3.9522366141732284
11
2.3908234645669291
21
-3.9469264173228344
0
LINE
8
User.Drawings
6
CONTINUOUS
10
2.3908234645669291
20
-3.9469264173228344
11
2.3933152362204724
21
-3.9405392519685036
0
LINE
8
User.Drawings
6
CONTINUOUS
10
2.3933152362204724
20
-3.9405392519685036
11
2.3949144488188976
21
-3.9328691732283465
0
LINE
8
User.Drawings
6
CONTINUOUS
10
2.3949144488188976
20
-3.9328691732283465
11
2.3954874015748029
21
-3.9236685039370078
0
LINE
8
User.Drawings
6
CONTINUOUS
10
2.3954874015748029
20
-3.9236685039370078
11
2.3948544094488189
21
-3.9141508661417324
0
LINE
8
User.Drawings
6
CONTINUOUS
10
2.3948544094488189
20
-3.9141508661417324
11
2.3931059842519686
21
-3.9064179133858268
0
LINE
8
User.Drawings
6
CONTINUOUS
10
2.3931059842519686
20
-3.9064179133858268
11
2.3904053937007874
21
-3.9001500393700788
0
LINE
8
User.Drawings
6
CONTINUOUS
10
2.3904053937007874
20
-3.9001500393700788
11
2.3864419291338583
21
-3.8946941338582675
0
LINE
8
User.Drawings
6
CONTINUOUS
10
2.3864419291338583
20
-3.8946941338582675
11
2.3811436614173229
21
-3.8901884251968504
0
LINE
8
User.Drawings
6
CONTINUOUS
10
2.3811436614173229
20
-3.8901884251968504
11
2.3742844094488187
21
-3.8865868897637794
0
LINE
8
User.Drawings
6
CONTINUOUS
10
2.3742844094488187
20
-3.8865868897637794
11
2.3667865748031494
21
-3.8842497244094489
0
LINE
8
User.Drawings
6
CONTINUOUS
10
2.3667865748031494
20
-3.8842497244094489
11
2.3572292519685041
21
-3.8826914960629919
0
LINE
8
User.Drawings
6
CONTINUOUS
10
2.3572292519685041
20
-3.8826914960629919
11
2.3451791338582675
21
-3.8821174015748032
0
LINE
8
User.Drawings
6
CONTINUOUS
10
2.3451791338582675
20
-3.8821174015748032
11
2.3342612992125984
21
-3.8821174015748032
0
LINE
8
User.Drawings
6
CONTINUOUS
10
2.3342612992125984
20
-3.8821174015748032
11
2.3342612992125984
21
-3.9671043307086613
0
LINE
8
User.Drawings
6
CONTINUOUS
10
3.0596415748031496
20
-3.8686107874015749
11
3.0718162992125984
21
-3.8704114960629918
0
LINE
8
User.Drawings
6
CONTINUOUS
10
3.0718162992125984
20
-3.8704114960629918
11
3.0819052362204724
21
-3.8731782677165354
0
LINE
8
User.Drawings
6
CONTINUOUS
10
3.0819052362204724
20
-3.8731782677165354
11
3.0902203937007875
21
-3.8767748425196848
0
LINE
8
User.Drawings
6
CONTINUOUS
10
3.0902203937007875
20
-3.8767748425196848
11
3.0970288188976376
21
-3.881121220472441
0
LINE
8
User.Drawings
6
CONTINUOUS
10
3.0970288188976376
20
-3.881121220472441
11
3.1020620866141733
21
-3.8857158661417324
0
LINE
8
User.Drawings
6
CONTINUOUS
10
3.1020620866141733
20
-3.8857158661417324
11
3.10622
21
-3.8910971653543305
0
LINE
8
User.Drawings
6
CONTINUOUS
10
3.10622
20
-3.8910971653543305
11
3.1095448818897635
21
-3.8973583464566928
0
LINE
8
User.Drawings
6
CONTINUOUS
10
3.1095448818897635
20
-3.8973583464566928
11
3.1120264173228347
21
-3.9046329921259844
0
LINE
8
User.Drawings
6
CONTINUOUS
10
3.1120264173228347
20
-3.9046329921259844
11
3.1136018897637796
21
-3.9130887795275591
0
LINE
8
User.Drawings
6
CONTINUOUS
10
3.1136018897637796
20
-3.9130887795275591
11
3.1141594881889763
21
-3.9229213779527559
0
LINE
8
User.Drawings
6
CONTINUOUS
10
3.1141594881889763
20
-3.9229213779527559
11
3.1135993700787399
21
-3.9328454330708662
0
LINE
8
User.Drawings
6
CONTINUOUS
10
3.1135993700787399
20
-3.9328454330708662
11
3.1120060629921258
21
-3.9415124015748031
0
LINE
8
User.Drawings
6
CONTINUOUS
10
3.1120060629921258
20
-3.9415124015748031
11
3.1094779921259841
21
-3.9490933070866139
0
LINE
8
User.Drawings
6
CONTINUOUS
10
3.1094779921259841
20
-3.9490933070866139
11
3.1060683464566927
21
-3.9557351968503935
0
LINE
8
User.Drawings
6
CONTINUOUS
10
3.1060683464566927
20
-3.9557351968503935
11
3.1017824803149607
21
-3.9615561417322835
0
LINE
8
User.Drawings
6
CONTINUOUS
10
3.1017824803149607
20
-3.9615561417322835
11
3.0965778346456694
21
-3.9666398818897637
0
LINE
8
User.Drawings
6
CONTINUOUS
10
3.0965778346456694
20
-3.9666398818897637
11
3.0895061811023621
21
-3.9715373622047245
0
LINE
8
User.Drawings
6
CONTINUOUS
10
3.0895061811023621
20
-3.9715373622047245
11
3.0810044488188977
21
-3.9755402362204721
0
LINE
8
User.Drawings
6
CONTINUOUS
10
3.0810044488188977
20
-3.9755402362204721
11
3.0708312992125983
21
-3.9785876377952754
0
LINE
8
User.Drawings
6
CONTINUOUS
10
3.0708312992125983
20
-3.9785876377952754
11
3.0586981102362203
21
-3.9805549212598423
0
LINE
8
User.Drawings
6
CONTINUOUS
10
3.0586981102362203
20
-3.9805549212598423
11
3.0442771653543308
21
-3.9812598425196848
0
LINE
8
User.Drawings
6
CONTINUOUS
10
3.0442771653543308
20
-3.9812598425196848
11
3.0018846850393701
21
-3.9812598425196848
0
LINE
8
User.Drawings
6
CONTINUOUS
10
3.0018846850393701
20
-3.9812598425196848
11
3.0018846850393701
21
-3.9671043307086613
0
LINE
8
User.Drawings
6
CONTINUOUS
10
3.0018846850393701
20
-3.9671043307086613
11
3.017096968503937
21
-3.9671043307086613
0
LINE
8
User.Drawings
6
CONTINUOUS
10
3.017096968503937
20
-3.9671043307086613
11
3.017096968503937
21
-3.8821174015748032
0
LINE
8
User.Drawings
6
CONTINUOUS
10
3.017096968503937
20
-3.8821174015748032
11
3.0018846850393701
21
-3.8821174015748032
0
LINE
8
User.Drawings
6
CONTINUOUS
10
3.0018846850393701
20
-3.8821174015748032
11
3.0018846850393701
21
-3.8679619291338581
0
LINE
8
User.Drawings
6
CONTINUOUS
10
3.0018846850393701
20
-3.8679619291338581
11
3.045031062992126
21
-3.8679619291338581
0
LINE
8
User.Drawings
6
CONTINUOUS
10
3.045031062992126
20
-3.8679619291338581
11
3.0596415748031496
21
-3.8686107874015749
0
LINE
8
User.Drawings
6
CONTINUOUS
10
3.0342612992125986
20
-3.9671043307086613
11
3.045031062992126
21
-3.9671043307086613
0
LINE
8
User.Drawings
6
CONTINUOUS
10
3.045031062992126
20
-3.9671043307086613
11
3.0560182677165355
21
-3.9665831102362206
0
LINE
8
User.Drawings
6
CONTINUOUS
10
3.0560182677165355
20
-3.9665831102362206
11
3.0650672440944882
21
-3.9651431102362205
0
LINE
8
User.Drawings
6
CONTINUOUS
10
3.0650672440944882
20
-3.9651431102362205
11
3.0724736220472439
21
-3.9629392519685038
0
LINE
8
User.Drawings
6
CONTINUOUS
10
3.0724736220472439
20
-3.9629392519685038
11
3.0784978740157478
21
-3.9600805511811021
0
LINE
8
User.Drawings
6
CONTINUOUS
10
3.0784978740157478
20
-3.9600805511811021
11
3.0833579527559056
21
-3.9566239763779527
0
LINE
8
User.Drawings
6
CONTINUOUS
10
3.0833579527559056
20
-3.9566239763779527
11
3.0875059448818898
21
-3.9522366141732284
0
LINE
8
User.Drawings
6
CONTINUOUS
10
3.0875059448818898
20
-3.9522366141732284
11
3.0908234645669292
21
-3.9469264173228344
0
LINE
8
User.Drawings
6
CONTINUOUS
10
3.0908234645669292
20
-3.9469264173228344
11
3.0933152362204726
21
-3.9405392519685036
0
LINE
8
User.Drawings
6
CONTINUOUS
10
3.0933152362204726
20
-3.9405392519685036
11
3.0949144488188978
21
-3.9328691732283465
0
LINE
8
User.Drawings
6
CONTINUOUS
10
3.0949144488188978
20
-3.9328691732283465
11
3.0954874015748031
21
-3.9236685039370078
0
LINE
8
User.Drawings
6
CONTINUOUS
10
3.0954874015748031
20
-3.9236685039370078
11
3.0948544094488186
21
-3.9141508661417324
0
LINE
8
User.Drawings
6
CONTINUOUS
10
3.0948544094488186
20
-3.9141508661417324
11
3.0931059842519684
21
-3.9064179133858268
0
LINE
8
User.Drawings
6
CONTINUOUS
10
3.0931059842519684
20
-3.9064179133858268
11
3.0904053937007872
21
-3.9001500393700788
0
LINE
8
User.Drawings
6
CONTINUOUS
10
3.0904053937007872
20
-3.9001500393700788
11
3.0864419291338581
21
-3.8946941338582675
0
LINE
8
User.Drawings
6
CONTINUOUS
10
3.0864419291338581
20
-3.8946941338582675
11
3.0811436614173227
21
-3.8901884251968504
0
LINE
8
User.Drawings
6
CONTINUOUS
10
3.0811436614173227
20
-3.8901884251968504
11
3.0742844094488189
21
-3.8865868897637794
0
LINE
8
User.Drawings
6
CONTINUOUS
10
3.0742844094488189
20
-3.8865868897637794
11
3.0667865748031495
21
-3.8842497244094489
0
LINE
8
User.Drawings
6
CONTINUOUS
10
3.0667865748031495
20
-3.8842497244094489
11
3.0572292519685038
21
-3.8826914960629919
0
LINE
8
User.Drawings
6
CONTINUOUS
10
3.0572292519685038
20
-3.8826914960629919
11
3.0451791338582677
21
-3.8821174015748032
0
LINE
8
User.Drawings
6
CONTINUOUS
10
3.0451791338582677
20
-3.8821174015748032
11
3.0342612992125986
21
-3.8821174015748032
0
LINE
8
User.Drawings
6
CONTINUOUS
10
3.0342612992125986
20
-3.8821174015748032
11
3.0342612992125986
21
-3.9671043307086613
0
LINE
8
User.Drawings
6
CONTINUOUS
10
3.1872794488188974
20
-3.9368883858267716
11
3.2053524409448819
21
-3.9368883858267716
0
LINE
8
User.Drawings
6
CONTINUOUS
10
3.2053524409448819
20
-3.9368883858267716
11
3.2053524409448819
21
-3.9505929133858269
0
LINE
8
User.Drawings
6
CONTINUOUS
10
3.2053524409448819
20
-3.9505929133858269
11
3.1872794488188974
21
-3.9505929133858269
0
LINE
8
User.Drawings
6
CONTINUOUS
10
3.1872794488188974
20
-3.9505929133858269
11
3.1872794488188974
21
-3.9674004724409446
0
LINE
8
User.Drawings
6
CONTINUOUS
10
3.1872794488188974
20
-3.9674004724409446
11
3.197672244094488
21
-3.9674004724409446
0
LINE
8
User.Drawings
6
CONTINUOUS
10
3.197672244094488
20
-3.9674004724409446
11
3.197672244094488
21
-3.9812598425196848
0
LINE
8
User.Drawings
6
CONTINUOUS
10
3.197672244094488
20
-3.9812598425196848
11
3.1601665354330706
21
-3.9812598425196848
0
LINE
8
User.Drawings
6
CONTINUOUS
10
3.1601665354330706
20
-3.9812598425196848
11
3.1601665354330706
21
-3.9674004724409446
0
LINE
8
User.Drawings
6
CONTINUOUS
10
3.1601665354330706
20
-3.9674004724409446
11
3.1722152362204725
21
-3.9674004724409446
0
LINE
8
User.Drawings
6
CONTINUOUS
10
3.1722152362204725
20
-3.9674004724409446
11
3.1722152362204725
21
-3.9505929133858269
0
LINE
8
User.Drawings
6
CONTINUOUS
10
3.1722152362204725
20
-3.9505929133858269
11
3.1341104724409448
21
-3.9505929133858269
0
LINE
8
User.Drawings
6
CONTINUOUS
10
3.1341104724409448
20
-3.9505929133858269
11
3.132287874015748
21
-3.9457777952755904
0
LINE
8
User.Drawings
6
CONTINUOUS
10
3.132287874015748
20
-3.9457777952755904
11
3.1298093307086612
21
-3.9415598818897637
0
LINE
8
User.Drawings
6
CONTINUOUS
10
3.1298093307086612
20
-3.9415598818897637
11
3.1266591338582677
21
-3.9378644094488187
0
LINE
8
User.Drawings
6
CONTINUOUS
10
3.1266591338582677
20
-3.9378644094488187
11
3.1273085039370079
21
-3.9368883858267716
0
LINE
8
User.Drawings
6
CONTINUOUS
10
3.1273085039370079
20
-3.9368883858267716
11
3.1740259055118107
21
-3.866669527559055
0
LINE
8
User.Drawings
6
CONTINUOUS
10
3.1740259055118107
20
-3.866669527559055
11
3.1872794488188974
21
-3.866669527559055
0
LINE
8
User.Drawings
6
CONTINUOUS
10
3.1872794488188974
20
-3.866669527559055
11
3.1872794488188974
21
-3.9368883858267716
0
LINE
8
User.Drawings
6
CONTINUOUS
10
3.1423964566929135
20
-3.9368883858267716
11
3.1722152362204725
21
-3.9368883858267716
0
LINE
8
User.Drawings
6
CONTINUOUS
10
3.1722152362204725
20
-3.9368883858267716
11
3.1722152362204725
21
-3.8921333070866142
0
LINE
8
User.Drawings
6
CONTINUOUS
10
3.1722152362204725
20
-3.8921333070866142
11
3.1423964566929135
21
-3.9368883858267716
0
LINE
8
User.Drawings
6
CONTINUOUS
10
3.7596415748031493
20
-3.8686107874015749
11
3.7718162992125985
21
-3.8704114960629918
0
LINE
8
User.Drawings
6
CONTINUOUS
10
3.7718162992125985
20
-3.8704114960629918
11
3.7819052362204721
21
-3.8731782677165354
0
LINE
8
User.Drawings
6
CONTINUOUS
10
3.7819052362204721
20
-3.8731782677165354
11
3.7902203937007872
21
-3.8767748425196848
0
LINE
8
User.Drawings
6
CONTINUOUS
10
3.7902203937007872
20
-3.8767748425196848
11
3.7970288188976378
21
-3.881121220472441
0
LINE
8
User.Drawings
6
CONTINUOUS
10
3.7970288188976378
20
-3.881121220472441
11
3.802062086614173
21
-3.8857158661417324
0
LINE
8
User.Drawings
6
CONTINUOUS
10
3.802062086614173
20
-3.8857158661417324
11
3.8062199999999997
21
-3.8910971653543305
0
LINE
8
User.Drawings
6
CONTINUOUS
10
3.8062199999999997
20
-3.8910971653543305
11
3.8095448818897637
21
-3.8973583464566928
0
LINE
8
User.Drawings
6
CONTINUOUS
10
3.8095448818897637
20
-3.8973583464566928
11
3.8120264173228344
21
-3.9046329921259844
0
LINE
8
User.Drawings
6
CONTINUOUS
10
3.8120264173228344
20
-3.9046329921259844
11
3.8136018897637793
21
-3.9130887795275591
0
LINE
8
User.Drawings
6
CONTINUOUS
10
3.8136018897637793
20
-3.9130887795275591
11
3.8141594881889764
21
-3.9229213779527559
0
LINE
8
User.Drawings
6
CONTINUOUS
10
3.8141594881889764
20
-3.9229213779527559
11
3.8135993700787401
21
-3.9328454330708662
0
LINE
8
User.Drawings
6
CONTINUOUS
10
3.8135993700787401
20
-3.9328454330708662
11
3.812006062992126
21
-3.9415124015748031
0
LINE
8
User.Drawings
6
CONTINUOUS
10
3.812006062992126
20
-3.9415124015748031
11
3.8094779921259843
21
-3.9490933070866139
0
LINE
8
User.Drawings
6
CONTINUOUS
10
3.8094779921259843
20
-3.9490933070866139
11
3.8060683464566929
21
-3.9557351968503935
0
LINE
8
User.Drawings
6
CONTINUOUS
10
3.8060683464566929
20
-3.9557351968503935
11
3.8017824803149605
21
-3.9615561417322835
0
LINE
8
User.Drawings
6
CONTINUOUS
10
3.8017824803149605
20
-3.9615561417322835
11
3.7965778346456691
21
-3.9666398818897637
0
LINE
8
User.Drawings
6
CONTINUOUS
10
3.7965778346456691
20
-3.9666398818897637
11
3.7895061811023623
21
-3.9715373622047245
0
LINE
8
User.Drawings
6
CONTINUOUS
10
3.7895061811023623
20
-3.9715373622047245
11
3.7810044488188974
21
-3.9755402362204721
0
LINE
8
User.Drawings
6
CONTINUOUS
10
3.7810044488188974
20
-3.9755402362204721
11
3.7708312992125985
21
-3.9785876377952754
0
LINE
8
User.Drawings
6
CONTINUOUS
10
3.7708312992125985
20
-3.9785876377952754
11
3.7586981102362205
21
-3.9805549212598423
0
LINE
8
User.Drawings
6
CONTINUOUS
10
3.7586981102362205
20
-3.9805549212598423
11
3.7442771653543305
21
-3.9812598425196848
0
LINE
8
User.Drawings
6
CONTINUOUS
10
3.7442771653543305
20
-3.9812598425196848
11
3.7018846850393698
21
-3.9812598425196848
0
LINE
8
User.Drawings
6
CONTINUOUS
10
3.7018846850393698
20
-3.9812598425196848
11
3.7018846850393698
21
-3.9671043307086613
0
LINE
8
User.Drawings
6
CONTINUOUS
10
3.7018846850393698
20
-3.9671043307086613
11
3.7170969685039368
21
-3.9671043307086613
0
LINE
8
User.Drawings
6
CONTINUOUS
10
3.7170969685039368
20
-3.9671043307086613
11
3.7170969685039368
21
-3.8821174015748032
0
LINE
8
User.Drawings
6
CONTINUOUS
10
3.7170969685039368
20
-3.8821174015748032
11
3.7018846850393698
21
-3.8821174015748032
0
LINE
8
User.Drawings
6
CONTINUOUS
10
3.7018846850393698
20
-3.8821174015748032
11
3.7018846850393698
21
-3.8679619291338581
0
LINE
8
User.Drawings
6
CONTINUOUS
10
3.7018846850393698
20
-3.8679619291338581
11
3.7450310629921257
21
-3.8679619291338581
0
LINE
8
User.Drawings
6
CONTINUOUS
10
3.7450310629921257
20
-3.8679619291338581
11
3.7596415748031493
21
-3.8686107874015749
0
LINE
8
User.Drawings
6
CONTINUOUS
10
3.7342612992125983
20
-3.9671043307086613
11
3.7450310629921257
21
-3.9671043307086613
0
LINE
8
User.Drawings
6
CONTINUOUS
10
3.7450310629921257
20
-3.9671043307086613
11
3.7560182677165352
21
-3.9665831102362206
0
LINE
8
User.Drawings
6
CONTINUOUS
10
3.7560182677165352
20
-3.9665831102362206
11
3.7650672440944879
21
-3.9651431102362205
0
LINE
8
User.Drawings
6
CONTINUOUS
10
3.7650672440944879
20
-3.9651431102362205
11
3.7724736220472441
21
-3.9629392519685038
0
LINE
8
User.Drawings
6
CONTINUOUS
10
3.7724736220472441
20
-3.9629392519685038
11
3.778497874015748
21
-3.9600805511811021
0
LINE
8
User.Drawings
6
CONTINUOUS
10
3.778497874015748
20
-3.9600805511811021
11
3.7833579527559054
21
-3.9566239763779527
0
LINE
8
User.Drawings
6
CONTINUOUS
10
3.7833579527559054
20
-3.9566239763779527
11
3.7875059448818895
21
-3.9522366141732284
0
LINE
8
User.Drawings
6
CONTINUOUS
10
3.7875059448818895
20
-3.9522366141732284
11
3.790823464566929
21
-3.9469264173228344
0
LINE
8
User.Drawings
6
CONTINUOUS
10
3.790823464566929
20
-3.9469264173228344
11
3.7933152362204723
21
-3.9405392519685036
0
LINE
8
User.Drawings
6
CONTINUOUS
10
3.7933152362204723
20
-3.9405392519685036
11
3.7949144488188975
21
-3.9328691732283465
0
LINE
8
User.Drawings
6
CONTINUOUS
10
3.7949144488188975
20
-3.9328691732283465
11
3.7954874015748032
21
-3.9236685039370078
0
LINE
8
User.Drawings
6
CONTINUOUS
10
3.7954874015748032
20
-3.9236685039370078
11
3.7948544094488188
21
-3.9141508661417324
0
LINE
8
User.Drawings
6
CONTINUOUS
10
3.7948544094488188
20
-3.9141508661417324
11
3.7931059842519685
21
-3.9064179133858268
0
LINE
8
User.Drawings
6
CONTINUOUS
10
3.7931059842519685
20
-3.9064179133858268
11
3.7904053937007873
21
-3.9001500393700788
0
LINE
8
User.Drawings
6
CONTINUOUS
10
3.7904053937007873
20
-3.9001500393700788
11
3.7864419291338582
21
-3.8946941338582675
0
LINE
8
User.Drawings
6
CONTINUOUS
10
3.7864419291338582
20
-3.8946941338582675
11
3.7811436614173228
21
-3.8901884251968504
0
LINE
8
User.Drawings
6
CONTINUOUS
10
3.7811436614173228
20
-3.8901884251968504
11
3.7742844094488186
21
-3.8865868897637794
0
LINE
8
User.Drawings
6
CONTINUOUS
10
3.7742844094488186
20
-3.8865868897637794
11
3.7667865748031497
21
-3.8842497244094489
0
LINE
8
User.Drawings
6
CONTINUOUS
10
3.7667865748031497
20
-3.8842497244094489
11
3.757229251968504
21
-3.8826914960629919
0
LINE
8
User.Drawings
6
CONTINUOUS
10
3.757229251968504
20
-3.8826914960629919
11
3.7451791338582678
21
-3.8821174015748032
0
LINE
8
User.Drawings
6
CONTINUOUS
10
3.7451791338582678
20
-3.8821174015748032
11
3.7342612992125983
21
-3.8821174015748032
0
LINE
8
User.Drawings
6
CONTINUOUS
10
3.7342612992125983
20
-3.8821174015748032
11
3.7342612992125983
21
-3.9671043307086613
0
LINE
8
User.Drawings
6
CONTINUOUS
10
4.4596415748031495
20
-3.8686107874015749
11
4.4718162992125983
21
-3.8704114960629918
0
LINE
8
User.Drawings
6
CONTINUOUS
10
4.4718162992125983
20
-3.8704114960629918
11
4.4819052362204728
21
-3.8731782677165354
0
LINE
8
User.Drawings
6
CONTINUOUS
10
4.4819052362204728
20
-3.8731782677165354
11
4.4902203937007874
21
-3.8767748425196848
0
LINE
8
User.Drawings
6
CONTINUOUS
10
4.4902203937007874
20
-3.8767748425196848
11
4.4970288188976379
21
-3.881121220472441
0
LINE
8
User.Drawings
6
CONTINUOUS
10
4.4970288188976379
20
-3.881121220472441
11
4.5020620866141732
21
-3.8857158661417324
0
LINE
8
User.Drawings
6
CONTINUOUS
10
4.5020620866141732
20
-3.8857158661417324
11
4.5062199999999999
21
-3.8910971653543305
0
LINE
8
User.Drawings
6
CONTINUOUS
10
4.5062199999999999
20
-3.8910971653543305
11
4.5095448818897639
21
-3.8973583464566928
0
LINE
8
User.Drawings
6
CONTINUOUS
10
4.5095448818897639
20
-3.8973583464566928
11
4.5120264173228346
21
-3.9046329921259844
0
LINE
8
User.Drawings
6
CONTINUOUS
10
4.5120264173228346
20
-3.9046329921259844
11
4.5136018897637795
21
-3.9130887795275591
0
LINE
8
User.Drawings
6
CONTINUOUS
10
4.5136018897637795
20
-3.9130887795275591
11
4.5141594881889766
21
-3.9229213779527559
0
LINE
8
User.Drawings
6
CONTINUOUS
10
4.5141594881889766
20
-3.9229213779527559
11
4.5135993700787402
21
-3.9328454330708662
0
LINE
8
User.Drawings
6
CONTINUOUS
10
4.5135993700787402
20
-3.9328454330708662
11
4.5120060629921257
21
-3.9415124015748031
0
LINE
8
User.Drawings
6
CONTINUOUS
10
4.5120060629921257
20
-3.9415124015748031
11
4.5094779921259844
21
-3.9490933070866139
0
LINE
8
User.Drawings
6
CONTINUOUS
10
4.5094779921259844
20
-3.9490933070866139
11
4.5060683464566926
21
-3.9557351968503935
0
LINE
8
User.Drawings
6
CONTINUOUS
10
4.5060683464566926
20
-3.9557351968503935
11
4.5017824803149606
21
-3.9615561417322835
0
LINE
8
User.Drawings
6
CONTINUOUS
10
4.5017824803149606
20
-3.9615561417322835
11
4.4965778346456693
21
-3.9666398818897637
0
LINE
8
User.Drawings
6
CONTINUOUS
10
4.4965778346456693
20
-3.9666398818897637
11
4.489506181102362
21
-3.9715373622047245
0
LINE
8
User.Drawings
6
CONTINUOUS
10
4.489506181102362
20
-3.9715373622047245
11
4.4810044488188971
21
-3.9755402362204721
0
LINE
8
User.Drawings
6
CONTINUOUS
10
4.4810044488188971
20
-3.9755402362204721
11
4.4708312992125983
21
-3.9785876377952754
0
LINE
8
User.Drawings
6
CONTINUOUS
10
4.4708312992125983
20
-3.9785876377952754
11
4.4586981102362202
21
-3.9805549212598423
0
LINE
8
User.Drawings
6
CONTINUOUS
10
4.4586981102362202
20
-3.9805549212598423
11
4.4442771653543307
21
-3.9812598425196848
0
LINE
8
User.Drawings
6
CONTINUOUS
10
4.4442771653543307
20
-3.9812598425196848
11
4.40188468503937
21
-3.9812598425196848
0
LINE
8
User.Drawings
6
CONTINUOUS
10
4.40188468503937
20
-3.9812598425196848
11
4.40188468503937
21
-3.9671043307086613
0
LINE
8
User.Drawings
6
CONTINUOUS
10
4.40188468503937
20
-3.9671043307086613
11
4.4170969685039365
21
-3.9671043307086613
0
LINE
8
User.Drawings
6
CONTINUOUS
10
4.4170969685039365
20
-3.9671043307086613
11
4.4170969685039365
21
-3.8821174015748032
0
LINE
8
User.Drawings
6
CONTINUOUS
10
4.4170969685039365
20
-3.8821174015748032
11
4.40188468503937
21
-3.8821174015748032
0
LINE
8
User.Drawings
6
CONTINUOUS
10
4.40188468503937
20
-3.8821174015748032
11
4.40188468503937
21
-3.8679619291338581
0
LINE
8
User.Drawings
6
CONTINUOUS
10
4.40188468503937
20
-3.8679619291338581
11
4.4450310629921255
21
-3.8679619291338581
0
LINE
8
User.Drawings
6
CONTINUOUS
10
4.4450310629921255
20
-3.8679619291338581
11
4.4596415748031495
21
-3.8686107874015749
0
LINE
8
User.Drawings
6
CONTINUOUS
10
4.434261299212598
20
-3.9671043307086613
11
4.4450310629921255
21
-3.9671043307086613
0
LINE
8
User.Drawings
6
CONTINUOUS
10
4.4450310629921255
20
-3.9671043307086613
11
4.4560182677165354
21
-3.9665831102362206
0
LINE
8
User.Drawings
6
CONTINUOUS
10
4.4560182677165354
20
-3.9665831102362206
11
4.4650672440944881
21
-3.9651431102362205
0
LINE
8
User.Drawings
6
CONTINUOUS
10
4.4650672440944881
20
-3.9651431102362205
11
4.4724736220472439
21
-3.9629392519685038
0
LINE
8
User.Drawings
6
CONTINUOUS
10
4.4724736220472439
20
-3.9629392519685038
11
4.4784978740157477
21
-3.9600805511811021
0
LINE
8
User.Drawings
6
CONTINUOUS
10
4.4784978740157477
20
-3.9600805511811021
11
4.4833579527559051
21
-3.9566239763779527
0
LINE
8
User.Drawings
6
CONTINUOUS
10
4.4833579527559051
20
-3.9566239763779527
11
4.4875059448818897
21
-3.9522366141732284
0
LINE
8
User.Drawings
6
CONTINUOUS
10
4.4875059448818897
20
-3.9522366141732284
11
4.4908234645669287
21
-3.9469264173228344
0
LINE
8
User.Drawings
6
CONTINUOUS
10
4.4908234645669287
20
-3.9469264173228344
11
4.4933152362204725
21
-3.9405392519685036
0
LINE
8
User.Drawings
6
CONTINUOUS
10
4.4933152362204725
20
-3.9405392519685036
11
4.4949144488188972
21
-3.9328691732283465
0
LINE
8
User.Drawings
6
CONTINUOUS
10
4.4949144488188972
20
-3.9328691732283465
11
4.4954874015748034
21
-3.9236685039370078
0
LINE
8
User.Drawings
6
CONTINUOUS
10
4.4954874015748034
20
-3.9236685039370078
11
4.494854409448819
21
-3.9141508661417324
0
LINE
8
User.Drawings
6
CONTINUOUS
10
4.494854409448819
20
-3.9141508661417324
11
4.4931059842519687
21
-3.9064179133858268
0
LINE
8
User.Drawings
6
CONTINUOUS
10
4.4931059842519687
20
-3.9064179133858268
11
4.4904053937007875
21
-3.9001500393700788
0
LINE
8
User.Drawings
6
CONTINUOUS
10
4.4904053937007875
20
-3.9001500393700788
11
4.486441929133858
21
-3.8946941338582675
0
LINE
8
User.Drawings
6
CONTINUOUS
10
4.486441929133858
20
-3.8946941338582675
11
4.481143661417323
21
-3.8901884251968504
0
LINE
8
User.Drawings
6
CONTINUOUS
10
4.481143661417323
20
-3.8901884251968504
11
4.4742844094488188
21
-3.8865868897637794
0
LINE
8
User.Drawings
6
CONTINUOUS
10
4.4742844094488188
20
-3.8865868897637794
11
4.4667865748031499
21
-3.8842497244094489
0
LINE
8
User.Drawings
6
CONTINUOUS
10
4.4667865748031499
20
-3.8842497244094489
11
4.4572292519685037
21
-3.8826914960629919
0
LINE
8
User.Drawings
6
CONTINUOUS
10
4.4572292519685037
20
-3.8826914960629919
11
4.445179133858268
21
-3.8821174015748032
0
LINE
8
User.Drawings
6
CONTINUOUS
10
4.445179133858268
20
-3.8821174015748032
11
4.434261299212598
21
-3.8821174015748032
0
LINE
8
User.Drawings
6
CONTINUOUS
10
4.434261299212598
20
-3.8821174015748032
11
4.434261299212598
21
-3.9671043307086613
0
LINE
8
User.Drawings
6
CONTINUOUS
10
4.5743249212598425
20
-3.8663358661417324
11
4.5806298031496064
21
-3.8678159448818898
0
LINE
8
User.Drawings
6
CONTINUOUS
10
4.5806298031496064
20
-3.8678159448818898
11
4.5859197637795273
21
-3.8701427952755902
0
LINE
8
User.Drawings
6
CONTINUOUS
10
4.5859197637795273
20
-3.8701427952755902
11
4.5906923622047247
21
-3.8733979921259842
0
LINE
8
User.Drawings
6
CONTINUOUS
10
4.5906923622047247
20
-3.8733979921259842
11
4.5944838582677168
21
-3.8771668110236219
0
LINE
8
User.Drawings
6
CONTINUOUS
10
4.5944838582677168
20
-3.8771668110236219
11
4.5974029921259838
21
-3.8814846850393701
0
LINE
8
User.Drawings
6
CONTINUOUS
10
4.5974029921259838
20
-3.8814846850393701
11
4.5995111811023621
21
-3.8862771653543304
0
LINE
8
User.Drawings
6
CONTINUOUS
10
4.5995111811023621
20
-3.8862771653543304
11
4.6007774015748026
21
-3.891328464566929
0
LINE
8
User.Drawings
6
CONTINUOUS
10
4.6007774015748026
20
-3.891328464566929
11
4.6012061023622044
21
-3.896710433070866
0
LINE
8
User.Drawings
6
CONTINUOUS
10
4.6012061023622044
20
-3.896710433070866
11
4.6006442519685038
21
-3.9029407480314959
0
LINE
8
User.Drawings
6
CONTINUOUS
10
4.6006442519685038
20
-3.9029407480314959
11
4.5990168897637798
21
-3.9084733070866142
0
LINE
8
User.Drawings
6
CONTINUOUS
10
4.5990168897637798
20
-3.9084733070866142
11
4.5963462204724408
21
-3.9134439763779527
0
LINE
8
User.Drawings
6
CONTINUOUS
10
4.5963462204724408
20
-3.9134439763779527
11
4.5927587401574801
21
-3.9179148031496061
0
LINE
8
User.Drawings
6
CONTINUOUS
10
4.5927587401574801
20
-3.9179148031496061
11
4.5872044094488187
21
-3.9232840157480315
0
LINE
8
User.Drawings
6
CONTINUOUS
10
4.5872044094488187
20
-3.9232840157480315
11
4.5791415354330711
21
-3.9297197637795276
0
LINE
8
User.Drawings
6
CONTINUOUS
10
4.5791415354330711
20
-3.9297197637795276
11
4.5719190551181104
21
-3.9351450393700786
0
LINE
8
User.Drawings
6
CONTINUOUS
10
4.5719190551181104
20
-3.9351450393700786
11
4.5580933858267718
21
-3.9461503937007874
0
LINE
8
User.Drawings
6
CONTINUOUS
10
4.5580933858267718
20
-3.9461503937007874
11
4.5535673622047241
21
-3.9506182283464568
0
LINE
8
User.Drawings
6
CONTINUOUS
10
4.5535673622047241
20
-3.9506182283464568
11
4.5497737401574803
21
-3.9554931496062991
0
LINE
8
User.Drawings
6
CONTINUOUS
10
4.5497737401574803
20
-3.9554931496062991
11
4.5468719685039369
21
-3.9608875590551178
0
LINE
8
User.Drawings
6
CONTINUOUS
10
4.5468719685039369
20
-3.9608875590551178
11
4.5450350393700782
21
-3.9669494881889764
0
LINE
8
User.Drawings
6
CONTINUOUS
10
4.5450350393700782
20
-3.9669494881889764
11
4.5877304330708659
21
-3.9669494881889764
0
LINE
8
User.Drawings
6
CONTINUOUS
10
4.5877304330708659
20
-3.9669494881889764
11
4.5884102755905509
21
-3.9407655118110236
0
LINE
8
User.Drawings
6
CONTINUOUS
10
4.5884102755905509
20
-3.9407655118110236
11
4.6021147637795279
21
-3.9407655118110236
0
LINE
8
User.Drawings
6
CONTINUOUS
10
4.6021147637795279
20
-3.9407655118110236
11
4.6012061023622044
21
-3.9812598425196848
0
LINE
8
User.Drawings
6
CONTINUOUS
10
4.6012061023622044
20
-3.9812598425196848
11
4.5285438188976377
21
-3.9812598425196848
0
LINE
8
User.Drawings
6
CONTINUOUS
10
4.5285438188976377
20
-3.9812598425196848
11
4.529182440944882
21
-3.9721062204724409
0
LINE
8
User.Drawings
6
CONTINUOUS
10
4.529182440944882
20
-3.9721062204724409
11
4.5308057480314963
21
-3.9641362204724411
0
LINE
8
User.Drawings
6
CONTINUOUS
10
4.5308057480314963
20
-3.9641362204724411
11
4.5333229133858266
21
-3.9571826771653544
0
LINE
8
User.Drawings
6
CONTINUOUS
10
4.5333229133858266
20
-3.9571826771653544
11
4.5367267716535435
21
-3.9505632677165354
0
LINE
8
User.Drawings
6
CONTINUOUS
10
4.5367267716535435
20
-3.9505632677165354
11
4.5404087795275592
21
-3.9449865748031496
0
LINE
8
User.Drawings
6
CONTINUOUS
10
4.5404087795275592
20
-3.9449865748031496
11
4.5443551968503932
21
-3.9403347244094489
0
LINE
8
User.Drawings
6
CONTINUOUS
10
4.5443551968503932
20
-3.9403347244094489
11
4.5511949212598424
21
-3.9338418110236217
0
LINE
8
User.Drawings
6
CONTINUOUS
10
4.5511949212598424
20
-3.9338418110236217
11
4.5597155511811023
21
-3.9269196456692912
0
LINE
8
User.Drawings
6
CONTINUOUS
10
4.5597155511811023
20
-3.9269196456692912
11
4.5709362992125984
21
-3.9184048031496062
0
LINE
8
User.Drawings
6
CONTINUOUS
10
4.5709362992125984
20
-3.9184048031496062
11
4.5779056299212595
21
-3.9126206299212596
0
LINE
8
User.Drawings
6
CONTINUOUS
10
4.5779056299212595
20
-3.9126206299212596
11
4.5817801181102364
21
-3.9080388976377951
0
LINE
8
User.Drawings
6
CONTINUOUS
10
4.5817801181102364
20
-3.9080388976377951
11
4.5840841732283462
21
-3.9030427559055116
0
LINE
8
User.Drawings
6
CONTINUOUS
10
4.5840841732283462
20
-3.9030427559055116
11
4.5848696850393695
21
-3.8972960629921261
0
LINE
8
User.Drawings
6
CONTINUOUS
10
4.5848696850393695
20
-3.8972960629921261
11
4.5842729527559056
21
-3.8918245275590548
0
LINE
8
User.Drawings
6
CONTINUOUS
10
4.5842729527559056
20
-3.8918245275590548
11
4.5826080314960631
21
-3.8874755118110236
0
LINE
8
User.Drawings
6
CONTINUOUS
10
4.5826080314960631
20
-3.8874755118110236
11
4.5799357874015749
21
-3.8839953937007872
0
LINE
8
User.Drawings
6
CONTINUOUS
10
4.5799357874015749
20
-3.8839953937007872
11
4.5763737795275592
21
-3.8814102755905511
0
LINE
8
User.Drawings
6
CONTINUOUS
10
4.5763737795275592
20
-3.8814102755905511
11
4.5719275590551183
21
-3.8797909448818895
0
LINE
8
User.Drawings
6
CONTINUOUS
10
4.5719275590551183
20
-3.8797909448818895
11
4.5663457086614176
21
-3.8792095669291338
0
LINE
8
User.Drawings
6
CONTINUOUS
10
4.5663457086614176
20
-3.8792095669291338
11
4.5607942913385822
21
-3.879696023622047
0
LINE
8
User.Drawings
6
CONTINUOUS
10
4.5607942913385822
20
-3.879696023622047
11
4.5565331496062988
21
-3.8810189763779528
0
LINE
8
User.Drawings
6
CONTINUOUS
10
4.5565331496062988
20
-3.8810189763779528
11
4.5532773228346457
21
-3.8830576377952757
0
LINE
8
User.Drawings
6
CONTINUOUS
10
4.5532773228346457
20
-3.8830576377952757
11
4.5508305118110233
21
-3.8858127952755903
0
LINE
8
User.Drawings
6
CONTINUOUS
10
4.5508305118110233
20
-3.8858127952755903
11
4.548595433070866
21
-3.8904514173228346
0
LINE
8
User.Drawings
6
CONTINUOUS
10
4.548595433070866
20
-3.8904514173228346
11
4.5470529527559052
21
-3.8970758267716534
0
LINE
8
User.Drawings
6
CONTINUOUS
10
4.5470529527559052
20
-3.8970758267716534
11
4.546462047244094
21
-3.9063090157480316
0
LINE
8
User.Drawings
6
CONTINUOUS
10
4.546462047244094
20
-3.9063090157480316
11
4.546462047244094
21
-3.9101793700787399
0
LINE
8
User.Drawings
6
CONTINUOUS
10
4.546462047244094
20
-3.9101793700787399
11
4.5314785826771651
21
-3.9101793700787399
0
LINE
8
User.Drawings
6
CONTINUOUS
10
4.5314785826771651
20
-3.9101793700787399
11
4.5314785826771651
21
-3.9057907086614172
0
LINE
8
User.Drawings
6
CONTINUOUS
10
4.5314785826771651
20
-3.9057907086614172
11
4.5320538582677168
21
-3.8965720078740156
0
LINE
8
User.Drawings
6
CONTINUOUS
10
4.5320538582677168
20
-3.8965720078740156
11
4.5336562992125984
21
-3.8889178346456692
0
LINE
8
User.Drawings
6
CONTINUOUS
10
4.5336562992125984
20
-3.8889178346456692
11
4.5361483858267713
21
-3.8825709842519682
0
LINE
8
User.Drawings
6
CONTINUOUS
10
4.5361483858267713
20
-3.8825709842519682
11
4.5394616929133855
21
-3.8773181496062992
0
LINE
8
User.Drawings
6
CONTINUOUS
10
4.5394616929133855
20
-3.8773181496062992
11
4.5429175590551178
21
-3.8736856299212596
0
LINE
8
User.Drawings
6
CONTINUOUS
10
4.5429175590551178
20
-3.8736856299212596
11
4.5467193700787405
21
-3.8708012992125984
0
LINE
8
User.Drawings
6
CONTINUOUS
10
4.5467193700787405
20
-3.8708012992125984
11
4.5509045669291339
21
-3.8686081102362202
0
LINE
8
User.Drawings
6
CONTINUOUS
10
4.5509045669291339
20
-3.8686081102362202
11
4.557936377952756
21
-3.8665540157480316
0
LINE
8
User.Drawings
6
CONTINUOUS
10
4.557936377952756
20
-3.8665540157480316
11
4.5667966929133854
21
-3.8658079527559055
0
LINE
8
User.Drawings
6
CONTINUOUS
10
4.5667966929133854
20
-3.8658079527559055
11
4.5743249212598425
21
-3.8663358661417324
0
LINE
8
User.Drawings
6
CONTINUOUS
10
5.1596415748031497
20
-3.8686107874015749
11
5.1718162992125984
21
-3.8704114960629918
0
LINE
8
User.Drawings
6
CONTINUOUS
10
5.1718162992125984
20
-3.8704114960629918
11
5.1819052362204721
21
-3.8731782677165354
0
LINE
8
User.Drawings
6
CONTINUOUS
10
5.1819052362204721
20
-3.8731782677165354
11
5.1902203937007876
21
-3.8767748425196848
0
LINE
8
User.Drawings
6
CONTINUOUS
10
5.1902203937007876
20
-3.8767748425196848
11
5.1970288188976372
21
-3.881121220472441
0
LINE
8
User.Drawings
6
CONTINUOUS
10
5.1970288188976372
20
-3.881121220472441
11
5.2020620866141734
21
-3.8857158661417324
0
LINE
8
User.Drawings
6
CONTINUOUS
10
5.2020620866141734
20
-3.8857158661417324
11
5.2062200000000001
21
-3.8910971653543305
0
LINE
8
User.Drawings
6
CONTINUOUS
10
5.2062200000000001
20
-3.8910971653543305
11
5.2095448818897641
21
-3.8973583464566928
0
LINE
8
User.Drawings
6
CONTINUOUS
10
5.2095448818897641
20
-3.8973583464566928
11
5.2120264173228348
21
-3.9046329921259844
0
LINE
8
User.Drawings
6
CONTINUOUS
10
5.2120264173228348
20
-3.9046329921259844
11
5.2136018897637797
21
-3.9130887795275591
0
LINE
8
User.Drawings
6
CONTINUOUS
10
5.2136018897637797
20
-3.9130887795275591
11
5.2141594881889759
21
-3.9229213779527559
0
LINE
8
User.Drawings
6
CONTINUOUS
10
5.2141594881889759
20
-3.9229213779527559
11
5.2135993700787404
21
-3.9328454330708662
0
LINE
8
User.Drawings
6
CONTINUOUS
10
5.2135993700787404
20
-3.9328454330708662
11
5.2120060629921259
21
-3.9415124015748031
0
LINE
8
User.Drawings
6
CONTINUOUS
10
5.2120060629921259
20
-3.9415124015748031
11
5.2094779921259837
21
-3.9490933070866139
0
LINE
8
User.Drawings
6
CONTINUOUS
10
5.2094779921259837
20
-3.9490933070866139
11
5.2060683464566928
21
-3.9557351968503935
0
LINE
8
User.Drawings
6
CONTINUOUS
10
5.2060683464566928
20
-3.9557351968503935
11
5.2017824803149608
21
-3.9615561417322835
0
LINE
8
User.Drawings
6
CONTINUOUS
10
5.2017824803149608
20
-3.9615561417322835
11
5.1965778346456695
21
-3.9666398818897637
0
LINE
8
User.Drawings
6
CONTINUOUS
10
5.1965778346456695
20
-3.9666398818897637
11
5.1895061811023622
21
-3.9715373622047245
0
LINE
8
User.Drawings
6
CONTINUOUS
10
5.1895061811023622
20
-3.9715373622047245
11
5.1810044488188973
21
-3.9755402362204721
0
LINE
8
User.Drawings
6
CONTINUOUS
10
5.1810044488188973
20
-3.9755402362204721
11
5.1708312992125984
21
-3.9785876377952754
0
LINE
8
User.Drawings
6
CONTINUOUS
10
5.1708312992125984
20
-3.9785876377952754
11
5.1586981102362204
21
-3.9805549212598423
0
LINE
8
User.Drawings
6
CONTINUOUS
10
5.1586981102362204
20
-3.9805549212598423
11
5.1442771653543309
21
-3.9812598425196848
0
LINE
8
User.Drawings
6
CONTINUOUS
10
5.1442771653543309
20
-3.9812598425196848
11
5.1018846850393702
21
-3.9812598425196848
0
LINE
8
User.Drawings
6
CONTINUOUS
10
5.1018846850393702
20
-3.9812598425196848
11
5.1018846850393702
21
-3.9671043307086613
0
LINE
8
User.Drawings
6
CONTINUOUS
10
5.1018846850393702
20
-3.9671043307086613
11
5.1170969685039367
21
-3.9671043307086613
0
LINE
8
User.Drawings
6
CONTINUOUS
10
5.1170969685039367
20
-3.9671043307086613
11
5.1170969685039367
21
-3.8821174015748032
0
LINE
8
User.Drawings
6
CONTINUOUS
10
5.1170969685039367
20
-3.8821174015748032
11
5.1018846850393702
21
-3.8821174015748032
0
LINE
8
User.Drawings
6
CONTINUOUS
10
5.1018846850393702
20
-3.8821174015748032
11
5.1018846850393702
21
-3.8679619291338581
0
LINE
8
User.Drawings
6
CONTINUOUS
10
5.1018846850393702
20
-3.8679619291338581
11
5.1450310629921256
21
-3.8679619291338581
0
LINE
8
User.Drawings
6
CONTINUOUS
10
5.1450310629921256
20
-3.8679619291338581
11
5.1596415748031497
21
-3.8686107874015749
0
LINE
8
User.Drawings
6
CONTINUOUS
10
5.1342612992125982
20
-3.9671043307086613
11
5.1450310629921256
21
-3.9671043307086613
0
LINE
8
User.Drawings
6
CONTINUOUS
10
5.1450310629921256
20
-3.9671043307086613
11
5.1560182677165356
21
-3.9665831102362206
0
LINE
8
User.Drawings
6
CONTINUOUS
10
5.1560182677165356
20
-3.9665831102362206
11
5.1650672440944883
21
-3.9651431102362205
0
LINE
8
User.Drawings
6
CONTINUOUS
10
5.1650672440944883
20
-3.9651431102362205
11
5.172473622047244
21
-3.9629392519685038
0
LINE
8
User.Drawings
6
CONTINUOUS
10
5.172473622047244
20
-3.9629392519685038
11
5.1784978740157479
21
-3.9600805511811021
0
LINE
8
User.Drawings
6
CONTINUOUS
10
5.1784978740157479
20
-3.9600805511811021
11
5.1833579527559053
21
-3.9566239763779527
0
LINE
8
User.Drawings
6
CONTINUOUS
10
5.1833579527559053
20
-3.9566239763779527
11
5.1875059448818899
21
-3.9522366141732284
0
LINE
8
User.Drawings
6
CONTINUOUS
10
5.1875059448818899
20
-3.9522366141732284
11
5.1908234645669289
21
-3.9469264173228344
0
LINE
8
User.Drawings
6
CONTINUOUS
10
5.1908234645669289
20
-3.9469264173228344
11
5.1933152362204726
21
-3.9405392519685036
0
LINE
8
User.Drawings
6
CONTINUOUS
10
5.1933152362204726
20
-3.9405392519685036
11
5.1949144488188974
21
-3.9328691732283465
0
LINE
8
User.Drawings
6
CONTINUOUS
10
5.1949144488188974
20
-3.9328691732283465
11
5.1954874015748027
21
-3.9236685039370078
0
LINE
8
User.Drawings
6
CONTINUOUS
10
5.1954874015748027
20
-3.9236685039370078
11
5.1948544094488192
21
-3.9141508661417324
0
LINE
8
User.Drawings
6
CONTINUOUS
10
5.1948544094488192
20
-3.9141508661417324
11
5.193105984251968
21
-3.9064179133858268
0
LINE
8
User.Drawings
6
CONTINUOUS
10
5.193105984251968
20
-3.9064179133858268
11
5.1904053937007877
21
-3.9001500393700788
0
LINE
8
User.Drawings
6
CONTINUOUS
10
5.1904053937007877
20
-3.9001500393700788
11
5.1864419291338582
21
-3.8946941338582675
0
LINE
8
User.Drawings
6
CONTINUOUS
10
5.1864419291338582
20
-3.8946941338582675
11
5.1811436614173223
21
-3.8901884251968504
0
LINE
8
User.Drawings
6
CONTINUOUS
10
5.1811436614173223
20
-3.8901884251968504
11
5.174284409448819
21
-3.8865868897637794
0
LINE
8
User.Drawings
6
CONTINUOUS
10
5.174284409448819
20
-3.8865868897637794
11
5.1667865748031492
21
-3.8842497244094489
0
LINE
8
User.Drawings
6
CONTINUOUS
10
5.1667865748031492
20
-3.8842497244094489
11
5.1572292519685039
21
-3.8826914960629919
0
LINE
8
User.Drawings
6
CONTINUOUS
10
5.1572292519685039
20
-3.8826914960629919
11
5.1451791338582673
21
-3.8821174015748032
0
LINE
8
User.Drawings
6
CONTINUOUS
10
5.1451791338582673
20
-3.8821174015748032
11
5.1342612992125982
21
-3.8821174015748032
0
LINE
8
User.Drawings
6
CONTINUOUS
10
5.1342612992125982
20
-3.8821174015748032
11
5.1342612992125982
21
-3.9671043307086613
0
LINE
8
User.Drawings
6
CONTINUOUS
10
5.2771087401574803
20
-3.9674004724409446
11
5.2917959842519684
21
-3.9674004724409446
0
LINE
8
User.Drawings
6
CONTINUOUS
10
5.2917959842519684
20
-3.9674004724409446
11
5.2917959842519684
21
-3.9812598425196848
0
LINE
8
User.Drawings
6
CONTINUOUS
10
5.2917959842519684
20
-3.9812598425196848
11
5.2459370078740157
21
-3.9812598425196848
0
LINE
8
User.Drawings
6
CONTINUOUS
10
5.2459370078740157
20
-3.9812598425196848
11
5.2459370078740157
21
-3.9674004724409446
0
LINE
8
User.Drawings
6
CONTINUOUS
10
5.2459370078740157
20
-3.9674004724409446
11
5.2615262204724411
21
-3.9674004724409446
0
LINE
8
User.Drawings
6
CONTINUOUS
10
5.2615262204724411
20
-3.9674004724409446
11
5.2615262204724411
21
-3.8815183464566929
0
LINE
8
User.Drawings
6
CONTINUOUS
10
5.2615262204724411
20
-3.8815183464566929
11
5.2459370078740157
21
-3.8815183464566929
0
LINE
8
User.Drawings
6
CONTINUOUS
10
5.2459370078740157
20
-3.8815183464566929
11
5.2459370078740157
21
-3.8679619291338581
0
LINE
8
User.Drawings
6
CONTINUOUS
10
5.2459370078740157
20
-3.8679619291338581
11
5.2771087401574803
21
-3.8679619291338581
0
LINE
8
User.Drawings
6
CONTINUOUS
10
5.2771087401574803
20
-3.8679619291338581
11
5.2771087401574803
21
-3.9674004724409446
0
LINE
8
User.Drawings
6
CONTINUOUS
10
5.8596415748031498
20
-3.8686107874015749
11
5.8718162992125986
21
-3.8704114960629918
0
LINE
8
User.Drawings
6
CONTINUOUS
10
5.8718162992125986
20
-3.8704114960629918
11
5.8819052362204722
21
-3.8731782677165354
0
LINE
8
User.Drawings
6
CONTINUOUS
10
5.8819052362204722
20
-3.8731782677165354
11
5.8902203937007869
21
-3.8767748425196848
0
LINE
8
User.Drawings
6
CONTINUOUS
10
5.8902203937007869
20
-3.8767748425196848
11
5.8970288188976374
21
-3.881121220472441
0
LINE
8
User.Drawings
6
CONTINUOUS
10
5.8970288188976374
20
-3.881121220472441
11
5.9020620866141735
21
-3.8857158661417324
0
LINE
8
User.Drawings
6
CONTINUOUS
10
5.9020620866141735
20
-3.8857158661417324
11
5.9062200000000002
21
-3.8910971653543305
0
LINE
8
User.Drawings
6
CONTINUOUS
10
5.9062200000000002
20
-3.8910971653543305
11
5.9095448818897633
21
-3.8973583464566928
0
LINE
8
User.Drawings
6
CONTINUOUS
10
5.9095448818897633
20
-3.8973583464566928
11
5.9120264173228341
21
-3.9046329921259844
0
LINE
8
User.Drawings
6
CONTINUOUS
10
5.9120264173228341
20
-3.9046329921259844
11
5.913601889763779
21
-3.9130887795275591
0
LINE
8
User.Drawings
6
CONTINUOUS
10
5.913601889763779
20
-3.9130887795275591
11
5.9141594881889761
21
-3.9229213779527559
0
LINE
8
User.Drawings
6
CONTINUOUS
10
5.9141594881889761
20
-3.9229213779527559
11
5.9135993700787397
21
-3.9328454330708662
0
LINE
8
User.Drawings
6
CONTINUOUS
10
5.9135993700787397
20
-3.9328454330708662
11
5.9120060629921261
21
-3.9415124015748031
0
LINE
8
User.Drawings
6
CONTINUOUS
10
5.9120060629921261
20
-3.9415124015748031
11
5.9094779921259839
21
-3.9490933070866139
0
LINE
8
User.Drawings
6
CONTINUOUS
10
5.9094779921259839
20
-3.9490933070866139
11
5.906068346456693
21
-3.9557351968503935
0
LINE
8
User.Drawings
6
CONTINUOUS
10
5.906068346456693
20
-3.9557351968503935
11
5.9017824803149601
21
-3.9615561417322835
0
LINE
8
User.Drawings
6
CONTINUOUS
10
5.9017824803149601
20
-3.9615561417322835
11
5.8965778346456688
21
-3.9666398818897637
0
LINE
8
User.Drawings
6
CONTINUOUS
10
5.8965778346456688
20
-3.9666398818897637
11
5.8895061811023623
21
-3.9715373622047245
0
LINE
8
User.Drawings
6
CONTINUOUS
10
5.8895061811023623
20
-3.9715373622047245
11
5.8810044488188975
21
-3.9755402362204721
0
LINE
8
User.Drawings
6
CONTINUOUS
10
5.8810044488188975
20
-3.9755402362204721
11
5.8708312992125986
21
-3.9785876377952754
0
LINE
8
User.Drawings
6
CONTINUOUS
10
5.8708312992125986
20
-3.9785876377952754
11
5.8586981102362206
21
-3.9805549212598423
0
LINE
8
User.Drawings
6
CONTINUOUS
10
5.8586981102362206
20
-3.9805549212598423
11
5.8442771653543302
21
-3.9812598425196848
0
LINE
8
User.Drawings
6
CONTINUOUS
10
5.8442771653543302
20
-3.9812598425196848
11
5.8018846850393704
21
-3.9812598425196848
0
LINE
8
User.Drawings
6
CONTINUOUS
10
5.8018846850393704
20
-3.9812598425196848
11
5.8018846850393704
21
-3.9671043307086613
0
LINE
8
User.Drawings
6
CONTINUOUS
10
5.8018846850393704
20
-3.9671043307086613
11
5.8170969685039369
21
-3.9671043307086613
0
LINE
8
User.Drawings
6
CONTINUOUS
10
5.8170969685039369
20
-3.9671043307086613
11
5.8170969685039369
21
-3.8821174015748032
0
LINE
8
User.Drawings
6
CONTINUOUS
10
5.8170969685039369
20
-3.8821174015748032
11
5.8018846850393704
21
-3.8821174015748032
0
LINE
8
User.Drawings
6
CONTINUOUS
10
5.8018846850393704
20
-3.8821174015748032
11
5.8018846850393704
21
-3.8679619291338581
0
LINE
8
User.Drawings
6
CONTINUOUS
10
5.8018846850393704
20
-3.8679619291338581
11
5.8450310629921258
21
-3.8679619291338581
0
LINE
8
User.Drawings
6
CONTINUOUS
10
5.8450310629921258
20
-3.8679619291338581
11
5.8596415748031498
21
-3.8686107874015749
0
LINE
8
User.Drawings
6
CONTINUOUS
10
5.8342612992125984
20
-3.9671043307086613
11
5.8450310629921258
21
-3.9671043307086613
0
LINE
8
User.Drawings
6
CONTINUOUS
10
5.8450310629921258
20
-3.9671043307086613
11
5.8560182677165349
21
-3.9665831102362206
0
LINE
8
User.Drawings
6
CONTINUOUS
10
5.8560182677165349
20
-3.9665831102362206
11
5.8650672440944884
21
-3.9651431102362205
0
LINE
8
User.Drawings
6
CONTINUOUS
10
5.8650672440944884
20
-3.9651431102362205
11
5.8724736220472442
21
-3.9629392519685038
0
LINE
8
User.Drawings
6
CONTINUOUS
10
5.8724736220472442
20
-3.9629392519685038
11
5.8784978740157481
21
-3.9600805511811021
0
LINE
8
User.Drawings
6
CONTINUOUS
10
5.8784978740157481
20
-3.9600805511811021
11
5.8833579527559055
21
-3.9566239763779527
0
LINE
8
User.Drawings
6
CONTINUOUS
10
5.8833579527559055
20
-3.9566239763779527
11
5.8875059448818901
21
-3.9522366141732284
0
LINE
8
User.Drawings
6
CONTINUOUS
10
5.8875059448818901
20
-3.9522366141732284
11
5.8908234645669291
21
-3.9469264173228344
0
LINE
8
User.Drawings
6
CONTINUOUS
10
5.8908234645669291
20
-3.9469264173228344
11
5.8933152362204719
21
-3.9405392519685036
0
LINE
8
User.Drawings
6
CONTINUOUS
10
5.8933152362204719
20
-3.9405392519685036
11
5.8949144488188976
21
-3.9328691732283465
0
LINE
8
User.Drawings
6
CONTINUOUS
10
5.8949144488188976
20
-3.9328691732283465
11
5.8954874015748029
21
-3.9236685039370078
0
LINE
8
User.Drawings
6
CONTINUOUS
10
5.8954874015748029
20
-3.9236685039370078
11
5.8948544094488184
21
-3.9141508661417324
0
LINE
8
User.Drawings
6
CONTINUOUS
10
5.8948544094488184
20
-3.9141508661417324
11
5.8931059842519682
21
-3.9064179133858268
0
LINE
8
User.Drawings
6
CONTINUOUS
10
5.8931059842519682
20
-3.9064179133858268
11
5.890405393700787
21
-3.9001500393700788
0
LINE
8
User.Drawings
6
CONTINUOUS
10
5.890405393700787
20
-3.9001500393700788
11
5.8864419291338583
21
-3.8946941338582675
0
LINE
8
User.Drawings
6
CONTINUOUS
10
5.8864419291338583
20
-3.8946941338582675
11
5.8811436614173225
21
-3.8901884251968504
0
LINE
8
User.Drawings
6
CONTINUOUS
10
5.8811436614173225
20
-3.8901884251968504
11
5.8742844094488191
21
-3.8865868897637794
0
LINE
8
User.Drawings
6
CONTINUOUS
10
5.8742844094488191
20
-3.8865868897637794
11
5.8667865748031494
21
-3.8842497244094489
0
LINE
8
User.Drawings
6
CONTINUOUS
10
5.8667865748031494
20
-3.8842497244094489
11
5.8572292519685041
21
-3.8826914960629919
0
LINE
8
User.Drawings
6
CONTINUOUS
10
5.8572292519685041
20
-3.8826914960629919
11
5.8451791338582675
21
-3.8821174015748032
0
LINE
8
User.Drawings
6
CONTINUOUS
10
5.8451791338582675
20
-3.8821174015748032
11
5.8342612992125984
21
-3.8821174015748032
0
LINE
8
User.Drawings
6
CONTINUOUS
10
5.8342612992125984
20
-3.8821174015748032
11
5.8342612992125984
21
-3.9671043307086613
0
LINE
8
User.Drawings
6
CONTINUOUS
10
4.3915947637795272
20
-2.7659277559055115
11
4.3821779527559057
21
-2.7659277559055115
0
LINE
8
User.Drawings
6
CONTINUOUS
10
4.3821779527559057
20
-2.7659277559055115
11
4.3993489763779525
21
-2.8107030314960628
0
LINE
8
User.Drawings
6
CONTINUOUS
10
4.3993489763779525
20
-2.8107030314960628
11
4.4159949999999997
21
-2.7659277559055115
0
LINE
8
User.Drawings
6
CONTINUOUS
10
4.4159949999999997
20
-2.7659277559055115
11
4.4054473622047245
21
-2.7659277559055115
0
LINE
8
User.Drawings
6
CONTINUOUS
10
4.4054473622047245
20
-2.7659277559055115
11
4.4054473622047245
21
-2.7519943700787399
0
LINE
8
User.Drawings
6
CONTINUOUS
10
4.4054473622047245
20
-2.7519943700787399
11
4.4432492519685036
21
-2.7519943700787399
0
LINE
8
User.Drawings
6
CONTINUOUS
10
4.4432492519685036
20
-2.7519943700787399
11
4.4432492519685036
21
-2.7659277559055115
0
LINE
8
User.Drawings
6
CONTINUOUS
10
4.4432492519685036
20
-2.7659277559055115
11
4.4315775196850389
21
-2.7659277559055115
0
LINE
8
User.Drawings
6
CONTINUOUS
10
4.4315775196850389
20
-2.7659277559055115
11
4.3924967322834645
21
-2.8665846456692914
0
LINE
8
User.Drawings
6
CONTINUOUS
10
4.3924967322834645
20
-2.8665846456692914
11
4.3661377165354329
21
-2.8665846456692914
0
LINE
8
User.Drawings
6
CONTINUOUS
10
4.3661377165354329
20
-2.8665846456692914
11
4.3661377165354329
21
-2.8530281889763778
0
LINE
8
User.Drawings
6
CONTINUOUS
10
4.3661377165354329
20
-2.8530281889763778
11
4.3817269685039371
21
-2.8530281889763778
0
LINE
8
User.Drawings
6
CONTINUOUS
10
4.3817269685039371
20
-2.8530281889763778
11
4.3911437795275585
21
-2.8297991732283463
0
LINE
8
User.Drawings
6
CONTINUOUS
10
4.3911437795275585
20
-2.8297991732283463
11
4.3652357480314956
21
-2.7659277559055115
0
LINE
8
User.Drawings
6
CONTINUOUS
10
4.3652357480314956
20
-2.7659277559055115
11
4.3519822047244094
21
-2.7659277559055115
0
LINE
8
User.Drawings
6
CONTINUOUS
10
4.3519822047244094
20
-2.7659277559055115
11
4.3519822047244094
21
-2.7519943700787399
0
LINE
8
User.Drawings
6
CONTINUOUS
10
4.3519822047244094
20
-2.7519943700787399
11
4.3915947637795272
21
-2.7519943700787399
0
LINE
8
User.Drawings
6
CONTINUOUS
10
4.3915947637795272
20
-2.7519943700787399
11
4.3915947637795272
21
-2.7659277559055115
0
LINE
8
User.Drawings
6
CONTINUOUS
10
4.6226622834645665
20
-2.7504885039370079
11
4.6298715748031496
21
-2.7523524015748029
0
LINE
8
User.Drawings
6
CONTINUOUS
10
4.6298715748031496
20
-2.7523524015748029
11
4.6362770472440946
21
-2.7553733858267715
0
LINE
8
User.Drawings
6
CONTINUOUS
10
4.6362770472440946
20
-2.7553733858267715
11
4.6419944094488184
21
-2.7595490157480316
0
LINE
8
User.Drawings
6
CONTINUOUS
10
4.6419944094488184
20
-2.7595490157480316
11
4.6468591732283464
21
-2.7647761023622048
0
LINE
8
User.Drawings
6
CONTINUOUS
10
4.6468591732283464
20
-2.7647761023622048
11
4.6509239370078737
21
-2.7711779921259843
0
LINE
8
User.Drawings
6
CONTINUOUS
10
4.6509239370078737
20
-2.7711779921259843
11
4.6538722440944884
21
-2.7782106299212597
0
LINE
8
User.Drawings
6
CONTINUOUS
10
4.6538722440944884
20
-2.7782106299212597
11
4.655833503937008
21
-2.7862443307086613
0
LINE
8
User.Drawings
6
CONTINUOUS
10
4.655833503937008
20
-2.7862443307086613
11
4.6567261417322836
21
-2.7954503543307085
0
LINE
8
User.Drawings
6
CONTINUOUS
10
4.6567261417322836
20
-2.7954503543307085
11
4.5903844094488191
21
-2.7954503543307085
0
LINE
8
User.Drawings
6
CONTINUOUS
10
4.5903844094488191
20
-2.7954503543307085
11
4.5920691732283467
21
-2.8026973228346455
0
LINE
8
User.Drawings
6
CONTINUOUS
10
4.5920691732283467
20
-2.8026973228346455
11
4.5950108661417319
21
-2.8086042913385825
0
LINE
8
User.Drawings
6
CONTINUOUS
10
4.5950108661417319
20
-2.8086042913385825
11
4.5991953937007874
21
-2.8134224015748033
0
LINE
8
User.Drawings
6
CONTINUOUS
10
4.5991953937007874
20
-2.8134224015748033
11
4.6044351181102359
21
-2.8170588582677163
0
LINE
8
User.Drawings
6
CONTINUOUS
10
4.6044351181102359
20
-2.8170588582677163
11
4.610390433070866
21
-2.8192530708661416
0
LINE
8
User.Drawings
6
CONTINUOUS
10
4.610390433070866
20
-2.8192530708661416
11
4.6172684251968503
21
-2.8200121653543309
0
LINE
8
User.Drawings
6
CONTINUOUS
10
4.6172684251968503
20
-2.8200121653543309
11
4.6248602362204725
21
-2.8191927559055117
0
LINE
8
User.Drawings
6
CONTINUOUS
10
4.6248602362204725
20
-2.8191927559055117
11
4.6318008661417318
21
-2.8167744881889765
0
LINE
8
User.Drawings
6
CONTINUOUS
10
4.6318008661417318
20
-2.8167744881889765
11
4.6359835433070868
21
-2.8142592519685037
0
LINE
8
User.Drawings
6
CONTINUOUS
10
4.6359835433070868
20
-2.8142592519685037
11
4.6397113779527555
21
-2.8109701574803148
0
LINE
8
User.Drawings
6
CONTINUOUS
10
4.6397113779527555
20
-2.8109701574803148
11
4.6430216141732279
21
-2.8068259055118108
0
LINE
8
User.Drawings
6
CONTINUOUS
10
4.6430216141732279
20
-2.8068259055118108
11
4.6567261417322836
21
-2.8130050787401575
0
LINE
8
User.Drawings
6
CONTINUOUS
10
4.6567261417322836
20
-2.8130050787401575
11
4.6519269291338583
21
-2.8192212598425197
0
LINE
8
User.Drawings
6
CONTINUOUS
10
4.6519269291338583
20
-2.8192212598425197
11
4.6462927952755901
21
-2.8242740944881888
0
LINE
8
User.Drawings
6
CONTINUOUS
10
4.6462927952755901
20
-2.8242740944881888
11
4.6397435826771654
21
-2.8282577559055118
0
LINE
8
User.Drawings
6
CONTINUOUS
10
4.6397435826771654
20
-2.8282577559055118
11
4.6325892913385829
21
-2.8311061811023621
0
LINE
8
User.Drawings
6
CONTINUOUS
10
4.6325892913385829
20
-2.8311061811023621
11
4.6250041338582673
21
-2.8328285039370078
0
LINE
8
User.Drawings
6
CONTINUOUS
10
4.6250041338582673
20
-2.8328285039370078
11
4.6168914566929136
21
-2.8334137795275591
0
LINE
8
User.Drawings
6
CONTINUOUS
10
4.6168914566929136
20
-2.8334137795275591
11
4.6084922834645665
21
-2.8327922440944882
0
LINE
8
User.Drawings
6
CONTINUOUS
10
4.6084922834645665
20
-2.8327922440944882
11
4.6009579527559055
21
-2.8309940944881888
0
LINE
8
User.Drawings
6
CONTINUOUS
10
4.6009579527559055
20
-2.8309940944881888
11
4.5941470866141731
21
-2.8280692913385828
0
LINE
8
User.Drawings
6
CONTINUOUS
10
4.5941470866141731
20
-2.8280692913385828
11
4.5879770472440944
21
-2.8240101574803149
0
LINE
8
User.Drawings
6
CONTINUOUS
10
4.5879770472440944
20
-2.8240101574803149
11
4.5828505511811022
21
-2.8190667716535431
0
LINE
8
User.Drawings
6
CONTINUOUS
10
4.5828505511811022
20
-2.8190667716535431
11
4.5786722834645666
21
-2.8131666141732281
0
LINE
8
User.Drawings
6
CONTINUOUS
10
4.5786722834645666
20
-2.8131666141732281
11
4.5756248818897634
21
-2.8065964566929131
0
LINE
8
User.Drawings
6
CONTINUOUS
10
4.5756248818897634
20
-2.8065964566929131
11
4.5737735826771653
21
-2.799459566929134
0
LINE
8
User.Drawings
6
CONTINUOUS
10
4.5737735826771653
20
-2.799459566929134
11
4.5731393307086616
21
-2.7916270866141732
0
LINE
8
User.Drawings
6
CONTINUOUS
10
4.5731393307086616
20
-2.7916270866141732
11
4.5737275984251964
21
-2.7843036614173227
0
LINE
8
User.Drawings
6
CONTINUOUS
10
4.5737275984251964
20
-2.7843036614173227
11
4.5737644488188973
21
-2.7838448425196849
0
LINE
8
User.Drawings
6
CONTINUOUS
10
4.5737644488188973
20
-2.7838448425196849
11
4.5755905511811026
21
-2.7767357480314958
0
LINE
8
User.Drawings
6
CONTINUOUS
10
4.5755905511811026
20
-2.7767357480314958
11
4.5785982283464568
21
-2.7701750787401576
0
LINE
8
User.Drawings
6
CONTINUOUS
10
4.5785982283464568
20
-2.7701750787401576
11
4.5827037795275594
21
-2.7642400787401575
0
LINE
8
User.Drawings
6
CONTINUOUS
10
4.5827037795275594
20
-2.7642400787401575
11
4.5876603937007872
21
-2.7592841338582677
0
LINE
8
User.Drawings
6
CONTINUOUS
10
4.5876603937007872
20
-2.7592841338582677
11
4.5935412992125979
21
-2.7552252755905511
0
LINE
8
User.Drawings
6
CONTINUOUS
10
4.5935412992125979
20
-2.7552252755905511
11
4.6000490944881891
21
-2.752246811023622
0
LINE
8
User.Drawings
6
CONTINUOUS
10
4.6000490944881891
20
-2.752246811023622
11
4.6069922440944877
21
-2.7504511023622045
0
LINE
8
User.Drawings
6
CONTINUOUS
10
4.6069922440944877
20
-2.7504511023622045
11
4.6144817322834646
21
-2.7498403937007874
0
LINE
8
User.Drawings
6
CONTINUOUS
10
4.6144817322834646
20
-2.7498403937007874
11
4.6226622834645665
21
-2.7504885039370079
0
LINE
8
User.Drawings
6
CONTINUOUS
10
4.6091311811023621
20
-2.7634515354330706
11
4.6040359842519685
21
-2.7653982283464567
0
LINE
8
User.Drawings
6
CONTINUOUS
10
4.6040359842519685
20
-2.7653982283464567
11
4.5993435039370079
21
-2.7686942125984251
0
LINE
8
User.Drawings
6
CONTINUOUS
10
4.5993435039370079
20
-2.7686942125984251
11
4.5955025984251971
21
-2.7729839763779527
0
LINE
8
User.Drawings
6
CONTINUOUS
10
4.5955025984251971
20
-2.7729839763779527
11
4.5926697244094488
21
-2.7781311811023621
0
LINE
8
User.Drawings
6
CONTINUOUS
10
4.5926697244094488
20
-2.7781311811023621
11
4.5908353937007869
21
-2.7843036614173227
0
LINE
8
User.Drawings
6
CONTINUOUS
10
4.5908353937007869
20
-2.7843036614173227
11
4.6403830314960626
21
-2.7843036614173227
0
LINE
8
User.Drawings
6
CONTINUOUS
10
4.6403830314960626
20
-2.7843036614173227
11
4.6383420078740158
21
-2.7781614960629919
0
LINE
8
User.Drawings
6
CONTINUOUS
10
4.6383420078740158
20
-2.7781614960629919
11
4.6352651968503933
21
-2.7730100787401573
0
LINE
8
User.Drawings
6
CONTINUOUS
10
4.6352651968503933
20
-2.7730100787401573
11
4.6311210236220468
21
-2.7686942125984251
0
LINE
8
User.Drawings
6
CONTINUOUS
10
4.6311210236220468
20
-2.7686942125984251
11
4.626138937007874
21
-2.7654051181102361
0
LINE
8
User.Drawings
6
CONTINUOUS
10
4.626138937007874
20
-2.7654051181102361
11
4.6207399606299209
21
-2.7634538188976379
0
LINE
8
User.Drawings
6
CONTINUOUS
10
4.6207399606299209
20
-2.7634538188976379
11
4.6147779133858267
21
-2.7627910629921257
0
LINE
8
User.Drawings
6
CONTINUOUS
10
4.6147779133858267
20
-2.7627910629921257
11
4.6091311811023621
21
-2.7634515354330706
0
LINE
8
User.Drawings
6
CONTINUOUS
10
4.3120912204724409
20
-2.7163590157480315
11
4.3184549212598426
21
-2.7180069291338582
0
LINE
8
User.Drawings
6
CONTINUOUS
10
4.3184549212598426
20
-2.7180069291338582
11
4.3246659842519684
21
-2.7207889370078742
0
LINE
8
User.Drawings
6
CONTINUOUS
10
4.3246659842519684
20
-2.7207889370078742
11
4.3307927165354334
21
-2.7248007086614172
0
LINE
8
User.Drawings
6
CONTINUOUS
10
4.3307927165354334
20
-2.7248007086614172
11
4.3307927165354334
21
-2.7171003149606299
0
LINE
8
User.Drawings
6
CONTINUOUS
10
4.3307927165354334
20
-2.7171003149606299
11
4.3446520472440948
21
-2.7171003149606299
0
LINE
8
User.Drawings
6
CONTINUOUS
10
4.3446520472440948
20
-2.7171003149606299
11
4.3446520472440948
21
-2.7515635826771652
0
LINE
8
User.Drawings
6
CONTINUOUS
10
4.3446520472440948
20
-2.7515635826771652
11
4.3307927165354334
21
-2.7515635826771652
0
LINE
8
User.Drawings
6
CONTINUOUS
10
4.3307927165354334
20
-2.7515635826771652
11
4.3307927165354334
21
-2.7436814566929133
0
LINE
8
User.Drawings
6
CONTINUOUS
10
4.3307927165354334
20
-2.7436814566929133
11
4.3268889370078742
21
-2.7387522834645668
0
LINE
8
User.Drawings
6
CONTINUOUS
10
4.3268889370078742
20
-2.7387522834645668
11
4.322594960629921
21
-2.73506437007874
0
LINE
8
User.Drawings
6
CONTINUOUS
10
4.322594960629921
20
-2.73506437007874
11
4.3178660629921257
21
-2.7324655905511812
0
LINE
8
User.Drawings
6
CONTINUOUS
10
4.3178660629921257
20
-2.7324655905511812
11
4.3126100787401578
21
-2.7308853937007873
0
LINE
8
User.Drawings
6
CONTINUOUS
10
4.3126100787401578
20
-2.7308853937007873
11
4.3066953543307083
21
-2.7303403937007875
0
LINE
8
User.Drawings
6
CONTINUOUS
10
4.3066953543307083
20
-2.7303403937007875
11
4.300565590551181
21
-2.7308233858267714
0
LINE
8
User.Drawings
6
CONTINUOUS
10
4.300565590551181
20
-2.7308233858267714
11
4.2959029527559052
21
-2.7321258267716533
0
LINE
8
User.Drawings
6
CONTINUOUS
10
4.2959029527559052
20
-2.7321258267716533
11
4.2923850393700782
21
-2.7341031102362203
0
LINE
8
User.Drawings
6
CONTINUOUS
10
4.2923850393700782
20
-2.7341031102362203
11
4.2896566929133861
21
-2.7369329133858269
0
LINE
8
User.Drawings
6
CONTINUOUS
10
4.2896566929133861
20
-2.7369329133858269
11
4.2880035433070862
21
-2.7404681496062993
0
LINE
8
User.Drawings
6
CONTINUOUS
10
4.2880035433070862
20
-2.7404681496062993
11
4.2874174803149607
21
-2.7449334251968502
0
LINE
8
User.Drawings
6
CONTINUOUS
10
4.2874174803149607
20
-2.7449334251968502
11
4.2879753543307082
21
-2.7492136614173228
0
LINE
8
User.Drawings
6
CONTINUOUS
10
4.2879753543307082
20
-2.7492136614173228
11
4.289543464566929
21
-2.7525770866141732
0
LINE
8
User.Drawings
6
CONTINUOUS
10
4.289543464566929
20
-2.7525770866141732
11
4.292122519685039
21
-2.755245472440945
0
LINE
8
User.Drawings
6
CONTINUOUS
10
4.292122519685039
20
-2.755245472440945
11
4.2975763779527556
21
-2.7583022440944882
0
LINE
8
User.Drawings
6
CONTINUOUS
10
4.2975763779527556
20
-2.7583022440944882
11
4.3065472834645666
21
-2.7612631102362206
0
LINE
8
User.Drawings
6
CONTINUOUS
10
4.3065472834645666
20
-2.7612631102362206
11
4.3198748818897634
21
-2.7647969291338583
0
LINE
8
User.Drawings
6
CONTINUOUS
10
4.3198748818897634
20
-2.7647969291338583
11
4.3282208661417325
21
-2.7674978346456691
0
LINE
8
User.Drawings
6
CONTINUOUS
10
4.3282208661417325
20
-2.7674978346456691
11
4.3346173622047246
21
-2.770507401574803
0
LINE
8
User.Drawings
6
CONTINUOUS
10
4.3346173622047246
20
-2.770507401574803
11
4.3394152362204723
21
-2.7737560236220471
0
LINE
8
User.Drawings
6
CONTINUOUS
10
4.3394152362204723
20
-2.7737560236220471
11
4.3436165748031499
21
-2.777747716535433
0
LINE
8
User.Drawings
6
CONTINUOUS
10
4.3436165748031499
20
-2.777747716535433
11
4.3465074015748026
21
-2.7816683464566929
0
LINE
8
User.Drawings
6
CONTINUOUS
10
4.3465074015748026
20
-2.7816683464566929
11
4.3483003149606301
21
-2.785569094488189
0
LINE
8
User.Drawings
6
CONTINUOUS
10
4.3483003149606301
20
-2.785569094488189
11
4.3498351181102359
21
-2.7920388188976379
0
LINE
8
User.Drawings
6
CONTINUOUS
10
4.3498351181102359
20
-2.7920388188976379
11
4.3503735039370079
21
-2.7994890157480312
0
LINE
8
User.Drawings
6
CONTINUOUS
10
4.3503735039370079
20
-2.7994890157480312
11
4.3497208661417321
21
-2.8070848031496061
0
LINE
8
User.Drawings
6
CONTINUOUS
10
4.3497208661417321
20
-2.8070848031496061
11
4.3478650393700784
21
-2.8135653937007872
0
LINE
8
User.Drawings
6
CONTINUOUS
10
4.3478650393700784
20
-2.8135653937007872
11
4.3448807086614174
21
-2.8191373622047244
0
LINE
8
User.Drawings
6
CONTINUOUS
10
4.3448807086614174
20
-2.8191373622047244
11
4.3407345669291342
21
-2.8239498425196849
0
LINE
8
User.Drawings
6
CONTINUOUS
10
4.3407345669291342
20
-2.8239498425196849
11
4.3356759448818893
21
-2.8277988582677165
0
LINE
8
User.Drawings
6
CONTINUOUS
10
4.3356759448818893
20
-2.8277988582677165
11
4.3297975590551179
21
-2.8306040551181102
0
LINE
8
User.Drawings
6
CONTINUOUS
10
4.3297975590551179
20
-2.8306040551181102
11
4.322942716535433
21
-2.8323625196850393
0
LINE
8
User.Drawings
6
CONTINUOUS
10
4.322942716535433
20
-2.8323625196850393
11
4.314907322834646
21
-2.8329829921259844
0
LINE
8
User.Drawings
6
CONTINUOUS
10
4.314907322834646
20
-2.8329829921259844
11
4.3074297637795276
21
-2.8322925984251968
0
LINE
8
User.Drawings
6
CONTINUOUS
10
4.3074297637795276
20
-2.8322925984251968
11
4.3003298425196848
21
-2.8302351968503938
0
LINE
8
User.Drawings
6
CONTINUOUS
10
4.3003298425196848
20
-2.8302351968503938
11
4.2934892125984252
21
-2.8267608267716535
0
LINE
8
User.Drawings
6
CONTINUOUS
10
4.2934892125984252
20
-2.8267608267716535
11
4.2868184251968504
21
-2.8217285826771654
0
LINE
8
User.Drawings
6
CONTINUOUS
10
4.2868184251968504
20
-2.8217285826771654
11
4.2868184251968504
21
-2.8312598425196849
0
LINE
8
User.Drawings
6
CONTINUOUS
10
4.2868184251968504
20
-2.8312598425196849
11
4.2726629133858269
21
-2.8312598425196849
0
LINE
8
User.Drawings
6
CONTINUOUS
10
4.2726629133858269
20
-2.8312598425196849
11
4.2726629133858269
21
-2.7899039370078738
0
LINE
8
User.Drawings
6
CONTINUOUS
10
4.2726629133858269
20
-2.7899039370078738
11
4.2868184251968504
21
-2.7899039370078738
0
LINE
8
User.Drawings
6
CONTINUOUS
10
4.2868184251968504
20
-2.7899039370078738
11
4.2868184251968504
21
-2.7998659448818897
0
LINE
8
User.Drawings
6
CONTINUOUS
10
4.2868184251968504
20
-2.7998659448818897
11
4.2915019685039368
21
-2.8070330314960628
0
LINE
8
User.Drawings
6
CONTINUOUS
10
4.2915019685039368
20
-2.8070330314960628
11
4.2964399606299208
21
-2.8121934645669291
0
LINE
8
User.Drawings
6
CONTINUOUS
10
4.2964399606299208
20
-2.8121934645669291
11
4.3016534251968501
21
-2.8156938976377952
0
LINE
8
User.Drawings
6
CONTINUOUS
10
4.3016534251968501
20
-2.8156938976377952
11
4.3072318110236223
21
-2.8177546456692912
0
LINE
8
User.Drawings
6
CONTINUOUS
10
4.3072318110236223
20
-2.8177546456692912
11
4.3133255118110236
21
-2.8184505511811024
0
LINE
8
User.Drawings
6
CONTINUOUS
10
4.3133255118110236
20
-2.8184505511811024
11
4.3195188188976381
21
-2.8178418110236221
0
LINE
8
User.Drawings
6
CONTINUOUS
10
4.3195188188976381
20
-2.8178418110236221
11
4.3243640157480314
21
-2.8161641338582677
0
LINE
8
User.Drawings
6
CONTINUOUS
10
4.3243640157480314
20
-2.8161641338582677
11
4.3281608661417321
21
-2.8135233858267714
0
LINE
8
User.Drawings
6
CONTINUOUS
10
4.3281608661417321
20
-2.8135233858267714
11
4.3310150787401573
21
-2.8099215748031496
0
LINE
8
User.Drawings
6
CONTINUOUS
10
4.3310150787401573
20
-2.8099215748031496
11
4.3327929921259845
21
-2.805387440944882
0
LINE
8
User.Drawings
6
CONTINUOUS
10
4.3327929921259845
20
-2.805387440944882
11
4.3334312992125987
21
-2.7996438188976378
0
LINE
8
User.Drawings
6
CONTINUOUS
10
4.3334312992125987
20
-2.7996438188976378
11
4.3328122440944883
21
-2.7952831102362206
0
LINE
8
User.Drawings
6
CONTINUOUS
10
4.3328122440944883
20
-2.7952831102362206
11
4.330994960629921
21
-2.7915166929133859
0
LINE
8
User.Drawings
6
CONTINUOUS
10
4.330994960629921
20
-2.7915166929133859
11
4.3278694881889761
21
-2.7881798031496063
0
LINE
8
User.Drawings
6
CONTINUOUS
10
4.3278694881889761
20
-2.7881798031496063
11
4.3231190551181102
21
-2.7852212598425194
0
LINE
8
User.Drawings
6
CONTINUOUS
10
4.3231190551181102
20
-2.7852212598425194
11
4.316260275590551
21
-2.7827083858267714
0
LINE
8
User.Drawings
6
CONTINUOUS
10
4.316260275590551
20
-2.7827083858267714
11
4.3021047637795276
21
-2.7787235826771655
0
LINE
8
User.Drawings
6
CONTINUOUS
10
4.3021047637795276
20
-2.7787235826771655
11
4.2921614960629917
21
-2.7751912204724407
0
LINE
8
User.Drawings
6
CONTINUOUS
10
4.2921614960629917
20
-2.7751912204724407
11
4.2848026377952753
21
-2.7712222047244093
0
LINE
8
User.Drawings
6
CONTINUOUS
10
4.2848026377952753
20
-2.7712222047244093
11
4.279515157480315
21
-2.7669037401574803
0
LINE
8
User.Drawings
6
CONTINUOUS
10
4.279515157480315
20
-2.7669037401574803
11
4.2763763779527562
21
-2.7629703937007872
0
LINE
8
User.Drawings
6
CONTINUOUS
10
4.2763763779527562
20
-2.7629703937007872
11
4.2741121259842521
21
-2.758465275590551
0
LINE
8
User.Drawings
6
CONTINUOUS
10
4.2741121259842521
20
-2.758465275590551
11
4.272705196850394
21
-2.7532784645669293
0
LINE
8
User.Drawings
6
CONTINUOUS
10
4.272705196850394
20
-2.7532784645669293
11
4.2722119291338583
21
-2.7472624015748033
0
LINE
8
User.Drawings
6
CONTINUOUS
10
4.2722119291338583
20
-2.7472624015748033
11
4.2728245275590551
21
-2.7398459842519682
0
LINE
8
User.Drawings
6
CONTINUOUS
10
4.2728245275590551
20
-2.7398459842519682
11
4.2745493700787405
21
-2.7336446850393701
0
LINE
8
User.Drawings
6
CONTINUOUS
10
4.2745493700787405
20
-2.7336446850393701
11
4.2772907480314961
21
-2.7284334645669293
0
LINE
8
User.Drawings
6
CONTINUOUS
10
4.2772907480314961
20
-2.7284334645669293
11
4.2810566141732282
21
-2.724046811023622
0
LINE
8
User.Drawings
6
CONTINUOUS
10
4.2810566141732282
20
-2.724046811023622
11
4.2856918503937003
21
-2.7205674015748031
0
LINE
8
User.Drawings
6
CONTINUOUS
10
4.2856918503937003
20
-2.7205674015748031
11
4.2911888582677165
21
-2.7180060629921261
0
LINE
8
User.Drawings
6
CONTINUOUS
10
4.2911888582677165
20
-2.7180060629921261
11
4.2977162992125981
21
-2.7163846456692915
0
LINE
8
User.Drawings
6
CONTINUOUS
10
4.2977162992125981
20
-2.7163846456692915
11
4.3054905118110236
21
-2.7158079527559056
0
LINE
8
User.Drawings
6
CONTINUOUS
10
4.3054905118110236
20
-2.7158079527559056
11
4.3120912204724409
21
-2.7163590157480315
0
LINE
8
User.Drawings
6
CONTINUOUS
10
1.8421688188976377
20
-2.7955513385826771
11
1.8722164566929134
21
-2.7179619291338581
0
LINE
8
User.Drawings
6
CONTINUOUS
10
1.8722164566929134
20
-2.7179619291338581
11
1.9115261023622048
21
-2.7179619291338581
0
LINE
8
User.Drawings
6
CONTINUOUS
10
1.9115261023622048
20
-2.7179619291338581
11
1.9115261023622048
21
-2.7321174015748029
0
LINE
8
User.Drawings
6
CONTINUOUS
10
1.9115261023622048
20
-2.7321174015748029
11
1.8978215748031495
21
-2.7321174015748029
0
LINE
8
User.Drawings
6
CONTINUOUS
10
1.8978215748031495
20
-2.7321174015748029
11
1.8978215748031495
21
-2.8171043307086614
0
LINE
8
User.Drawings
6
CONTINUOUS
10
1.8978215748031495
20
-2.8171043307086614
11
1.9115261023622048
21
-2.8171043307086614
0
LINE
8
User.Drawings
6
CONTINUOUS
10
1.9115261023622048
20
-2.8171043307086614
11
1.9115261023622048
21
-2.8312598425196849
0
LINE
8
User.Drawings
6
CONTINUOUS
10
1.9115261023622048
20
-2.8312598425196849
11
1.8688307086614173
21
-2.8312598425196849
0
LINE
8
User.Drawings
6
CONTINUOUS
10
1.8688307086614173
20
-2.8312598425196849
11
1.8688307086614173
21
-2.8171043307086614
0
LINE
8
User.Drawings
6
CONTINUOUS
10
1.8688307086614173
20
-2.8171043307086614
11
1.8822323622047243
21
-2.8171043307086614
0
LINE
8
User.Drawings
6
CONTINUOUS
10
1.8822323622047243
20
-2.8171043307086614
11
1.8822323622047243
21
-2.7321174015748029
0
LINE
8
User.Drawings
6
CONTINUOUS
10
1.8822323622047243
20
-2.7321174015748029
11
1.843225590551181
21
-2.8325522047244096
0
LINE
8
User.Drawings
6
CONTINUOUS
10
1.843225590551181
20
-2.8325522047244096
11
1.8398331496062992
21
-2.8325522047244096
0
LINE
8
User.Drawings
6
CONTINUOUS
10
1.8398331496062992
20
-2.8325522047244096
11
1.8011292913385826
21
-2.7321174015748029
0
LINE
8
User.Drawings
6
CONTINUOUS
10
1.8011292913385826
20
-2.7321174015748029
11
1.8011292913385826
21
-2.8171043307086614
0
LINE
8
User.Drawings
6
CONTINUOUS
10
1.8011292913385826
20
-2.8171043307086614
11
1.813628937007874
21
-2.8171043307086614
0
LINE
8
User.Drawings
6
CONTINUOUS
10
1.813628937007874
20
-2.8171043307086614
11
1.813628937007874
21
-2.8312598425196849
0
LINE
8
User.Drawings
6
CONTINUOUS
10
1.813628937007874
20
-2.8312598425196849
11
1.773343307086614
21
-2.8312598425196849
0
LINE
8
User.Drawings
6
CONTINUOUS
10
1.773343307086614
20
-2.8312598425196849
11
1.773343307086614
21
-2.8171043307086614
0
LINE
8
User.Drawings
6
CONTINUOUS
10
1.773343307086614
20
-2.8171043307086614
11
1.7871218897637795
21
-2.8171043307086614
0
LINE
8
User.Drawings
6
CONTINUOUS
10
1.7871218897637795
20
-2.8171043307086614
11
1.7871218897637795
21
-2.7321174015748029
0
LINE
8
User.Drawings
6
CONTINUOUS
10
1.7871218897637795
20
-2.7321174015748029
11
1.773343307086614
21
-2.7321174015748029
0
LINE
8
User.Drawings
6
CONTINUOUS
10
1.773343307086614
20
-2.7321174015748029
11
1.773343307086614
21
-2.7179619291338581
0
LINE
8
User.Drawings
6
CONTINUOUS
10
1.773343307086614
20
-2.7179619291338581
11
1.8122759842519685
21
-2.7179619291338581
0
LINE
8
User.Drawings
6
CONTINUOUS
10
1.8122759842519685
20
-2.7179619291338581
11
1.8421688188976377
21
-2.7955513385826771
0
LINE
8
User.Drawings
6
CONTINUOUS
10
4.4817236220472436
20
-2.7516665354330709
11
4.4880344488188975
21
-2.7531688188976378
0
LINE
8
User.Drawings
6
CONTINUOUS
10
4.4880344488188975
20
-2.7531688188976378
11
4.4933757480314958
21
-2.755541653543307
0
LINE
8
User.Drawings
6
CONTINUOUS
10
4.4933757480314958
20
-2.755541653543307
11
4.4933757480314958
21
-2.7519943700787399
0
LINE
8
User.Drawings
6
CONTINUOUS
10
4.4933757480314958
20
-2.7519943700787399
11
4.5069322047244089
21
-2.7519943700787399
0
LINE
8
User.Drawings
6
CONTINUOUS
10
4.5069322047244089
20
-2.7519943700787399
11
4.5069322047244089
21
-2.7782725984251968
0
LINE
8
User.Drawings
6
CONTINUOUS
10
4.5069322047244089
20
-2.7782725984251968
11
4.4933757480314958
21
-2.7782725984251968
0
LINE
8
User.Drawings
6
CONTINUOUS
10
4.4933757480314958
20
-2.7782725984251968
11
4.4933757480314958
21
-2.7735204330708663
0
LINE
8
User.Drawings
6
CONTINUOUS
10
4.4933757480314958
20
-2.7735204330708663
11
4.4896175984251965
21
-2.7692746456692912
0
LINE
8
User.Drawings
6
CONTINUOUS
10
4.4896175984251965
20
-2.7692746456692912
11
4.4853562992125982
21
-2.7663319685039371
0
LINE
8
User.Drawings
6
CONTINUOUS
10
4.4853562992125982
20
-2.7663319685039371
11
4.480491850393701
21
-2.7645522834645671
0
LINE
8
User.Drawings
6
CONTINUOUS
10
4.480491850393701
20
-2.7645522834645671
11
4.474851771653543
21
-2.7639353543307088
0
LINE
8
User.Drawings
6
CONTINUOUS
10
4.474851771653543
20
-2.7639353543307088
11
4.4690750393700789
21
-2.7646559842519682
0
LINE
8
User.Drawings
6
CONTINUOUS
10
4.4690750393700789
20
-2.7646559842519682
11
4.4647618503937005
21
-2.7666345275590549
0
LINE
8
User.Drawings
6
CONTINUOUS
10
4.4647618503937005
20
-2.7666345275590549
11
4.4625369291338579
21
-2.7686655905511812
0
LINE
8
User.Drawings
6
CONTINUOUS
10
4.4625369291338579
20
-2.7686655905511812
11
4.4612709448818899
21
-2.7709524409448818
0
LINE
8
User.Drawings
6
CONTINUOUS
10
4.4612709448818899
20
-2.7709524409448818
11
4.4608443307086612
21
-2.773601220472441
0
LINE
8
User.Drawings
6
CONTINUOUS
10
4.4608443307086612
20
-2.773601220472441
11
4.4615955905511813
21
-2.7770339763779526
0
LINE
8
User.Drawings
6
CONTINUOUS
10
4.4615955905511813
20
-2.7770339763779526
11
4.4638194881889763
21
-2.7796120866141734
0
LINE
8
User.Drawings
6
CONTINUOUS
10
4.4638194881889763
20
-2.7796120866141734
11
4.4677809055118107
21
-2.7814004724409447
0
LINE
8
User.Drawings
6
CONTINUOUS
10
4.4677809055118107
20
-2.7814004724409447
11
4.4771874409448822
21
-2.7834488188976376
0
LINE
8
User.Drawings
6
CONTINUOUS
10
4.4771874409448822
20
-2.7834488188976376
11
4.4876543307086614
21
-2.7854748818897637
0
LINE
8
User.Drawings
6
CONTINUOUS
10
4.4876543307086614
20
-2.7854748818897637
11
4.4955172834645669
21
-2.7875524803149605
0
LINE
8
User.Drawings
6
CONTINUOUS
10
4.4955172834645669
20
-2.7875524803149605
11
4.5013788188976376
21
-2.7903583858267718
0
LINE
8
User.Drawings
6
CONTINUOUS
10
4.5013788188976376
20
-2.7903583858267718
11
4.5056490944881888
21
-2.7937859842519686
0
LINE
8
User.Drawings
6
CONTINUOUS
10
4.5056490944881888
20
-2.7937859842519686
11
4.5086194881889758
21
-2.7978407480314962
0
LINE
8
User.Drawings
6
CONTINUOUS
10
4.5086194881889758
20
-2.7978407480314962
11
4.5104342519685039
21
-2.8026409055118111
0
LINE
8
User.Drawings
6
CONTINUOUS
10
4.5104342519685039
20
-2.8026409055118111
11
4.5110718110236219
21
-2.8084009842519686
0
LINE
8
User.Drawings
6
CONTINUOUS
10
4.5110718110236219
20
-2.8084009842519686
11
4.5105251181102357
21
-2.8136671259842521
0
LINE
8
User.Drawings
6
CONTINUOUS
10
4.5105251181102357
20
-2.8136671259842521
11
4.508945118110236
21
-2.8182568503937007
0
LINE
8
User.Drawings
6
CONTINUOUS
10
4.508945118110236
20
-2.8182568503937007
11
4.5063376771653543
21
-2.822316062992126
0
LINE
8
User.Drawings
6
CONTINUOUS
10
4.5063376771653543
20
-2.822316062992126
11
4.5025973622047246
21
-2.8259355118110236
0
LINE
8
User.Drawings
6
CONTINUOUS
10
4.5025973622047246
20
-2.8259355118110236
11
4.4982332677165351
21
-2.8287203937007872
0
LINE
8
User.Drawings
6
CONTINUOUS
10
4.4982332677165351
20
-2.8287203937007872
11
4.4931276771653543
21
-2.8307828740157479
0
LINE
8
User.Drawings
6
CONTINUOUS
10
4.4931276771653543
20
-2.8307828740157479
11
4.48714562992126
21
-2.8320891338582674
0
LINE
8
User.Drawings
6
CONTINUOUS
10
4.48714562992126
20
-2.8320891338582674
11
4.4801222047244096
21
-2.8325522047244096
0
LINE
8
User.Drawings
6
CONTINUOUS
10
4.4801222047244096
20
-2.8325522047244096
11
4.4746016929133861
21
-2.8321491732283466
0
LINE
8
User.Drawings
6
CONTINUOUS
10
4.4746016929133861
20
-2.8321491732283466
11
4.4691639763779527
21
-2.8309367322834644
0
LINE
8
User.Drawings
6
CONTINUOUS
10
4.4691639763779527
20
-2.8309367322834644
11
4.4640710236220471
21
-2.8290548818897636
0
LINE
8
User.Drawings
6
CONTINUOUS
10
4.4640710236220471
20
-2.8290548818897636
11
4.4601644881889762
21
-2.8269115354330707
0
LINE
8
User.Drawings
6
CONTINUOUS
10
4.4601644881889762
20
-2.8269115354330707
11
4.4601644881889762
21
-2.8312598425196849
0
LINE
8
User.Drawings
6
CONTINUOUS
10
4.4601644881889762
20
-2.8312598425196849
11
4.4463118897637797
21
-2.8312598425196849
0
LINE
8
User.Drawings
6
CONTINUOUS
10
4.4463118897637797
20
-2.8312598425196849
11
4.4463118897637797
21
-2.8041199999999997
0
LINE
8
User.Drawings
6
CONTINUOUS
10
4.4463118897637797
20
-2.8041199999999997
11
4.4601644881889762
21
-2.8041199999999997
0
LINE
8
User.Drawings
6
CONTINUOUS
10
4.4601644881889762
20
-2.8041199999999997
11
4.4601644881889762
21
-2.8068259055118108
0
LINE
8
User.Drawings
6
CONTINUOUS
10
4.4601644881889762
20
-2.8068259055118108
11
4.4613622047244093
21
-2.8103582283464568
0
LINE
8
User.Drawings
6
CONTINUOUS
10
4.4613622047244093
20
-2.8103582283464568
11
4.463446141732283
21
-2.813384803149606
0
LINE
8
User.Drawings
6
CONTINUOUS
10
4.463446141732283
20
-2.813384803149606
11
4.4665253937007874
21
-2.8159937007874016
0
LINE
8
User.Drawings
6
CONTINUOUS
10
4.4665253937007874
20
-2.8159937007874016
11
4.4701526771653546
21
-2.8178914566929132
0
LINE
8
User.Drawings
6
CONTINUOUS
10
4.4701526771653546
20
-2.8178914566929132
11
4.4741756299212598
21
-2.8190478740157481
0
LINE
8
User.Drawings
6
CONTINUOUS
10
4.4741756299212598
20
-2.8190478740157481
11
4.4786885039370077
21
-2.8194467322834647
0
LINE
8
User.Drawings
6
CONTINUOUS
10
4.4786885039370077
20
-2.8194467322834647
11
4.4837124409448821
21
-2.8191070078740155
0
LINE
8
User.Drawings
6
CONTINUOUS
10
4.4837124409448821
20
-2.8191070078740155
11
4.4876305118110231
21
-2.8181853149606297
0
LINE
8
User.Drawings
6
CONTINUOUS
10
4.4876305118110231
20
-2.8181853149606297
11
4.4906631102362207
21
-2.8167879527559054
0
LINE
8
User.Drawings
6
CONTINUOUS
10
4.4906631102362207
20
-2.8167879527559054
11
4.4931007480314964
21
-2.8147107874015749
0
LINE
8
User.Drawings
6
CONTINUOUS
10
4.4931007480314964
20
-2.8147107874015749
11
4.4945317322834644
21
-2.8121283858267714
0
LINE
8
User.Drawings
6
CONTINUOUS
10
4.4945317322834644
20
-2.8121283858267714
11
4.4950316141732278
21
-2.8088721653543307
0
LINE
8
User.Drawings
6
CONTINUOUS
10
4.4950316141732278
20
-2.8088721653543307
11
4.4946422440944884
21
-2.8065167716535431
0
LINE
8
User.Drawings
6
CONTINUOUS
10
4.4946422440944884
20
-2.8065167716535431
11
4.4935168110236221
21
-2.8046409055118109
0
LINE
8
User.Drawings
6
CONTINUOUS
10
4.4935168110236221
20
-2.8046409055118109
11
4.4915650787401571
21
-2.803123818897638
0
LINE
8
User.Drawings
6
CONTINUOUS
10
4.4915650787401571
20
-2.803123818897638
11
4.4871907480314963
21
-2.8014215748031495
0
LINE
8
User.Drawings
6
CONTINUOUS
10
4.4871907480314963
20
-2.8014215748031495
11
4.47763842519685
21
-2.7991726771653545
0
LINE
8
User.Drawings
6
CONTINUOUS
10
4.47763842519685
20
-2.7991726771653545
11
4.4695812992125985
21
-2.7974427559055117
0
LINE
8
User.Drawings
6
CONTINUOUS
10
4.4695812992125985
20
-2.7974427559055117
11
4.4618155905511809
21
-2.7952741732283464
0
LINE
8
User.Drawings
6
CONTINUOUS
10
4.4618155905511809
20
-2.7952741732283464
11
4.4561117716535428
21
-2.7924843700787401
0
LINE
8
User.Drawings
6
CONTINUOUS
10
4.4561117716535428
20
-2.7924843700787401
11
4.452033307086614
21
-2.7891769685039369
0
LINE
8
User.Drawings
6
CONTINUOUS
10
4.452033307086614
20
-2.7891769685039369
11
4.4489731889763782
21
-2.784973031496063
0
LINE
8
User.Drawings
6
CONTINUOUS
10
4.4489731889763782
20
-2.784973031496063
11
4.4471109842519683
21
-2.780053149606299
0
LINE
8
User.Drawings
6
CONTINUOUS
10
4.4471109842519683
20
-2.780053149606299
11
4.4464599606299213
21
-2.7742137401574802
0
LINE
8
User.Drawings
6
CONTINUOUS
10
4.4464599606299213
20
-2.7742137401574802
11
4.4469353937007874
21
-2.7694425984251967
0
LINE
8
User.Drawings
6
CONTINUOUS
10
4.4469353937007874
20
-2.7694425984251967
11
4.4483065354330709
21
-2.7652872834645668
0
LINE
8
User.Drawings
6
CONTINUOUS
10
4.4483065354330709
20
-2.7652872834645668
11
4.4505592125984252
21
-2.7616198425196852
0
LINE
8
User.Drawings
6
CONTINUOUS
10
4.4505592125984252
20
-2.7616198425196852
11
4.4552125984251969
21
-2.7570641732283465
0
LINE
8
User.Drawings
6
CONTINUOUS
10
4.4552125984251969
20
-2.7570641732283465
11
4.4610664566929135
21
-2.7537646456692912
0
LINE
8
User.Drawings
6
CONTINUOUS
10
4.4610664566929135
20
-2.7537646456692912
11
4.4675786220472444
21
-2.7517874409448817
0
LINE
8
User.Drawings
6
CONTINUOUS
10
4.4675786220472444
20
-2.7517874409448817
11
4.4742459448818899
21
-2.7511327952755904
0
LINE
8
User.Drawings
6
CONTINUOUS
10
4.4742459448818899
20
-2.7511327952755904
11
4.4817236220472436
21
-2.7516665354330709
0
LINE
8
User.Drawings
6
CONTINUOUS
10
4.5479919291338584
20
-2.7519943700787399
11
4.5624503149606301
21
-2.7519943700787399
0
LINE
8
User.Drawings
6
CONTINUOUS
10
4.5624503149606301
20
-2.7519943700787399
11
4.5624503149606301
21
-2.7659277559055115
0
LINE
8
User.Drawings
6
CONTINUOUS
10
4.5624503149606301
20
-2.7659277559055115
11
4.5479919291338584
21
-2.7659277559055115
0
LINE
8
User.Drawings
6
CONTINUOUS
10
4.5479919291338584
20
-2.7659277559055115
11
4.5479919291338584
21
-2.8074653937007872
0
LINE
8
User.Drawings
6
CONTINUOUS
10
4.5479919291338584
20
-2.8074653937007872
11
4.5484388582677164
21
-2.8133461417322834
0
LINE
8
User.Drawings
6
CONTINUOUS
10
4.5484388582677164
20
-2.8133461417322834
11
4.5493852362204725
21
-2.8158725196850392
0
LINE
8
User.Drawings
6
CONTINUOUS
10
4.5493852362204725
20
-2.8158725196850392
11
4.5511620078740158
21
-2.8172636614173228
0
LINE
8
User.Drawings
6
CONTINUOUS
10
4.5511620078740158
20
-2.8172636614173228
11
4.5541643307086614
21
-2.8177909055118109
0
LINE
8
User.Drawings
6
CONTINUOUS
10
4.5541643307086614
20
-2.8177909055118109
11
4.558281417322835
21
-2.8174372047244094
0
LINE
8
User.Drawings
6
CONTINUOUS
10
4.558281417322835
20
-2.8174372047244094
11
4.5624503149606301
21
-2.8163571653543307
0
LINE
8
User.Drawings
6
CONTINUOUS
10
4.5624503149606301
20
-2.8163571653543307
11
4.5624503149606301
21
-2.8304453543307084
0
LINE
8
User.Drawings
6
CONTINUOUS
10
4.5624503149606301
20
-2.8304453543307084
11
4.5555166929133861
21
-2.8320959448818899
0
LINE
8
User.Drawings
6
CONTINUOUS
10
4.5555166929133861
20
-2.8320959448818899
11
4.5507785826771654
21
-2.8325522047244096
0
LINE
8
User.Drawings
6
CONTINUOUS
10
4.5507785826771654
20
-2.8325522047244096
11
4.5444435826771654
21
-2.8319136220472441
0
LINE
8
User.Drawings
6
CONTINUOUS
10
4.5444435826771654
20
-2.8319136220472441
11
4.539901496062992
21
-2.8302145275590549
0
LINE
8
User.Drawings
6
CONTINUOUS
10
4.539901496062992
20
-2.8302145275590549
11
4.5366903937007876
21
-2.8276183070866141
0
LINE
8
User.Drawings
6
CONTINUOUS
10
4.5366903937007876
20
-2.8276183070866141
11
4.5345102755905513
21
-2.8240357874015749
0
LINE
8
User.Drawings
6
CONTINUOUS
10
4.5345102755905513
20
-2.8240357874015749
11
4.5329933464566929
21
-2.8186202362204722
0
LINE
8
User.Drawings
6
CONTINUOUS
10
4.5329933464566929
20
-2.8186202362204722
11
4.5324026771653543
21
-2.8106962992125983
0
LINE
8
User.Drawings
6
CONTINUOUS
10
4.5324026771653543
20
-2.8106962992125983
11
4.5324026771653543
21
-2.7659277559055115
0
LINE
8
User.Drawings
6
CONTINUOUS
10
4.5324026771653543
20
-2.7659277559055115
11
4.5220906299212595
21
-2.7659277559055115
0
LINE
8
User.Drawings
6
CONTINUOUS
10
4.5220906299212595
20
-2.7659277559055115
11
4.5220906299212595
21
-2.7519943700787399
0
LINE
8
User.Drawings
6
CONTINUOUS
10
4.5220906299212595
20
-2.7519943700787399
11
4.5324026771653543
21
-2.7519943700787399
0
LINE
8
User.Drawings
6
CONTINUOUS
10
4.5324026771653543
20
-2.7519943700787399
11
4.5324026771653543
21
-2.7399860629921258
0
LINE
8
User.Drawings
6
CONTINUOUS
10
4.5324026771653543
20
-2.7399860629921258
11
4.5479919291338584
21
-2.7257161417322835
0
LINE
8
User.Drawings
6
CONTINUOUS
10
4.5479919291338584
20
-2.7257161417322835
11
4.5479919291338584
21
-2.7519943700787399
0
LINE
8
User.Drawings
6
CONTINUOUS
10
1.602033779527559
20
-2.7185266535433068
11
1.6107701574803148
21
-2.7200392913385825
0
LINE
8
User.Drawings
6
CONTINUOUS
10
1.6107701574803148
20
-2.7200392913385825
11
1.6173757874015748
21
-2.7222749212598423
0
LINE
8
User.Drawings
6
CONTINUOUS
10
1.6173757874015748
20
-2.7222749212598423
11
1.6222838976377953
21
-2.7250834251968503
0
LINE
8
User.Drawings
6
CONTINUOUS
10
1.6222838976377953
20
-2.7250834251968503
11
1.6264104330708662
21
-2.7289992519685038
0
LINE
8
User.Drawings
6
CONTINUOUS
10
1.6264104330708662
20
-2.7289992519685038
11
1.6294117322834645
21
-2.733893307086614
0
LINE
8
User.Drawings
6
CONTINUOUS
10
1.6294117322834645
20
-2.733893307086614
11
1.6313171259842518
21
-2.7399766141732282
0
LINE
8
User.Drawings
6
CONTINUOUS
10
1.6313171259842518
20
-2.7399766141732282
11
1.632003622047244
21
-2.7475585826771654
0
LINE
8
User.Drawings
6
CONTINUOUS
10
1.632003622047244
20
-2.7475585826771654
11
1.6312823228346456
21
-2.7545758267716534
0
LINE
8
User.Drawings
6
CONTINUOUS
10
1.6312823228346456
20
-2.7545758267716534
11
1.6292133464566929
21
-2.7605879921259842
0
LINE
8
User.Drawings
6
CONTINUOUS
10
1.6292133464566929
20
-2.7605879921259842
11
1.6258244881889763
21
-2.7658065748031495
0
LINE
8
User.Drawings
6
CONTINUOUS
10
1.6258244881889763
20
-2.7658065748031495
11
1.6212958267716535
21
-2.7701147244094488
0
LINE
8
User.Drawings
6
CONTINUOUS
10
1.6212958267716535
20
-2.7701147244094488
11
1.6156211417322834
21
-2.7735025984251966
0
LINE
8
User.Drawings
6
CONTINUOUS
10
1.6156211417322834
20
-2.7735025984251966
11
1.6085793700787401
21
-2.7759570866141732
0
LINE
8
User.Drawings
6
CONTINUOUS
10
1.6085793700787401
20
-2.7759570866141732
11
1.6286111417322835
21
-2.8171043307086614
0
LINE
8
User.Drawings
6
CONTINUOUS
10
1.6286111417322835
20
-2.8171043307086614
11
1.6424704724409449
21
-2.8171043307086614
0
LINE
8
User.Drawings
6
CONTINUOUS
10
1.6424704724409449
20
-2.8171043307086614
11
1.6424704724409449
21
-2.8312598425196849
0
LINE
8
User.Drawings
6
CONTINUOUS
10
1.6424704724409449
20
-2.8312598425196849
11
1.6170134645669292
21
-2.8312598425196849
0
LINE
8
User.Drawings
6
CONTINUOUS
10
1.6170134645669292
20
-2.8312598425196849
11
1.5919401181102362
21
-2.7782860629921258
0
LINE
8
User.Drawings
6
CONTINUOUS
10
1.5919401181102362
20
-2.7782860629921258
11
1.5760479527559055
21
-2.7782860629921258
0
LINE
8
User.Drawings
6
CONTINUOUS
10
1.5760479527559055
20
-2.7782860629921258
11
1.5760479527559055
21
-2.8171043307086614
0
LINE
8
User.Drawings
6
CONTINUOUS
10
1.5760479527559055
20
-2.8171043307086614
11
1.590506377952756
21
-2.8171043307086614
0
LINE
8
User.Drawings
6
CONTINUOUS
10
1.590506377952756
20
-2.8171043307086614
11
1.590506377952756
21
-2.8312598425196849
0
LINE
8
User.Drawings
6
CONTINUOUS
10
1.590506377952756
20
-2.8312598425196849
11
1.5435165748031496
21
-2.8312598425196849
0
LINE
8
User.Drawings
6
CONTINUOUS
10
1.5435165748031496
20
-2.8312598425196849
11
1.5435165748031496
21
-2.8171043307086614
0
LINE
8
User.Drawings
6
CONTINUOUS
10
1.5435165748031496
20
-2.8171043307086614
11
1.5588836614173227
21
-2.8171043307086614
0
LINE
8
User.Drawings
6
CONTINUOUS
10
1.5588836614173227
20
-2.8171043307086614
11
1.5588836614173227
21
-2.7640564960629921
0
LINE
8
User.Drawings
6
CONTINUOUS
10
1.5588836614173227
20
-2.7640564960629921
11
1.5588836614173227
21
-2.7321174015748029
0
LINE
8
User.Drawings
6
CONTINUOUS
10
1.5588836614173227
20
-2.7321174015748029
11
1.5435165748031496
21
-2.7321174015748029
0
LINE
8
User.Drawings
6
CONTINUOUS
10
1.5435165748031496
20
-2.7321174015748029
11
1.5435165748031496
21
-2.7179619291338581
0
LINE
8
User.Drawings
6
CONTINUOUS
10
1.5435165748031496
20
-2.7179619291338581
11
1.5906611811023621
21
-2.7179619291338581
0
LINE
8
User.Drawings
6
CONTINUOUS
10
1.5906611811023621
20
-2.7179619291338581
11
1.602033779527559
21
-2.7185266535433068
0
LINE
8
User.Drawings
6
CONTINUOUS
10
1.5760479527559055
20
-2.7640564960629921
11
1.5925391732283465
21
-2.7640564960629921
0
LINE
8
User.Drawings
6
CONTINUOUS
10
1.5925391732283465
20
-2.7640564960629921
11
1.5998692519685038
21
-2.7635482677165353
0
LINE
8
User.Drawings
6
CONTINUOUS
10
1.5998692519685038
20
-2.7635482677165353
11
1.6051823622047243
21
-2.7622124015748031
0
LINE
8
User.Drawings
6
CONTINUOUS
10
1.6051823622047243
20
-2.7622124015748031
11
1.6089563385826771
21
-2.7602534251968502
0
LINE
8
User.Drawings
6
CONTINUOUS
10
1.6089563385826771
20
-2.7602534251968502
11
1.6118051968503937
21
-2.7573080708661415
0
LINE
8
User.Drawings
6
CONTINUOUS
10
1.6118051968503937
20
-2.7573080708661415
11
1.6136278346456692
21
-2.7531273228346458
0
LINE
8
User.Drawings
6
CONTINUOUS
10
1.6136278346456692
20
-2.7531273228346458
11
1.6143075590551181
21
-2.7472691338582678
0
LINE
8
User.Drawings
6
CONTINUOUS
10
1.6143075590551181
20
-2.7472691338582678
11
1.6136966929133858
21
-2.7422872047244096
0
LINE
8
User.Drawings
6
CONTINUOUS
10
1.6136966929133858
20
-2.7422872047244096
11
1.6120202362204723
21
-2.7385592519685038
0
LINE
8
User.Drawings
6
CONTINUOUS
10
1.6120202362204723
20
-2.7385592519685038
11
1.6093332677165353
21
-2.7357724015748031
0
LINE
8
User.Drawings
6
CONTINUOUS
10
1.6093332677165353
20
-2.7357724015748031
11
1.6058088188976378
21
-2.7339000787401573
0
LINE
8
User.Drawings
6
CONTINUOUS
10
1.6058088188976378
20
-2.7339000787401573
11
1.600732125984252
21
-2.7326116929133857
0
LINE
8
User.Drawings
6
CONTINUOUS
10
1.600732125984252
20
-2.7326116929133857
11
1.5935959448818897
21
-2.7321174015748029
0
LINE
8
User.Drawings
6
CONTINUOUS
10
1.5935959448818897
20
-2.7321174015748029
11
1.5760479527559055
21
-2.7321174015748029
0
LINE
8
User.Drawings
6
CONTINUOUS
10
1.5760479527559055
20
-2.7321174015748029
11
1.5760479527559055
21
-2.7640564960629921
0
LINE
8
User.Drawings
6
CONTINUOUS
10
1.7363020472440944
20
-2.7316664173228347
11
1.7226715748031496
21
-2.7316664173228347
0
LINE
8
User.Drawings
6
CONTINUOUS
10
1.7226715748031496
20
-2.7316664173228347
11
1.7533990551181102
21
-2.8171043307086614
0
LINE
8
User.Drawings
6
CONTINUOUS
10
1.7533990551181102
20
-2.8171043307086614
11
1.7660467716535433
21
-2.8171043307086614
0
LINE
8
User.Drawings
6
CONTINUOUS
10
1.7660467716535433
20
-2.8171043307086614
11
1.7660467716535433
21
-2.8312598425196849
0
LINE
8
User.Drawings
6
CONTINUOUS
10
1.7660467716535433
20
-2.8312598425196849
11
1.7213186220472441
21
-2.8312598425196849
0
LINE
8
User.Drawings
6
CONTINUOUS
10
1.7213186220472441
20
-2.8312598425196849
11
1.7213186220472441
21
-2.8171043307086614
0
LINE
8
User.Drawings
6
CONTINUOUS
10
1.7213186220472441
20
-2.8171043307086614
11
1.7361539763779528
21
-2.8171043307086614
0
LINE
8
User.Drawings
6
CONTINUOUS
10
1.7361539763779528
20
-2.8171043307086614
11
1.7273429527559054
21
-2.7916001574803149
0
LINE
8
User.Drawings
6
CONTINUOUS
10
1.7273429527559054
20
-2.7916001574803149
11
1.6861553543307086
21
-2.7916001574803149
0
LINE
8
User.Drawings
6
CONTINUOUS
10
1.6861553543307086
20
-2.7916001574803149
11
1.6773443307086613
21
-2.8171043307086614
0
LINE
8
User.Drawings
6
CONTINUOUS
10
1.6773443307086613
20
-2.8171043307086614
11
1.6917219685039371
21
-2.8171043307086614
0
LINE
8
User.Drawings
6
CONTINUOUS
10
1.6917219685039371
20
-2.8171043307086614
11
1.6917219685039371
21
-2.8312598425196849
0
LINE
8
User.Drawings
6
CONTINUOUS
10
1.6917219685039371
20
-2.8312598425196849
11
1.6466909055118111
21
-2.8312598425196849
0
LINE
8
User.Drawings
6
CONTINUOUS
10
1.6466909055118111
20
-2.8312598425196849
11
1.6466909055118111
21
-2.8171043307086614
0
LINE
8
User.Drawings
6
CONTINUOUS
10
1.6466909055118111
20
-2.8171043307086614
11
1.6603953937007874
21
-2.8171043307086614
0
LINE
8
User.Drawings
6
CONTINUOUS
10
1.6603953937007874
20
-2.8171043307086614
11
1.6742907480314961
21
-2.7782725984251968
0
LINE
8
User.Drawings
6
CONTINUOUS
10
1.6742907480314961
20
-2.7782725984251968
11
1.6909680708661416
21
-2.7316664173228347
0
LINE
8
User.Drawings
6
CONTINUOUS
10
1.6909680708661416
20
-2.7316664173228347
11
1.6773443307086613
21
-2.7316664173228347
0
LINE
8
User.Drawings
6
CONTINUOUS
10
1.6773443307086613
20
-2.7316664173228347
11
1.6773443307086613
21
-2.7179619291338581
0
LINE
8
User.Drawings
6
CONTINUOUS
10
1.6773443307086613
20
-2.7179619291338581
11
1.7363020472440944
21
-2.7179619291338581
0
LINE
8
User.Drawings
6
CONTINUOUS
10
1.7363020472440944
20
-2.7179619291338581
11
1.7363020472440944
21
-2.7316664173228347
0
LINE
8
User.Drawings
6
CONTINUOUS
10
1.6905978740157479
20
-2.7782725984251968
11
1.7228263779527559
21
-2.7782725984251968
0
LINE
8
User.Drawings
6
CONTINUOUS
10
1.7228263779527559
20
-2.7782725984251968
11
1.7071631102362204
21
-2.7316664173228347
0
LINE
8
User.Drawings
6
CONTINUOUS
10
1.7071631102362204
20
-2.7316664173228347
11
1.7066313385826772
21
-2.7316664173228347
0
LINE
8
User.Drawings
6
CONTINUOUS
10
1.7066313385826772
20
-2.7316664173228347
11
1.6905978740157479
21
-2.7782725984251968
0
LINE
8
User.Drawings
6
CONTINUOUS
10
4.7768549212598428
20
-2.7516129921259842
11
4.7818520078740159
21
-2.753515905511811
0
LINE
8
User.Drawings
6
CONTINUOUS
10
4.7818520078740159
20
-2.753515905511811
11
4.7859565748031496
21
-2.7565984251968505
0
LINE
8
User.Drawings
6
CONTINUOUS
10
4.7859565748031496
20
-2.7565984251968505
11
4.7889611023622045
21
-2.7607317716535431
0
LINE
8
User.Drawings
6
CONTINUOUS
10
4.7889611023622045
20
-2.7607317716535431
11
4.7909172047244093
21
-2.7663554330708662
0
LINE
8
User.Drawings
6
CONTINUOUS
10
4.7909172047244093
20
-2.7663554330708662
11
4.7916443307086611
21
-2.7739444881889761
0
LINE
8
User.Drawings
6
CONTINUOUS
10
4.7916443307086611
20
-2.7739444881889761
11
4.7916443307086611
21
-2.8174004724409447
0
LINE
8
User.Drawings
6
CONTINUOUS
10
4.7916443307086611
20
-2.8174004724409447
11
4.8055037007874013
21
-2.8174004724409447
0
LINE
8
User.Drawings
6
CONTINUOUS
10
4.8055037007874013
20
-2.8174004724409447
11
4.8055037007874013
21
-2.8312598425196849
0
LINE
8
User.Drawings
6
CONTINUOUS
10
4.8055037007874013
20
-2.8312598425196849
11
4.7762099212598423
21
-2.8312598425196849
0
LINE
8
User.Drawings
6
CONTINUOUS
10
4.7762099212598423
20
-2.8312598425196849
11
4.7762099212598423
21
-2.7811669685039369
0
LINE
8
User.Drawings
6
CONTINUOUS
10
4.7762099212598423
20
-2.7811669685039369
11
4.7756781889763777
21
-2.7727396062992127
0
LINE
8
User.Drawings
6
CONTINUOUS
10
4.7756781889763777
20
-2.7727396062992127
11
4.774722952755905
21
-2.7697354330708661
0
LINE
8
User.Drawings
6
CONTINUOUS
10
4.774722952755905
20
-2.7697354330708661
11
4.7729318897637798
21
-2.7672470472440942
0
LINE
8
User.Drawings
6
CONTINUOUS
10
4.7729318897637798
20
-2.7672470472440942
11
4.7702568110236223
21
-2.7656209842519686
0
LINE
8
User.Drawings
6
CONTINUOUS
10
4.7702568110236223
20
-2.7656209842519686
11
4.7658911417322836
21
-2.7649921259842518
0
LINE
8
User.Drawings
6
CONTINUOUS
10
4.7658911417322836
20
-2.7649921259842518
11
4.7614880314960626
21
-2.7655695669291336
0
LINE
8
User.Drawings
6
CONTINUOUS
10
4.7614880314960626
20
-2.7655695669291336
11
4.7558752755905509
21
-2.7675499606299212
0
LINE
8
User.Drawings
6
CONTINUOUS
10
4.7558752755905509
20
-2.7675499606299212
11
4.7502082283464562
21
-2.7706151968503936
0
LINE
8
User.Drawings
6
CONTINUOUS
10
4.7502082283464562
20
-2.7706151968503936
11
4.7438266141732282
21
-2.7752166535433069
0
LINE
8
User.Drawings
6
CONTINUOUS
10
4.7438266141732282
20
-2.7752166535433069
11
4.7438266141732282
21
-2.8174004724409447
0
LINE
8
User.Drawings
6
CONTINUOUS
10
4.7438266141732282
20
-2.8174004724409447
11
4.7572349606299209
21
-2.8174004724409447
0
LINE
8
User.Drawings
6
CONTINUOUS
10
4.7572349606299209
20
-2.8174004724409447
11
4.7572349606299209
21
-2.8312598425196849
0
LINE
8
User.Drawings
6
CONTINUOUS
10
4.7572349606299209
20
-2.8312598425196849
11
4.7282440944881889
21
-2.8312598425196849
0
LINE
8
User.Drawings
6
CONTINUOUS
10
4.7282440944881889
20
-2.8312598425196849
11
4.7282440944881889
21
-2.7792082283464565
0
LINE
8
User.Drawings
6
CONTINUOUS
10
4.7282440944881889
20
-2.7792082283464565
11
4.7279258661417325
21
-2.7741443307086615
0
LINE
8
User.Drawings
6
CONTINUOUS
10
4.7279258661417325
20
-2.7741443307086615
11
4.727108976377953
21
-2.7706436220472441
0
LINE
8
User.Drawings
6
CONTINUOUS
10
4.727108976377953
20
-2.7706436220472441
11
4.7259487795275588
21
-2.7683038188976377
0
LINE
8
User.Drawings
6
CONTINUOUS
10
4.7259487795275588
20
-2.7683038188976377
11
4.7241735826771656
21
-2.7665228346456692
0
LINE
8
User.Drawings
6
CONTINUOUS
10
4.7241735826771656
20
-2.7665228346456692
11
4.7217267716535432
21
-2.765403779527559
0
LINE
8
User.Drawings
6
CONTINUOUS
10
4.7217267716535432
20
-2.765403779527559
11
4.7183762992125979
21
-2.7649921259842518
0
LINE
8
User.Drawings
6
CONTINUOUS
10
4.7183762992125979
20
-2.7649921259842518
11
4.714407440944882
21
-2.7654718110236218
0
LINE
8
User.Drawings
6
CONTINUOUS
10
4.714407440944882
20
-2.7654718110236218
11
4.7095030314960633
21
-2.7670901574803151
0
LINE
8
User.Drawings
6
CONTINUOUS
10
4.7095030314960633
20
-2.7670901574803151
11
4.7034113779527562
21
-2.7701937007874013
0
LINE
8
User.Drawings
6
CONTINUOUS
10
4.7034113779527562
20
-2.7701937007874013
11
4.695860748031496
21
-2.7752166535433069
0
LINE
8
User.Drawings
6
CONTINUOUS
10
4.695860748031496
20
-2.7752166535433069
11
4.695860748031496
21
-2.8174004724409447
0
LINE
8
User.Drawings
6
CONTINUOUS
10
4.695860748031496
20
-2.8174004724409447
11
4.7097941338582672
21
-2.8174004724409447
0
LINE
8
User.Drawings
6
CONTINUOUS
10
4.7097941338582672
20
-2.8174004724409447
11
4.7097941338582672
21
-2.8312598425196849
0
LINE
8
User.Drawings
6
CONTINUOUS
10
4.7097941338582672
20
-2.8312598425196849
11
4.6661160236220471
21
-2.8312598425196849
0
LINE
8
User.Drawings
6
CONTINUOUS
10
4.6661160236220471
20
-2.8312598425196849
11
4.6661160236220471
21
-2.8174004724409447
0
LINE
8
User.Drawings
6
CONTINUOUS
10
4.6661160236220471
20
-2.8174004724409447
11
4.6803455905511813
21
-2.8174004724409447
0
LINE
8
User.Drawings
6
CONTINUOUS
10
4.6803455905511813
20
-2.8174004724409447
11
4.6803455905511813
21
-2.7659277559055115
0
LINE
8
User.Drawings
6
CONTINUOUS
10
4.6803455905511813
20
-2.7659277559055115
11
4.6670179921259844
21
-2.7659277559055115
0
LINE
8
User.Drawings
6
CONTINUOUS
10
4.6670179921259844
20
-2.7659277559055115
11
4.6670179921259844
21
-2.7519943700787399
0
LINE
8
User.Drawings
6
CONTINUOUS
10
4.6670179921259844
20
-2.7519943700787399
11
4.695860748031496
21
-2.7519943700787399
0
LINE
8
User.Drawings
6
CONTINUOUS
10
4.695860748031496
20
-2.7519943700787399
11
4.695860748031496
21
-2.7621919685039371
0
LINE
8
User.Drawings
6
CONTINUOUS
10
4.695860748031496
20
-2.7621919685039371
11
4.703222244094488
21
-2.757098937007874
0
LINE
8
User.Drawings
6
CONTINUOUS
10
4.703222244094488
20
-2.757098937007874
11
4.7101626377952757
21
-2.7536983858267714
0
LINE
8
User.Drawings
6
CONTINUOUS
10
4.7101626377952757
20
-2.7536983858267714
11
4.7167829133858268
21
-2.7517599212598425
0
LINE
8
User.Drawings
6
CONTINUOUS
10
4.7167829133858268
20
-2.7517599212598425
11
4.7231957874015746
21
-2.7511327952755904
0
LINE
8
User.Drawings
6
CONTINUOUS
10
4.7231957874015746
20
-2.7511327952755904
11
4.7285037007874013
21
-2.7516618897637795
0
LINE
8
User.Drawings
6
CONTINUOUS
10
4.7285037007874013
20
-2.7516618897637795
11
4.7328837401574804
21
-2.7531540944881887
0
LINE
8
User.Drawings
6
CONTINUOUS
10
4.7328837401574804
20
-2.7531540944881887
11
4.7365300000000001
21
-2.7555558267716536
0
LINE
8
User.Drawings
6
CONTINUOUS
10
4.7365300000000001
20
-2.7555558267716536
11
4.7395645275590548
21
-2.7589346456692914
0
LINE
8
User.Drawings
6
CONTINUOUS
10
4.7395645275590548
20
-2.7589346456692914
11
4.7420226771653544
21
-2.7634709055118112
0
LINE
8
User.Drawings
6
CONTINUOUS
10
4.7420226771653544
20
-2.7634709055118112
11
4.7501253149606297
21
-2.7576058661417324
0
LINE
8
User.Drawings
6
CONTINUOUS
10
4.7501253149606297
20
-2.7576058661417324
11
4.7575128346456692
21
-2.7537657086614171
0
LINE
8
User.Drawings
6
CONTINUOUS
10
4.7575128346456692
20
-2.7537657086614171
11
4.7643248031496066
21
-2.75162
0
LINE
8
User.Drawings
6
CONTINUOUS
10
4.7643248031496066
20
-2.75162
11
4.7707106299212594
21
-2.7509375984251969
0
LINE
8
User.Drawings
6
CONTINUOUS
10
4.7707106299212594
20
-2.7509375984251969
11
4.7768549212598428
21
-2.7516129921259842
0
LINE
8
User.Drawings
6
CONTINUOUS
10
1.2745183464566929
20
-2.4663110236220471
11
1.2825166929133858
21
-2.4677753543307088
0
LINE
8
User.Drawings
6
CONTINUOUS
10
1.2825166929133858
20
-2.4677753543307088
11
1.2899038976377952
21
-2.4701576377952756
0
LINE
8
User.Drawings
6
CONTINUOUS
10
1.2899038976377952
20
-2.4701576377952756
11
1.2967595669291339
21
-2.4734477559055117
0
LINE
8
User.Drawings
6
CONTINUOUS
10
1.2967595669291339
20
-2.4734477559055117
11
1.3031713779527558
21
-2.4776556692913387
0
LINE
8
User.Drawings
6
CONTINUOUS
10
1.3031713779527558
20
-2.4776556692913387
11
1.3087522440944881
21
-2.4825157480314961
0
LINE
8
User.Drawings
6
CONTINUOUS
10
1.3087522440944881
20
-2.4825157480314961
11
1.313568464566929
21
-2.4880570472440944
0
LINE
8
User.Drawings
6
CONTINUOUS
10
1.313568464566929
20
-2.4880570472440944
11
1.3176596456692913
21
-2.4943343700787399
0
LINE
8
User.Drawings
6
CONTINUOUS
10
1.3176596456692913
20
-2.4943343700787399
11
1.3208734251968504
21
-2.5010779527559053
0
LINE
8
User.Drawings
6
CONTINUOUS
10
1.3208734251968504
20
-2.5010779527559053
11
1.323184842519685
21
-2.5082338582677166
0
LINE
8
User.Drawings
6
CONTINUOUS
10
1.323184842519685
20
-2.5082338582677166
11
1.3245956692913385
21
-2.5158685039370079
0
LINE
8
User.Drawings
6
CONTINUOUS
10
1.3245956692913385
20
-2.5158685039370079
11
1.3250773228346457
21
-2.5240588976377953
0
LINE
8
User.Drawings
6
CONTINUOUS
10
1.3250773228346457
20
-2.5240588976377953
11
1.3245755905511811
21
-2.5326735826771651
0
LINE
8
User.Drawings
6
CONTINUOUS
10
1.3245755905511811
20
-2.5326735826771651
11
1.3231128740157481
21
-2.5406180708661417
0
LINE
8
User.Drawings
6
CONTINUOUS
10
1.3231128740157481
20
-2.5406180708661417
11
1.3207289763779528
21
-2.5479813779527558
0
LINE
8
User.Drawings
6
CONTINUOUS
10
1.3207289763779528
20
-2.5479813779527558
11
1.3174307874015747
21
-2.5548402362204725
0
LINE
8
User.Drawings
6
CONTINUOUS
10
1.3174307874015747
20
-2.5548402362204725
11
1.3132168503937007
21
-2.5612292913385826
0
LINE
8
User.Drawings
6
CONTINUOUS
10
1.3132168503937007
20
-2.5612292913385826
11
1.3083188582677165
21
-2.5667874803149604
0
LINE
8
User.Drawings
6
CONTINUOUS
10
1.3083188582677165
20
-2.5667874803149604
11
1.3027032283464566
21
-2.5715806299212596
0
LINE
8
User.Drawings
6
CONTINUOUS
10
1.3027032283464566
20
-2.5715806299212596
11
1.2963085826771654
21
-2.5756461023622048
0
LINE
8
User.Drawings
6
CONTINUOUS
10
1.2963085826771654
20
-2.5756461023622048
11
1.2894622440944881
21
-2.5788090157480315
0
LINE
8
User.Drawings
6
CONTINUOUS
10
1.2894622440944881
20
-2.5788090157480315
11
1.2821225590551182
21
-2.5810972440944879
0
LINE
8
User.Drawings
6
CONTINUOUS
10
1.2821225590551182
20
-2.5810972440944879
11
1.2742169291338583
21
-2.5825014960629922
0
LINE
8
User.Drawings
6
CONTINUOUS
10
1.2742169291338583
20
-2.5825014960629922
11
1.2656618897637795
21
-2.5829829921259844
0
LINE
8
User.Drawings
6
CONTINUOUS
10
1.2656618897637795
20
-2.5829829921259844
11
1.2572341732283465
21
-2.5824823228346454
0
LINE
8
User.Drawings
6
CONTINUOUS
10
1.2572341732283465
20
-2.5824823228346454
11
1.249461811023622
21
-2.5810222834645669
0
LINE
8
User.Drawings
6
CONTINUOUS
10
1.249461811023622
20
-2.5810222834645669
11
1.2422559448818897
21
-2.5786411417322834
0
LINE
8
User.Drawings
6
CONTINUOUS
10
1.2422559448818897
20
-2.5786411417322834
11
1.2355401968503936
21
-2.5753431889763778
0
LINE
8
User.Drawings
6
CONTINUOUS
10
1.2355401968503936
20
-2.5753431889763778
11
1.2293015354330707
21
-2.5711439370078741
0
LINE
8
User.Drawings
6
CONTINUOUS
10
1.2293015354330707
20
-2.5711439370078741
11
1.2238365354330709
21
-2.5662498425196851
0
LINE
8
User.Drawings
6
CONTINUOUS
10
1.2238365354330709
20
-2.5662498425196851
11
1.2190875984251968
21
-2.5606234251968503
0
LINE
8
User.Drawings
6
CONTINUOUS
10
1.2190875984251968
20
-2.5606234251968503
11
1.2150238188976377
21
-2.5542007874015749
0
LINE
8
User.Drawings
6
CONTINUOUS
10
1.2150238188976377
20
-2.5542007874015749
11
1.2118497244094488
21
-2.5473328346456694
0
LINE
8
User.Drawings
6
CONTINUOUS
10
1.2118497244094488
20
-2.5473328346456694
11
1.209560157480315
21
-2.5400164960629921
0
LINE
8
User.Drawings
6
CONTINUOUS
10
1.209560157480315
20
-2.5400164960629921
11
1.2081592519685038
21
-2.5321837007874017
0
LINE
8
User.Drawings
6
CONTINUOUS
10
1.2081592519685038
20
-2.5321837007874017
11
1.2076885826771653
21
-2.5239040944881888
0
LINE
8
User.Drawings
6
CONTINUOUS
10
1.2076885826771653
20
-2.5239040944881888
11
1.2076801574803149
21
-2.5237560236220471
0
LINE
8
User.Drawings
6
CONTINUOUS
10
1.2076801574803149
20
-2.5237560236220471
11
1.2081702755905512
21
-2.5154083858267717
0
LINE
8
User.Drawings
6
CONTINUOUS
10
1.2081702755905512
20
-2.5154083858267717
11
1.2096009055118111
21
-2.5076892519685039
0
LINE
8
User.Drawings
6
CONTINUOUS
10
1.2096009055118111
20
-2.5076892519685039
11
1.2119360629921259
21
-2.5005138582677167
0
LINE
8
User.Drawings
6
CONTINUOUS
10
1.2119360629921259
20
-2.5005138582677167
11
1.2151718897637795
21
-2.4938093307086615
0
LINE
8
User.Drawings
6
CONTINUOUS
10
1.2151718897637795
20
-2.4938093307086615
11
1.2192949606299213
21
-2.4875544881889762
0
LINE
8
User.Drawings
6
CONTINUOUS
10
1.2192949606299213
20
-2.4875544881889762
11
1.2240883858267717
21
-2.4820741732283462
0
LINE
8
User.Drawings
6
CONTINUOUS
10
1.2240883858267717
20
-2.4820741732283462
11
1.2295850393700787
21
-2.4773091338582676
0
LINE
8
User.Drawings
6
CONTINUOUS
10
1.2295850393700787
20
-2.4773091338582676
11
1.2358431102362204
21
-2.4732256299212598
0
LINE
8
User.Drawings
6
CONTINUOUS
10
1.2358431102362204
20
-2.4732256299212598
11
1.2425505905511811
21
-2.4700232677165355
0
LINE
8
User.Drawings
6
CONTINUOUS
10
1.2425505905511811
20
-2.4700232677165355
11
1.249731811023622
21
-2.4677108661417324
0
LINE
8
User.Drawings
6
CONTINUOUS
10
1.249731811023622
20
-2.4677108661417324
11
1.2574592125984252
21
-2.4662935826771655
0
LINE
8
User.Drawings
6
CONTINUOUS
10
1.2574592125984252
20
-2.4662935826771655
11
1.2658166929133858
21
-2.4658079527559056
0
LINE
8
User.Drawings
6
CONTINUOUS
10
1.2658166929133858
20
-2.4658079527559056
11
1.2745183464566929
21
-2.4663110236220471
0
LINE
8
User.Drawings
6
CONTINUOUS
10
1.2578473228346456
20
-2.4815921259842519
11
1.2510927559055118
21
-2.4834692519685038
0
LINE
8
User.Drawings
6
CONTINUOUS
10
1.2510927559055118
20
-2.4834692519685038
11
1.2449570078740158
21
-2.4865532283464566
0
LINE
8
User.Drawings
6
CONTINUOUS
10
1.2449570078740158
20
-2.4865532283464566
11
1.2395049212598426
21
-2.4907377952755905
0
LINE
8
User.Drawings
6
CONTINUOUS
10
1.2395049212598426
20
-2.4907377952755905
11
1.2349417716535434
21
-2.4958561811023623
0
LINE
8
User.Drawings
6
CONTINUOUS
10
1.2349417716535434
20
-2.4958561811023623
11
1.2312120866141731
21
-2.5020145669291338
0
LINE
8
User.Drawings
6
CONTINUOUS
10
1.2312120866141731
20
-2.5020145669291338
11
1.2285441732283464
21
-2.5087343307086614
0
LINE
8
User.Drawings
6
CONTINUOUS
10
1.2285441732283464
20
-2.5087343307086614
11
1.2269165748031496
21
-2.5159958267716536
0
LINE
8
User.Drawings
6
CONTINUOUS
10
1.2269165748031496
20
-2.5159958267716536
11
1.2263589763779528
21
-2.5239040944881888
0
LINE
8
User.Drawings
6
CONTINUOUS
10
1.2263589763779528
20
-2.5239040944881888
11
1.2269255511811024
21
-2.5323229921259842
0
LINE
8
User.Drawings
6
CONTINUOUS
10
1.2269255511811024
20
-2.5323229921259842
11
1.2285620472440946
21
-2.5398816535433069
0
LINE
8
User.Drawings
6
CONTINUOUS
10
1.2285620472440946
20
-2.5398816535433069
11
1.2312120866141731
21
-2.5467090944881887
0
LINE
8
User.Drawings
6
CONTINUOUS
10
1.2312120866141731
20
-2.5467090944881887
11
1.2349646456692913
21
-2.55293968503937
0
LINE
8
User.Drawings
6
CONTINUOUS
10
1.2349646456692913
20
-2.55293968503937
11
1.239599251968504
21
-2.5580921259842517
0
LINE
8
User.Drawings
6
CONTINUOUS
10
1.239599251968504
20
-2.5580921259842517
11
1.2451791338582676
21
-2.5622781102362202
0
LINE
8
User.Drawings
6
CONTINUOUS
10
1.2451791338582676
20
-2.5622781102362202
11
1.2514651181102361
21
-2.5653277952755906
0
LINE
8
User.Drawings
6
CONTINUOUS
10
1.2514651181102361
20
-2.5653277952755906
11
1.2584673228346457
21
-2.5671977165354329
0
LINE
8
User.Drawings
6
CONTINUOUS
10
1.2584673228346457
20
-2.5671977165354329
11
1.2663417322834645
21
-2.5678447244094489
0
LINE
8
User.Drawings
6
CONTINUOUS
10
1.2663417322834645
20
-2.5678447244094489
11
1.2739378346456693
21
-2.5671507480314961
0
LINE
8
User.Drawings
6
CONTINUOUS
10
1.2739378346456693
20
-2.5671507480314961
11
1.2808424803149605
21
-2.5651201181102361
0
LINE
8
User.Drawings
6
CONTINUOUS
10
1.2808424803149605
20
-2.5651201181102361
11
1.2872014173228346
21
-2.5617530708661418
0
LINE
8
User.Drawings
6
CONTINUOUS
10
1.2872014173228346
20
-2.5617530708661418
11
1.2928579133858267
21
-2.5572496456692915
0
LINE
8
User.Drawings
6
CONTINUOUS
10
1.2928579133858267
20
-2.5572496456692915
11
1.2975695669291338
21
-2.551887559055118
0
LINE
8
User.Drawings
6
CONTINUOUS
10
1.2975695669291338
20
-2.551887559055118
11
1.3013972834645668
21
-2.5455782677165355
0
LINE
8
User.Drawings
6
CONTINUOUS
10
1.3013972834645668
20
-2.5455782677165355
11
1.3041780708661417
21
-2.53871031496063
0
LINE
8
User.Drawings
6
CONTINUOUS
10
1.3041780708661417
20
-2.53871031496063
11
1.3058438188976378
21
-2.5315652755905513
0
LINE
8
User.Drawings
6
CONTINUOUS
10
1.3058438188976378
20
-2.5315652755905513
11
1.3064052362204723
21
-2.5240588976377953
0
LINE
8
User.Drawings
6
CONTINUOUS
10
1.3064052362204723
20
-2.5240588976377953
11
1.3058063779527558
21
-2.5164158267716537
0
LINE
8
User.Drawings
6
CONTINUOUS
10
1.3058063779527558
20
-2.5164158267716537
11
1.3040375196850393
21
-2.5092376771653542
0
LINE
8
User.Drawings
6
CONTINUOUS
10
1.3040375196850393
20
-2.5092376771653542
11
1.3010944094488188
21
-2.5024251574803147
0
LINE
8
User.Drawings
6
CONTINUOUS
10
1.3010944094488188
20
-2.5024251574803147
11
1.2970774803149605
21
-2.4962062204724407
0
LINE
8
User.Drawings
6
CONTINUOUS
10
1.2970774803149605
20
-2.4962062204724407
11
1.2922157086614172
21
-2.4909958661417324
0
LINE
8
User.Drawings
6
CONTINUOUS
10
1.2922157086614172
20
-2.4909958661417324
11
1.2864475196850393
21
-2.4867012992125983
0
LINE
8
User.Drawings
6
CONTINUOUS
10
1.2864475196850393
20
-2.4867012992125983
11
1.2800135039370077
21
-2.4835259448818898
0
LINE
8
User.Drawings
6
CONTINUOUS
10
1.2800135039370077
20
-2.4835259448818898
11
1.2730312598425197
21
-2.4816038188976379
0
LINE
8
User.Drawings
6
CONTINUOUS
10
1.2730312598425197
20
-2.4816038188976379
11
1.2653657086614174
21
-2.4809462204724411
0
LINE
8
User.Drawings
6
CONTINUOUS
10
1.2653657086614174
20
-2.4809462204724411
11
1.2578473228346456
21
-2.4815921259842519
0
LINE
8
User.Drawings
6
CONTINUOUS
10
2.0245183464566927
20
-2.4663110236220471
11
2.032516692913386
21
-2.4677753543307088
0
LINE
8
User.Drawings
6
CONTINUOUS
10
2.032516692913386
20
-2.4677753543307088
11
2.0399038976377954
21
-2.4701576377952756
0
LINE
8
User.Drawings
6
CONTINUOUS
10
2.0399038976377954
20
-2.4701576377952756
11
2.0467595669291336
21
-2.4734477559055117
0
LINE
8
User.Drawings
6
CONTINUOUS
10
2.0467595669291336
20
-2.4734477559055117
11
2.0531713779527561
21
-2.4776556692913387
0
LINE
8
User.Drawings
6
CONTINUOUS
10
2.0531713779527561
20
-2.4776556692913387
11
2.0587522440944883
21
-2.4825157480314961
0
LINE
8
User.Drawings
6
CONTINUOUS
10
2.0587522440944883
20
-2.4825157480314961
11
2.063568464566929
21
-2.4880570472440944
0
LINE
8
User.Drawings
6
CONTINUOUS
10
2.063568464566929
20
-2.4880570472440944
11
2.0676596456692913
21
-2.4943343700787399
0
LINE
8
User.Drawings
6
CONTINUOUS
10
2.0676596456692913
20
-2.4943343700787399
11
2.0708734251968504
21
-2.5010779527559053
0
LINE
8
User.Drawings
6
CONTINUOUS
10
2.0708734251968504
20
-2.5010779527559053
11
2.073184842519685
21
-2.5082338582677166
0
LINE
8
User.Drawings
6
CONTINUOUS
10
2.073184842519685
20
-2.5082338582677166
11
2.0745956692913383
21
-2.5158685039370079
0
LINE
8
User.Drawings
6
CONTINUOUS
10
2.0745956692913383
20
-2.5158685039370079
11
2.0750773228346455
21
-2.5240588976377953
0
LINE
8
User.Drawings
6
CONTINUOUS
10
2.0750773228346455
20
-2.5240588976377953
11
2.0745755905511811
21
-2.5326735826771651
0
LINE
8
User.Drawings
6
CONTINUOUS
10
2.0745755905511811
20
-2.5326735826771651
11
2.0731128740157478
21
-2.5406180708661417
0
LINE
8
User.Drawings
6
CONTINUOUS
10
2.0731128740157478
20
-2.5406180708661417
11
2.0707289763779526
21
-2.5479813779527558
0
LINE
8
User.Drawings
6
CONTINUOUS
10
2.0707289763779526
20
-2.5479813779527558
11
2.0674307874015749
21
-2.5548402362204725
0
LINE
8
User.Drawings
6
CONTINUOUS
10
2.0674307874015749
20
-2.5548402362204725
11
2.063216850393701
21
-2.5612292913385826
0
LINE
8
User.Drawings
6
CONTINUOUS
10
2.063216850393701
20
-2.5612292913385826
11
2.0583188582677163
21
-2.5667874803149604
0
LINE
8
User.Drawings
6
CONTINUOUS
10
2.0583188582677163
20
-2.5667874803149604
11
2.0527032283464566
21
-2.5715806299212596
0
LINE
8
User.Drawings
6
CONTINUOUS
10
2.0527032283464566
20
-2.5715806299212596
11
2.0463085826771654
21
-2.5756461023622048
0
LINE
8
User.Drawings
6
CONTINUOUS
10
2.0463085826771654
20
-2.5756461023622048
11
2.0394622440944881
21
-2.5788090157480315
0
LINE
8
User.Drawings
6
CONTINUOUS
10
2.0394622440944881
20
-2.5788090157480315
11
2.032122559055118
21
-2.5810972440944879
0
LINE
8
User.Drawings
6
CONTINUOUS
10
2.032122559055118
20
-2.5810972440944879
11
2.0242169291338583
21
-2.5825014960629922
0
LINE
8
User.Drawings
6
CONTINUOUS
10
2.0242169291338583
20
-2.5825014960629922
11
2.0156618897637797
21
-2.5829829921259844
0
LINE
8
User.Drawings
6
CONTINUOUS
10
2.0156618897637797
20
-2.5829829921259844
11
2.0072341732283463
21
-2.5824823228346454
0
LINE
8
User.Drawings
6
CONTINUOUS
10
2.0072341732283463
20
-2.5824823228346454
11
1.999461811023622
21
-2.5810222834645669
0
LINE
8
User.Drawings
6
CONTINUOUS
10
1.999461811023622
20
-2.5810222834645669
11
1.9922559448818897
21
-2.5786411417322834
0
LINE
8
User.Drawings
6
CONTINUOUS
10
1.9922559448818897
20
-2.5786411417322834
11
1.9855401968503936
21
-2.5753431889763778
0
LINE
8
User.Drawings
6
CONTINUOUS
10
1.9855401968503936
20
-2.5753431889763778
11
1.9793015354330707
21
-2.5711439370078741
0
LINE
8
User.Drawings
6
CONTINUOUS
10
1.9793015354330707
20
-2.5711439370078741
11
1.9738365354330709
21
-2.5662498425196851
0
LINE
8
User.Drawings
6
CONTINUOUS
10
1.9738365354330709
20
-2.5662498425196851
11
1.9690875984251968
21
-2.5606234251968503
0
LINE
8
User.Drawings
6
CONTINUOUS
10
1.9690875984251968
20
-2.5606234251968503
11
1.9650238188976377
21
-2.5542007874015749
0
LINE
8
User.Drawings
6
CONTINUOUS
10
1.9650238188976377
20
-2.5542007874015749
11
1.9618497244094488
21
-2.5473328346456694
0
LINE
8
User.Drawings
6
CONTINUOUS
10
1.9618497244094488
20
-2.5473328346456694
11
1.959560157480315
21
-2.5400164960629921
0
LINE
8
User.Drawings
6
CONTINUOUS
10
1.959560157480315
20
-2.5400164960629921
11
1.9581592519685038
21
-2.5321837007874017
0
LINE
8
User.Drawings
6
CONTINUOUS
10
1.9581592519685038
20
-2.5321837007874017
11
1.9576885826771653
21
-2.5239040944881888
0
LINE
8
User.Drawings
6
CONTINUOUS
10
1.9576885826771653
20
-2.5239040944881888
11
1.9576801574803149
21
-2.5237560236220471
0
LINE
8
User.Drawings
6
CONTINUOUS
10
1.9576801574803149
20
-2.5237560236220471
11
1.9581702755905512
21
-2.5154083858267717
0
LINE
8
User.Drawings
6
CONTINUOUS
10
1.9581702755905512
20
-2.5154083858267717
11
1.9596009055118109
21
-2.5076892519685039
0
LINE
8
User.Drawings
6
CONTINUOUS
10
1.9596009055118109
20
-2.5076892519685039
11
1.9619360629921259
21
-2.5005138582677167
0
LINE
8
User.Drawings
6
CONTINUOUS
10
1.9619360629921259
20
-2.5005138582677167
11
1.9651718897637795
21
-2.4938093307086615
0
LINE
8
User.Drawings
6
CONTINUOUS
10
1.9651718897637795
20
-2.4938093307086615
11
1.9692949606299213
21
-2.4875544881889762
0
LINE
8
User.Drawings
6
CONTINUOUS
10
1.9692949606299213
20
-2.4875544881889762
11
1.9740883858267717
21
-2.4820741732283462
0
LINE
8
User.Drawings
6
CONTINUOUS
10
1.9740883858267717
20
-2.4820741732283462
11
1.9795850393700787
21
-2.4773091338582676
0
LINE
8
User.Drawings
6
CONTINUOUS
10
1.9795850393700787
20
-2.4773091338582676
11
1.9858431102362204
21
-2.4732256299212598
0
LINE
8
User.Drawings
6
CONTINUOUS
10
1.9858431102362204
20
-2.4732256299212598
11
1.9925505905511811
21
-2.4700232677165355
0
LINE
8
User.Drawings
6
CONTINUOUS
10
1.9925505905511811
20
-2.4700232677165355
11
1.999731811023622
21
-2.4677108661417324
0
LINE
8
User.Drawings
6
CONTINUOUS
10
1.999731811023622
20
-2.4677108661417324
11
2.007459212598425
21
-2.4662935826771655
0
LINE
8
User.Drawings
6
CONTINUOUS
10
2.007459212598425
20
-2.4662935826771655
11
2.0158166929133858
21
-2.4658079527559056
0
LINE
8
User.Drawings
6
CONTINUOUS
10
2.0158166929133858
20
-2.4658079527559056
11
2.0245183464566927
21
-2.4663110236220471
0
LINE
8
User.Drawings
6
CONTINUOUS
10
2.0078473228346456
20
-2.4815921259842519
11
2.0010927559055118
21
-2.4834692519685038
0
LINE
8
User.Drawings
6
CONTINUOUS
10
2.0010927559055118
20
-2.4834692519685038
11
1.9949570078740158
21
-2.4865532283464566
0
LINE
8
User.Drawings
6
CONTINUOUS
10
1.9949570078740158
20
-2.4865532283464566
11
1.9895049212598426
21
-2.4907377952755905
0
LINE
8
User.Drawings
6
CONTINUOUS
10
1.9895049212598426
20
-2.4907377952755905
11
1.9849417716535434
21
-2.4958561811023623
0
LINE
8
User.Drawings
6
CONTINUOUS
10
1.9849417716535434
20
-2.4958561811023623
11
1.9812120866141731
21
-2.5020145669291338
0
LINE
8
User.Drawings
6
CONTINUOUS
10
1.9812120866141731
20
-2.5020145669291338
11
1.9785441732283464
21
-2.5087343307086614
0
LINE
8
User.Drawings
6
CONTINUOUS
10
1.9785441732283464
20
-2.5087343307086614
11
1.9769165748031496
21
-2.5159958267716536
0
LINE
8
User.Drawings
6
CONTINUOUS
10
1.9769165748031496
20
-2.5159958267716536
11
1.9763589763779528
21
-2.5239040944881888
0
LINE
8
User.Drawings
6
CONTINUOUS
10
1.9763589763779528
20
-2.5239040944881888
11
1.9769255511811024
21
-2.5323229921259842
0
LINE
8
User.Drawings
6
CONTINUOUS
10
1.9769255511811024
20
-2.5323229921259842
11
1.9785620472440943
21
-2.5398816535433069
0
LINE
8
User.Drawings
6
CONTINUOUS
10
1.9785620472440943
20
-2.5398816535433069
11
1.9812120866141731
21
-2.5467090944881887
0
LINE
8
User.Drawings
6
CONTINUOUS
10
1.9812120866141731
20
-2.5467090944881887
11
1.9849646456692913
21
-2.55293968503937
0
LINE
8
User.Drawings
6
CONTINUOUS
10
1.9849646456692913
20
-2.55293968503937
11
1.989599251968504
21
-2.5580921259842517
0
LINE
8
User.Drawings
6
CONTINUOUS
10
1.989599251968504
20
-2.5580921259842517
11
1.9951791338582676
21
-2.5622781102362202
0
LINE
8
User.Drawings
6
CONTINUOUS
10
1.9951791338582676
20
-2.5622781102362202
11
2.0014651181102363
21
-2.5653277952755906
0
LINE
8
User.Drawings
6
CONTINUOUS
10
2.0014651181102363
20
-2.5653277952755906
11
2.0084673228346457
21
-2.5671977165354329
0
LINE
8
User.Drawings
6
CONTINUOUS
10
2.0084673228346457
20
-2.5671977165354329
11
2.0163417322834647
21
-2.5678447244094489
0
LINE
8
User.Drawings
6
CONTINUOUS
10
2.0163417322834647
20
-2.5678447244094489
11
2.0239378346456691
21
-2.5671507480314961
0
LINE
8
User.Drawings
6
CONTINUOUS
10
2.0239378346456691
20
-2.5671507480314961
11
2.0308424803149605
21
-2.5651201181102361
0
LINE
8
User.Drawings
6
CONTINUOUS
10
2.0308424803149605
20
-2.5651201181102361
11
2.0372014173228346
21
-2.5617530708661418
0
LINE
8
User.Drawings
6
CONTINUOUS
10
2.0372014173228346
20
-2.5617530708661418
11
2.0428579133858267
21
-2.5572496456692915
0
LINE
8
User.Drawings
6
CONTINUOUS
10
2.0428579133858267
20
-2.5572496456692915
11
2.0475695669291336
21
-2.551887559055118
0
LINE
8
User.Drawings
6
CONTINUOUS
10
2.0475695669291336
20
-2.551887559055118
11
2.0513972834645671
21
-2.5455782677165355
0
LINE
8
User.Drawings
6
CONTINUOUS
10
2.0513972834645671
20
-2.5455782677165355
11
2.0541780708661417
21
-2.53871031496063
0
LINE
8
User.Drawings
6
CONTINUOUS
10
2.0541780708661417
20
-2.53871031496063
11
2.0558438188976376
21
-2.5315652755905513
0
LINE
8
User.Drawings
6
CONTINUOUS
10
2.0558438188976376
20
-2.5315652755905513
11
2.0564052362204723
21
-2.5240588976377953
0
LINE
8
User.Drawings
6
CONTINUOUS
10
2.0564052362204723
20
-2.5240588976377953
11
2.0558063779527558
21
-2.5164158267716537
0
LINE
8
User.Drawings
6
CONTINUOUS
10
2.0558063779527558
20
-2.5164158267716537
11
2.0540375196850391
21
-2.5092376771653542
0
LINE
8
User.Drawings
6
CONTINUOUS
10
2.0540375196850391
20
-2.5092376771653542
11
2.0510944094488188
21
-2.5024251574803147
0
LINE
8
User.Drawings
6
CONTINUOUS
10
2.0510944094488188
20
-2.5024251574803147
11
2.0470774803149605
21
-2.4962062204724407
0
LINE
8
User.Drawings
6
CONTINUOUS
10
2.0470774803149605
20
-2.4962062204724407
11
2.0422157086614172
21
-2.4909958661417324
0
LINE
8
User.Drawings
6
CONTINUOUS
10
2.0422157086614172
20
-2.4909958661417324
11
2.0364475196850393
21
-2.4867012992125983
0
LINE
8
User.Drawings
6
CONTINUOUS
10
2.0364475196850393
20
-2.4867012992125983
11
2.030013503937008
21
-2.4835259448818898
0
LINE
8
User.Drawings
6
CONTINUOUS
10
2.030013503937008
20
-2.4835259448818898
11
2.0230312598425195
21
-2.4816038188976379
0
LINE
8
User.Drawings
6
CONTINUOUS
10
2.0230312598425195
20
-2.4816038188976379
11
2.0153657086614172
21
-2.4809462204724411
0
LINE
8
User.Drawings
6
CONTINUOUS
10
2.0153657086614172
20
-2.4809462204724411
11
2.0078473228346456
21
-2.4815921259842519
0
LINE
8
User.Drawings
6
CONTINUOUS
10
4.0245183464566932
20
-2.4663110236220471
11
4.0325166929133855
21
-2.4677753543307088
0
LINE
8
User.Drawings
6
CONTINUOUS
10
4.0325166929133855
20
-2.4677753543307088
11
4.039903897637795
21
-2.4701576377952756
0
LINE
8
User.Drawings
6
CONTINUOUS
10
4.039903897637795
20
-2.4701576377952756
11
4.0467595669291336
21
-2.4734477559055117
0
LINE
8
User.Drawings
6
CONTINUOUS
10
4.0467595669291336
20
-2.4734477559055117
11
4.0531713779527561
21
-2.4776556692913387
0
LINE
8
User.Drawings
6
CONTINUOUS
10
4.0531713779527561
20
-2.4776556692913387
11
4.0587522440944879
21
-2.4825157480314961
0
LINE
8
User.Drawings
6
CONTINUOUS
10
4.0587522440944879
20
-2.4825157480314961
11
4.063568464566929
21
-2.4880570472440944
0
LINE
8
User.Drawings
6
CONTINUOUS
10
4.063568464566929
20
-2.4880570472440944
11
4.0676596456692913
21
-2.4943343700787399
0
LINE
8
User.Drawings
6
CONTINUOUS
10
4.0676596456692913
20
-2.4943343700787399
11
4.0708734251968499
21
-2.5010779527559053
0
LINE
8
User.Drawings
6
CONTINUOUS
10
4.0708734251968499
20
-2.5010779527559053
11
4.0731848425196846
21
-2.5082338582677166
0
LINE
8
User.Drawings
6
CONTINUOUS
10
4.0731848425196846
20
-2.5082338582677166
11
4.0745956692913383
21
-2.5158685039370079
0
LINE
8
User.Drawings
6
CONTINUOUS
10
4.0745956692913383
20
-2.5158685039370079
11
4.0750773228346455
21
-2.5240588976377953
0
LINE
8
User.Drawings
6
CONTINUOUS
10
4.0750773228346455
20
-2.5240588976377953
11
4.0745755905511807
21
-2.5326735826771651
0
LINE
8
User.Drawings
6
CONTINUOUS
10
4.0745755905511807
20
-2.5326735826771651
11
4.0731128740157478
21
-2.5406180708661417
0
LINE
8
User.Drawings
6
CONTINUOUS
10
4.0731128740157478
20
-2.5406180708661417
11
4.0707289763779526
21
-2.5479813779527558
0
LINE
8
User.Drawings
6
CONTINUOUS
10
4.0707289763779526
20
-2.5479813779527558
11
4.0674307874015749
21
-2.5548402362204725
0
LINE
8
User.Drawings
6
CONTINUOUS
10
4.0674307874015749
20
-2.5548402362204725
11
4.063216850393701
21
-2.5612292913385826
0
LINE
8
User.Drawings
6
CONTINUOUS
10
4.063216850393701
20
-2.5612292913385826
11
4.0583188582677163
21
-2.5667874803149604
0
LINE
8
User.Drawings
6
CONTINUOUS
10
4.0583188582677163
20
-2.5667874803149604
11
4.0527032283464566
21
-2.5715806299212596
0
LINE
8
User.Drawings
6
CONTINUOUS
10
4.0527032283464566
20
-2.5715806299212596
11
4.046308582677165
21
-2.5756461023622048
0
LINE
8
User.Drawings
6
CONTINUOUS
10
4.046308582677165
20
-2.5756461023622048
11
4.0394622440944881
21
-2.5788090157480315
0
LINE
8
User.Drawings
6
CONTINUOUS
10
4.0394622440944881
20
-2.5788090157480315
11
4.032122559055118
21
-2.5810972440944879
0
LINE
8
User.Drawings
6
CONTINUOUS
10
4.032122559055118
20
-2.5810972440944879
11
4.0242169291338579
21
-2.5825014960629922
0
LINE
8
User.Drawings
6
CONTINUOUS
10
4.0242169291338579
20
-2.5825014960629922
11
4.0156618897637797
21
-2.5829829921259844
0
LINE
8
User.Drawings
6
CONTINUOUS
10
4.0156618897637797
20
-2.5829829921259844
11
4.0072341732283467
21
-2.5824823228346454
0
LINE
8
User.Drawings
6
CONTINUOUS
10
4.0072341732283467
20
-2.5824823228346454
11
3.9994618110236217
21
-2.5810222834645669
0
LINE
8
User.Drawings
6
CONTINUOUS
10
3.9994618110236217
20
-2.5810222834645669
11
3.9922559448818897
21
-2.5786411417322834
0
LINE
8
User.Drawings
6
CONTINUOUS
10
3.9922559448818897
20
-2.5786411417322834
11
3.9855401968503936
21
-2.5753431889763778
0
LINE
8
User.Drawings
6
CONTINUOUS
10
3.9855401968503936
20
-2.5753431889763778
11
3.9793015354330707
21
-2.5711439370078741
0
LINE
8
User.Drawings
6
CONTINUOUS
10
3.9793015354330707
20
-2.5711439370078741
11
3.9738365354330707
21
-2.5662498425196851
0
LINE
8
User.Drawings
6
CONTINUOUS
10
3.9738365354330707
20
-2.5662498425196851
11
3.9690875984251965
21
-2.5606234251968503
0
LINE
8
User.Drawings
6
CONTINUOUS
10
3.9690875984251965
20
-2.5606234251968503
11
3.9650238188976377
21
-2.5542007874015749
0
LINE
8
User.Drawings
6
CONTINUOUS
10
3.9650238188976377
20
-2.5542007874015749
11
3.9618497244094488
21
-2.5473328346456694
0
LINE
8
User.Drawings
6
CONTINUOUS
10
3.9618497244094488
20
-2.5473328346456694
11
3.9595601574803148
21
-2.5400164960629921
0
LINE
8
User.Drawings
6
CONTINUOUS
10
3.9595601574803148
20
-2.5400164960629921
11
3.958159251968504
21
-2.5321837007874017
0
LINE
8
User.Drawings
6
CONTINUOUS
10
3.958159251968504
20
-2.5321837007874017
11
3.9576885826771653
21
-2.5239040944881888
0
LINE
8
User.Drawings
6
CONTINUOUS
10
3.9576885826771653
20
-2.5239040944881888
11
3.9576801574803149
21
-2.5237560236220471
0
LINE
8
User.Drawings
6
CONTINUOUS
10
3.9576801574803149
20
-2.5237560236220471
11
3.9581702755905512
21
-2.5154083858267717
0
LINE
8
User.Drawings
6
CONTINUOUS
10
3.9581702755905512
20
-2.5154083858267717
11
3.9596009055118109
21
-2.5076892519685039
0
LINE
8
User.Drawings
6
CONTINUOUS
10
3.9596009055118109
20
-2.5076892519685039
11
3.9619360629921259
21
-2.5005138582677167
0
LINE
8
User.Drawings
6
CONTINUOUS
10
3.9619360629921259
20
-2.5005138582677167
11
3.9651718897637793
21
-2.4938093307086615
0
LINE
8
User.Drawings
6
CONTINUOUS
10
3.9651718897637793
20
-2.4938093307086615
11
3.969294960629921
21
-2.4875544881889762
0
LINE
8
User.Drawings
6
CONTINUOUS
10
3.969294960629921
20
-2.4875544881889762
11
3.9740883858267715
21
-2.4820741732283462
0
LINE
8
User.Drawings
6
CONTINUOUS
10
3.9740883858267715
20
-2.4820741732283462
11
3.9795850393700785
21
-2.4773091338582676
0
LINE
8
User.Drawings
6
CONTINUOUS
10
3.9795850393700785
20
-2.4773091338582676
11
3.9858431102362202
21
-2.4732256299212598
0
LINE
8
User.Drawings
6
CONTINUOUS
10
3.9858431102362202
20
-2.4732256299212598
11
3.9925505905511809
21
-2.4700232677165355
0
LINE
8
User.Drawings
6
CONTINUOUS
10
3.9925505905511809
20
-2.4700232677165355
11
3.9997318110236217
21
-2.4677108661417324
0
LINE
8
User.Drawings
6
CONTINUOUS
10
3.9997318110236217
20
-2.4677108661417324
11
4.007459212598425
21
-2.4662935826771655
0
LINE
8
User.Drawings
6
CONTINUOUS
10
4.007459212598425
20
-2.4662935826771655
11
4.0158166929133854
21
-2.4658079527559056
0
LINE
8
User.Drawings
6
CONTINUOUS
10
4.0158166929133854
20
-2.4658079527559056
11
4.0245183464566932
21
-2.4663110236220471
0
LINE
8
User.Drawings
6
CONTINUOUS
10
4.0078473228346452
20
-2.4815921259842519
11
4.0010927559055114
21
-2.4834692519685038
0
LINE
8
User.Drawings
6
CONTINUOUS
10
4.0010927559055114
20
-2.4834692519685038
11
3.9949570078740155
21
-2.4865532283464566
0
LINE
8
User.Drawings
6
CONTINUOUS
10
3.9949570078740155
20
-2.4865532283464566
11
3.9895049212598424
21
-2.4907377952755905
0
LINE
8
User.Drawings
6
CONTINUOUS
10
3.9895049212598424
20
-2.4907377952755905
11
3.9849417716535434
21
-2.4958561811023623
0
LINE
8
User.Drawings
6
CONTINUOUS
10
3.9849417716535434
20
-2.4958561811023623
11
3.9812120866141729
21
-2.5020145669291338
0
LINE
8
User.Drawings
6
CONTINUOUS
10
3.9812120866141729
20
-2.5020145669291338
11
3.9785441732283462
21
-2.5087343307086614
0
LINE
8
User.Drawings
6
CONTINUOUS
10
3.9785441732283462
20
-2.5087343307086614
11
3.9769165748031496
21
-2.5159958267716536
0
LINE
8
User.Drawings
6
CONTINUOUS
10
3.9769165748031496
20
-2.5159958267716536
11
3.9763589763779525
21
-2.5239040944881888
0
LINE
8
User.Drawings
6
CONTINUOUS
10
3.9763589763779525
20
-2.5239040944881888
11
3.9769255511811021
21
-2.5323229921259842
0
LINE
8
User.Drawings
6
CONTINUOUS
10
3.9769255511811021
20
-2.5323229921259842
11
3.9785620472440946
21
-2.5398816535433069
0
LINE
8
User.Drawings
6
CONTINUOUS
10
3.9785620472440946
20
-2.5398816535433069
11
3.9812120866141729
21
-2.5467090944881887
0
LINE
8
User.Drawings
6
CONTINUOUS
10
3.9812120866141729
20
-2.5467090944881887
11
3.9849646456692911
21
-2.55293968503937
0
LINE
8
User.Drawings
6
CONTINUOUS
10
3.9849646456692911
20
-2.55293968503937
11
3.989599251968504
21
-2.5580921259842517
0
LINE
8
User.Drawings
6
CONTINUOUS
10
3.989599251968504
20
-2.5580921259842517
11
3.9951791338582678
21
-2.5622781102362202
0
LINE
8
User.Drawings
6
CONTINUOUS
10
3.9951791338582678
20
-2.5622781102362202
11
4.0014651181102359
21
-2.5653277952755906
0
LINE
8
User.Drawings
6
CONTINUOUS
10
4.0014651181102359
20
-2.5653277952755906
11
4.0084673228346457
21
-2.5671977165354329
0
LINE
8
User.Drawings
6
CONTINUOUS
10
4.0084673228346457
20
-2.5671977165354329
11
4.0163417322834647
21
-2.5678447244094489
0
LINE
8
User.Drawings
6
CONTINUOUS
10
4.0163417322834647
20
-2.5678447244094489
11
4.0239378346456691
21
-2.5671507480314961
0
LINE
8
User.Drawings
6
CONTINUOUS
10
4.0239378346456691
20
-2.5671507480314961
11
4.030842480314961
21
-2.5651201181102361
0
LINE
8
User.Drawings
6
CONTINUOUS
10
4.030842480314961
20
-2.5651201181102361
11
4.0372014173228346
21
-2.5617530708661418
0
LINE
8
User.Drawings
6
CONTINUOUS
10
4.0372014173228346
20
-2.5617530708661418
11
4.0428579133858271
21
-2.5572496456692915
0
LINE
8
User.Drawings
6
CONTINUOUS
10
4.0428579133858271
20
-2.5572496456692915
11
4.0475695669291341
21
-2.551887559055118
0
LINE
8
User.Drawings
6
CONTINUOUS
10
4.0475695669291341
20
-2.551887559055118
11
4.0513972834645671
21
-2.5455782677165355
0
LINE
8
User.Drawings
6
CONTINUOUS
10
4.0513972834645671
20
-2.5455782677165355
11
4.0541780708661417
21
-2.53871031496063
0
LINE
8
User.Drawings
6
CONTINUOUS
10
4.0541780708661417
20
-2.53871031496063
11
4.055843818897638
21
-2.5315652755905513
0
LINE
8
User.Drawings
6
CONTINUOUS
10
4.055843818897638
20
-2.5315652755905513
11
4.0564052362204723
21
-2.5240588976377953
0
LINE
8
User.Drawings
6
CONTINUOUS
10
4.0564052362204723
20
-2.5240588976377953
11
4.0558063779527558
21
-2.5164158267716537
0
LINE
8
User.Drawings
6
CONTINUOUS
10
4.0558063779527558
20
-2.5164158267716537
11
4.0540375196850391
21
-2.5092376771653542
0
LINE
8
User.Drawings
6
CONTINUOUS
10
4.0540375196850391
20
-2.5092376771653542
11
4.0510944094488188
21
-2.5024251574803147
0
LINE
8
User.Drawings
6
CONTINUOUS
10
4.0510944094488188
20
-2.5024251574803147
11
4.047077480314961
21
-2.4962062204724407
0
LINE
8
User.Drawings
6
CONTINUOUS
10
4.047077480314961
20
-2.4962062204724407
11
4.0422157086614172
21
-2.4909958661417324
0
LINE
8
User.Drawings
6
CONTINUOUS
10
4.0422157086614172
20
-2.4909958661417324
11
4.0364475196850389
21
-2.4867012992125983
0
LINE
8
User.Drawings
6
CONTINUOUS
10
4.0364475196850389
20
-2.4867012992125983
11
4.030013503937008
21
-2.4835259448818898
0
LINE
8
User.Drawings
6
CONTINUOUS
10
4.030013503937008
20
-2.4835259448818898
11
4.0230312598425195
21
-2.4816038188976379
0
LINE
8
User.Drawings
6
CONTINUOUS
10
4.0230312598425195
20
-2.4816038188976379
11
4.0153657086614176
21
-2.4809462204724411
0
LINE
8
User.Drawings
6
CONTINUOUS
10
4.0153657086614176
20
-2.4809462204724411
11
4.0078473228346452
21
-2.4815921259842519
0
LINE
8
User.Drawings
6
CONTINUOUS
10
4.824518346456693
20
-2.4663110236220471
11
4.8325166929133854
21
-2.4677753543307088
0
LINE
8
User.Drawings
6
CONTINUOUS
10
4.8325166929133854
20
-2.4677753543307088
11
4.8399038976377948
21
-2.4701576377952756
0
LINE
8
User.Drawings
6
CONTINUOUS
10
4.8399038976377948
20
-2.4701576377952756
11
4.8467595669291335
21
-2.4734477559055117
0
LINE
8
User.Drawings
6
CONTINUOUS
10
4.8467595669291335
20
-2.4734477559055117
11
4.8531713779527559
21
-2.4776556692913387
0
LINE
8
User.Drawings
6
CONTINUOUS
10
4.8531713779527559
20
-2.4776556692913387
11
4.8587522440944877
21
-2.4825157480314961
0
LINE
8
User.Drawings
6
CONTINUOUS
10
4.8587522440944877
20
-2.4825157480314961
11
4.8635684645669288
21
-2.4880570472440944
0
LINE
8
User.Drawings
6
CONTINUOUS
10
4.8635684645669288
20
-2.4880570472440944
11
4.8676596456692911
21
-2.4943343700787399
0
LINE
8
User.Drawings
6
CONTINUOUS
10
4.8676596456692911
20
-2.4943343700787399
11
4.8708734251968506
21
-2.5010779527559053
0
LINE
8
User.Drawings
6
CONTINUOUS
10
4.8708734251968506
20
-2.5010779527559053
11
4.8731848425196853
21
-2.5082338582677166
0
LINE
8
User.Drawings
6
CONTINUOUS
10
4.8731848425196853
20
-2.5082338582677166
11
4.8745956692913381
21
-2.5158685039370079
0
LINE
8
User.Drawings
6
CONTINUOUS
10
4.8745956692913381
20
-2.5158685039370079
11
4.8750773228346453
21
-2.5240588976377953
0
LINE
8
User.Drawings
6
CONTINUOUS
10
4.8750773228346453
20
-2.5240588976377953
11
4.8745755905511814
21
-2.5326735826771651
0
LINE
8
User.Drawings
6
CONTINUOUS
10
4.8745755905511814
20
-2.5326735826771651
11
4.8731128740157477
21
-2.5406180708661417
0
LINE
8
User.Drawings
6
CONTINUOUS
10
4.8731128740157477
20
-2.5406180708661417
11
4.8707289763779524
21
-2.5479813779527558
0
LINE
8
User.Drawings
6
CONTINUOUS
10
4.8707289763779524
20
-2.5479813779527558
11
4.8674307874015748
21
-2.5548402362204725
0
LINE
8
User.Drawings
6
CONTINUOUS
10
4.8674307874015748
20
-2.5548402362204725
11
4.8632168503937008
21
-2.5612292913385826
0
LINE
8
User.Drawings
6
CONTINUOUS
10
4.8632168503937008
20
-2.5612292913385826
11
4.8583188582677161
21
-2.5667874803149604
0
LINE
8
User.Drawings
6
CONTINUOUS
10
4.8583188582677161
20
-2.5667874803149604
11
4.8527032283464564
21
-2.5715806299212596
0
LINE
8
User.Drawings
6
CONTINUOUS
10
4.8527032283464564
20
-2.5715806299212596
11
4.8463085826771648
21
-2.5756461023622048
0
LINE
8
User.Drawings
6
CONTINUOUS
10
4.8463085826771648
20
-2.5756461023622048
11
4.8394622440944879
21
-2.5788090157480315
0
LINE
8
User.Drawings
6
CONTINUOUS
10
4.8394622440944879
20
-2.5788090157480315
11
4.8321225590551178
21
-2.5810972440944879
0
LINE
8
User.Drawings
6
CONTINUOUS
10
4.8321225590551178
20
-2.5810972440944879
11
4.8242169291338586
21
-2.5825014960629922
0
LINE
8
User.Drawings
6
CONTINUOUS
10
4.8242169291338586
20
-2.5825014960629922
11
4.8156618897637795
21
-2.5829829921259844
0
LINE
8
User.Drawings
6
CONTINUOUS
10
4.8156618897637795
20
-2.5829829921259844
11
4.8072341732283466
21
-2.5824823228346454
0
LINE
8
User.Drawings
6
CONTINUOUS
10
4.8072341732283466
20
-2.5824823228346454
11
4.7994618110236216
21
-2.5810222834645669
0
LINE
8
User.Drawings
6
CONTINUOUS
10
4.7994618110236216
20
-2.5810222834645669
11
4.79225594488189
21
-2.5786411417322834
0
LINE
8
User.Drawings
6
CONTINUOUS
10
4.79225594488189
20
-2.5786411417322834
11
4.7855401968503939
21
-2.5753431889763778
0
LINE
8
User.Drawings
6
CONTINUOUS
10
4.7855401968503939
20
-2.5753431889763778
11
4.7793015354330706
21
-2.5711439370078741
0
LINE
8
User.Drawings
6
CONTINUOUS
10
4.7793015354330706
20
-2.5711439370078741
11
4.7738365354330705
21
-2.5662498425196851
0
LINE
8
User.Drawings
6
CONTINUOUS
10
4.7738365354330705
20
-2.5662498425196851
11
4.7690875984251964
21
-2.5606234251968503
0
LINE
8
User.Drawings
6
CONTINUOUS
10
4.7690875984251964
20
-2.5606234251968503
11
4.7650238188976379
21
-2.5542007874015749
0
LINE
8
User.Drawings
6
CONTINUOUS
10
4.7650238188976379
20
-2.5542007874015749
11
4.7618497244094486
21
-2.5473328346456694
0
LINE
8
User.Drawings
6
CONTINUOUS
10
4.7618497244094486
20
-2.5473328346456694
11
4.7595601574803146
21
-2.5400164960629921
0
LINE
8
User.Drawings
6
CONTINUOUS
10
4.7595601574803146
20
-2.5400164960629921
11
4.7581592519685039
21
-2.5321837007874017
0
LINE
8
User.Drawings
6
CONTINUOUS
10
4.7581592519685039
20
-2.5321837007874017
11
4.7576885826771651
21
-2.5239040944881888
0
LINE
8
User.Drawings
6
CONTINUOUS
10
4.7576885826771651
20
-2.5239040944881888
11
4.7576801574803147
21
-2.5237560236220471
0
LINE
8
User.Drawings
6
CONTINUOUS
10
4.7576801574803147
20
-2.5237560236220471
11
4.7581702755905511
21
-2.5154083858267717
0
LINE
8
User.Drawings
6
CONTINUOUS
10
4.7581702755905511
20
-2.5154083858267717
11
4.7596009055118111
21
-2.5076892519685039
0
LINE
8
User.Drawings
6
CONTINUOUS
10
4.7596009055118111
20
-2.5076892519685039
11
4.7619360629921257
21
-2.5005138582677167
0
LINE
8
User.Drawings
6
CONTINUOUS
10
4.7619360629921257
20
-2.5005138582677167
11
4.7651718897637796
21
-2.4938093307086615
0
LINE
8
User.Drawings
6
CONTINUOUS
10
4.7651718897637796
20
-2.4938093307086615
11
4.7692949606299209
21
-2.4875544881889762
0
LINE
8
User.Drawings
6
CONTINUOUS
10
4.7692949606299209
20
-2.4875544881889762
11
4.7740883858267713
21
-2.4820741732283462
0
LINE
8
User.Drawings
6
CONTINUOUS
10
4.7740883858267713
20
-2.4820741732283462
11
4.7795850393700787
21
-2.4773091338582676
0
LINE
8
User.Drawings
6
CONTINUOUS
10
4.7795850393700787
20
-2.4773091338582676
11
4.78584311023622
21
-2.4732256299212598
0
LINE
8
User.Drawings
6
CONTINUOUS
10
4.78584311023622
20
-2.4732256299212598
11
4.7925505905511807
21
-2.4700232677165355
0
LINE
8
User.Drawings
6
CONTINUOUS
10
4.7925505905511807
20
-2.4700232677165355
11
4.799731811023622
21
-2.4677108661417324
0
LINE
8
User.Drawings
6
CONTINUOUS
10
4.799731811023622
20
-2.4677108661417324
11
4.8074592125984248
21
-2.4662935826771655
0
LINE
8
User.Drawings
6
CONTINUOUS
10
4.8074592125984248
20
-2.4662935826771655
11
4.8158166929133861
21
-2.4658079527559056
0
LINE
8
User.Drawings
6
CONTINUOUS
10
4.8158166929133861
20
-2.4658079527559056
11
4.824518346456693
21
-2.4663110236220471
0
LINE
8
User.Drawings
6
CONTINUOUS
10
4.8078473228346459
20
-2.4815921259842519
11
4.8010927559055121
21
-2.4834692519685038
0
LINE
8
User.Drawings
6
CONTINUOUS
10
4.8010927559055121
20
-2.4834692519685038
11
4.7949570078740154
21
-2.4865532283464566
0
LINE
8
User.Drawings
6
CONTINUOUS
10
4.7949570078740154
20
-2.4865532283464566
11
4.7895049212598426
21
-2.4907377952755905
0
LINE
8
User.Drawings
6
CONTINUOUS
10
4.7895049212598426
20
-2.4907377952755905
11
4.7849417716535436
21
-2.4958561811023623
0
LINE
8
User.Drawings
6
CONTINUOUS
10
4.7849417716535436
20
-2.4958561811023623
11
4.7812120866141727
21
-2.5020145669291338
0
LINE
8
User.Drawings
6
CONTINUOUS
10
4.7812120866141727
20
-2.5020145669291338
11
4.7785441732283465
21
-2.5087343307086614
0
LINE
8
User.Drawings
6
CONTINUOUS
10
4.7785441732283465
20
-2.5087343307086614
11
4.7769165748031499
21
-2.5159958267716536
0
LINE
8
User.Drawings
6
CONTINUOUS
10
4.7769165748031499
20
-2.5159958267716536
11
4.7763589763779528
21
-2.5239040944881888
0
LINE
8
User.Drawings
6
CONTINUOUS
10
4.7763589763779528
20
-2.5239040944881888
11
4.776925551181102
21
-2.5323229921259842
0
LINE
8
User.Drawings
6
CONTINUOUS
10
4.776925551181102
20
-2.5323229921259842
11
4.7785620472440939
21
-2.5398816535433069
0
LINE
8
User.Drawings
6
CONTINUOUS
10
4.7785620472440939
20
-2.5398816535433069
11
4.7812120866141727
21
-2.5467090944881887
0
LINE
8
User.Drawings
6
CONTINUOUS
10
4.7812120866141727
20
-2.5467090944881887
11
4.7849646456692909
21
-2.55293968503937
0
LINE
8
User.Drawings
6
CONTINUOUS
10
4.7849646456692909
20
-2.55293968503937
11
4.7895992519685038
21
-2.5580921259842517
0
LINE
8
User.Drawings
6
CONTINUOUS
10
4.7895992519685038
20
-2.5580921259842517
11
4.7951791338582677
21
-2.5622781102362202
0
LINE
8
User.Drawings
6
CONTINUOUS
10
4.7951791338582677
20
-2.5622781102362202
11
4.8014651181102357
21
-2.5653277952755906
0
LINE
8
User.Drawings
6
CONTINUOUS
10
4.8014651181102357
20
-2.5653277952755906
11
4.8084673228346455
21
-2.5671977165354329
0
LINE
8
User.Drawings
6
CONTINUOUS
10
4.8084673228346455
20
-2.5671977165354329
11
4.8163417322834645
21
-2.5678447244094489
0
LINE
8
User.Drawings
6
CONTINUOUS
10
4.8163417322834645
20
-2.5678447244094489
11
4.8239378346456689
21
-2.5671507480314961
0
LINE
8
User.Drawings
6
CONTINUOUS
10
4.8239378346456689
20
-2.5671507480314961
11
4.8308424803149608
21
-2.5651201181102361
0
LINE
8
User.Drawings
6
CONTINUOUS
10
4.8308424803149608
20
-2.5651201181102361
11
4.8372014173228344
21
-2.5617530708661418
0
LINE
8
User.Drawings
6
CONTINUOUS
10
4.8372014173228344
20
-2.5617530708661418
11
4.8428579133858269
21
-2.5572496456692915
0
LINE
8
User.Drawings
6
CONTINUOUS
10
4.8428579133858269
20
-2.5572496456692915
11
4.8475695669291339
21
-2.551887559055118
0
LINE
8
User.Drawings
6
CONTINUOUS
10
4.8475695669291339
20
-2.551887559055118
11
4.8513972834645669
21
-2.5455782677165355
0
LINE
8
User.Drawings
6
CONTINUOUS
10
4.8513972834645669
20
-2.5455782677165355
11
4.8541780708661415
21
-2.53871031496063
0
LINE
8
User.Drawings
6
CONTINUOUS
10
4.8541780708661415
20
-2.53871031496063
11
4.8558438188976378
21
-2.5315652755905513
0
LINE
8
User.Drawings
6
CONTINUOUS
10
4.8558438188976378
20
-2.5315652755905513
11
4.8564052362204722
21
-2.5240588976377953
0
LINE
8
User.Drawings
6
CONTINUOUS
10
4.8564052362204722
20
-2.5240588976377953
11
4.8558063779527556
21
-2.5164158267716537
0
LINE
8
User.Drawings
6
CONTINUOUS
10
4.8558063779527556
20
-2.5164158267716537
11
4.8540375196850389
21
-2.5092376771653542
0
LINE
8
User.Drawings
6
CONTINUOUS
10
4.8540375196850389
20
-2.5092376771653542
11
4.8510944094488186
21
-2.5024251574803147
0
LINE
8
User.Drawings
6
CONTINUOUS
10
4.8510944094488186
20
-2.5024251574803147
11
4.8470774803149608
21
-2.4962062204724407
0
LINE
8
User.Drawings
6
CONTINUOUS
10
4.8470774803149608
20
-2.4962062204724407
11
4.842215708661417
21
-2.4909958661417324
0
LINE
8
User.Drawings
6
CONTINUOUS
10
4.842215708661417
20
-2.4909958661417324
11
4.8364475196850396
21
-2.4867012992125983
0
LINE
8
User.Drawings
6
CONTINUOUS
10
4.8364475196850396
20
-2.4867012992125983
11
4.8300135039370078
21
-2.4835259448818898
0
LINE
8
User.Drawings
6
CONTINUOUS
10
4.8300135039370078
20
-2.4835259448818898
11
4.8230312598425193
21
-2.4816038188976379
0
LINE
8
User.Drawings
6
CONTINUOUS
10
4.8230312598425193
20
-2.4816038188976379
11
4.8153657086614174
21
-2.4809462204724411
0
LINE
8
User.Drawings
6
CONTINUOUS
10
4.8153657086614174
20
-2.4809462204724411
11
4.8078473228346459
21
-2.4815921259842519
0
LINE
8
User.Drawings
6
CONTINUOUS
10
1.4247380314960629
20
-2.5560653149606298
11
1.4247380314960629
21
-2.4821174015748029
0
LINE
8
User.Drawings
6
CONTINUOUS
10
1.4247380314960629
20
-2.4821174015748029
11
1.4085497244094487
21
-2.4821174015748029
0
LINE
8
User.Drawings
6
CONTINUOUS
10
1.4085497244094487
20
-2.4821174015748029
11
1.4085497244094487
21
-2.4679619291338581
0
LINE
8
User.Drawings
6
CONTINUOUS
10
1.4085497244094487
20
-2.4679619291338581
11
1.4550885433070866
21
-2.4679619291338581
0
LINE
8
User.Drawings
6
CONTINUOUS
10
1.4550885433070866
20
-2.4679619291338581
11
1.4550885433070866
21
-2.4821174015748029
0
LINE
8
User.Drawings
6
CONTINUOUS
10
1.4550885433070866
20
-2.4821174015748029
11
1.438442559055118
21
-2.4821174015748029
0
LINE
8
User.Drawings
6
CONTINUOUS
10
1.438442559055118
20
-2.4821174015748029
11
1.438442559055118
21
-2.5825522047244096
0
LINE
8
User.Drawings
6
CONTINUOUS
10
1.438442559055118
20
-2.5825522047244096
11
1.4208205118110235
21
-2.5825522047244096
0
LINE
8
User.Drawings
6
CONTINUOUS
10
1.4208205118110235
20
-2.5825522047244096
11
1.3663793700787401
21
-2.4856445275590549
0
LINE
8
User.Drawings
6
CONTINUOUS
10
1.3663793700787401
20
-2.4856445275590549
11
1.3663793700787401
21
-2.5671043307086614
0
LINE
8
User.Drawings
6
CONTINUOUS
10
1.3663793700787401
20
-2.5671043307086614
11
1.3826416929133858
21
-2.5671043307086614
0
LINE
8
User.Drawings
6
CONTINUOUS
10
1.3826416929133858
20
-2.5671043307086614
11
1.3826416929133858
21
-2.5812598425196849
0
LINE
8
User.Drawings
6
CONTINUOUS
10
1.3826416929133858
20
-2.5812598425196849
11
1.3361768897637796
21
-2.5812598425196849
0
LINE
8
User.Drawings
6
CONTINUOUS
10
1.3361768897637796
20
-2.5812598425196849
11
1.3361768897637796
21
-2.5671043307086614
0
LINE
8
User.Drawings
6
CONTINUOUS
10
1.3361768897637796
20
-2.5671043307086614
11
1.3523719291338583
21
-2.5671043307086614
0
LINE
8
User.Drawings
6
CONTINUOUS
10
1.3523719291338583
20
-2.5671043307086614
11
1.3523719291338583
21
-2.4821174015748029
0
LINE
8
User.Drawings
6
CONTINUOUS
10
1.3523719291338583
20
-2.4821174015748029
11
1.3361768897637796
21
-2.4821174015748029
0
LINE
8
User.Drawings
6
CONTINUOUS
10
1.3361768897637796
20
-2.4821174015748029
11
1.3361768897637796
21
-2.4679619291338581
0
LINE
8
User.Drawings
6
CONTINUOUS
10
1.3361768897637796
20
-2.4679619291338581
11
1.3748874803149607
21
-2.4679619291338581
0
LINE
8
User.Drawings
6
CONTINUOUS
10
1.3748874803149607
20
-2.4679619291338581
11
1.4247380314960629
21
-2.5560653149606298
0
LINE
8
User.Drawings
6
CONTINUOUS
10
4.974738031496063
20
-2.5560653149606298
11
4.974738031496063
21
-2.4821174015748029
0
LINE
8
User.Drawings
6
CONTINUOUS
10
4.974738031496063
20
-2.4821174015748029
11
4.9585497244094485
21
-2.4821174015748029
0
LINE
8
User.Drawings
6
CONTINUOUS
10
4.9585497244094485
20
-2.4821174015748029
11
4.9585497244094485
21
-2.4679619291338581
0
LINE
8
User.Drawings
6
CONTINUOUS
10
4.9585497244094485
20
-2.4679619291338581
11
5.0050885433070862
21
-2.4679619291338581
0
LINE
8
User.Drawings
6
CONTINUOUS
10
5.0050885433070862
20
-2.4679619291338581
11
5.0050885433070862
21
-2.4821174015748029
0
LINE
8
User.Drawings
6
CONTINUOUS
10
5.0050885433070862
20
-2.4821174015748029
11
4.9884425590551178
21
-2.4821174015748029
0
LINE
8
User.Drawings
6
CONTINUOUS
10
4.9884425590551178
20
-2.4821174015748029
11
4.9884425590551178
21
-2.5825522047244096
0
LINE
8
User.Drawings
6
CONTINUOUS
10
4.9884425590551178
20
-2.5825522047244096
11
4.9708205118110236
21
-2.5825522047244096
0
LINE
8
User.Drawings
6
CONTINUOUS
10
4.9708205118110236
20
-2.5825522047244096
11
4.9163793700787402
21
-2.4856445275590549
0
LINE
8
User.Drawings
6
CONTINUOUS
10
4.9163793700787402
20
-2.4856445275590549
11
4.9163793700787402
21
-2.5671043307086614
0
LINE
8
User.Drawings
6
CONTINUOUS
10
4.9163793700787402
20
-2.5671043307086614
11
4.9326416929133856
21
-2.5671043307086614
0
LINE
8
User.Drawings
6
CONTINUOUS
10
4.9326416929133856
20
-2.5671043307086614
11
4.9326416929133856
21
-2.5812598425196849
0
LINE
8
User.Drawings
6
CONTINUOUS
10
4.9326416929133856
20
-2.5812598425196849
11
4.8861768897637798
21
-2.5812598425196849
0
LINE
8
User.Drawings
6
CONTINUOUS
10
4.8861768897637798
20
-2.5812598425196849
11
4.8861768897637798
21
-2.5671043307086614
0
LINE
8
User.Drawings
6
CONTINUOUS
10
4.8861768897637798
20
-2.5671043307086614
11
4.9023719291338583
21
-2.5671043307086614
0
LINE
8
User.Drawings
6
CONTINUOUS
10
4.9023719291338583
20
-2.5671043307086614
11
4.9023719291338583
21
-2.4821174015748029
0
LINE
8
User.Drawings
6
CONTINUOUS
10
4.9023719291338583
20
-2.4821174015748029
11
4.8861768897637798
21
-2.4821174015748029
0
LINE
8
User.Drawings
6
CONTINUOUS
10
4.8861768897637798
20
-2.4821174015748029
11
4.8861768897637798
21
-2.4679619291338581
0
LINE
8
User.Drawings
6
CONTINUOUS
10
4.8861768897637798
20
-2.4679619291338581
11
4.9248874803149603
21
-2.4679619291338581
0
LINE
8
User.Drawings
6
CONTINUOUS
10
4.9248874803149603
20
-2.4679619291338581
11
4.974738031496063
21
-2.5560653149606298
0
LINE
8
User.Drawings
6
CONTINUOUS
10
2.1736072047244095
20
-2.5011327952755904
11
2.1595997637795277
21
-2.5011327952755904
0
LINE
8
User.Drawings
6
CONTINUOUS
10
2.1595997637795277
20
-2.5011327952755904
11
2.1595997637795277
21
-2.4821174015748029
0
LINE
8
User.Drawings
6
CONTINUOUS
10
2.1595997637795277
20
-2.4821174015748029
11
2.1170524803149604
21
-2.4821174015748029
0
LINE
8
User.Drawings
6
CONTINUOUS
10
2.1170524803149604
20
-2.4821174015748029
11
2.1170524803149604
21
-2.5157796456692911
0
LINE
8
User.Drawings
6
CONTINUOUS
10
2.1170524803149604
20
-2.5157796456692911
11
2.1537302362204724
21
-2.5157796456692911
0
LINE
8
User.Drawings
6
CONTINUOUS
10
2.1537302362204724
20
-2.5157796456692911
11
2.1537302362204724
21
-2.5299351574803151
0
LINE
8
User.Drawings
6
CONTINUOUS
10
2.1537302362204724
20
-2.5299351574803151
11
2.1170524803149604
21
-2.5299351574803151
0
LINE
8
User.Drawings
6
CONTINUOUS
10
2.1170524803149604
20
-2.5299351574803151
11
2.1170524803149604
21
-2.5671043307086614
0
LINE
8
User.Drawings
6
CONTINUOUS
10
2.1170524803149604
20
-2.5671043307086614
11
2.1315108661417321
21
-2.5671043307086614
0
LINE
8
User.Drawings
6
CONTINUOUS
10
2.1315108661417321
20
-2.5671043307086614
11
2.1315108661417321
21
-2.5812598425196849
0
LINE
8
User.Drawings
6
CONTINUOUS
10
2.1315108661417321
20
-2.5812598425196849
11
2.0855778346456693
21
-2.5812598425196849
0
LINE
8
User.Drawings
6
CONTINUOUS
10
2.0855778346456693
20
-2.5812598425196849
11
2.0855778346456693
21
-2.5671043307086614
0
LINE
8
User.Drawings
6
CONTINUOUS
10
2.0855778346456693
20
-2.5671043307086614
11
2.0998881496062993
21
-2.5671043307086614
0
LINE
8
User.Drawings
6
CONTINUOUS
10
2.0998881496062993
20
-2.5671043307086614
11
2.0998881496062993
21
-2.4821174015748029
0
LINE
8
User.Drawings
6
CONTINUOUS
10
2.0998881496062993
20
-2.4821174015748029
11
2.0855778346456693
21
-2.4821174015748029
0
LINE
8
User.Drawings
6
CONTINUOUS
10
2.0855778346456693
20
-2.4821174015748029
11
2.0855778346456693
21
-2.4679619291338581
0
LINE
8
User.Drawings
6
CONTINUOUS
10
2.0855778346456693
20
-2.4679619291338581
11
2.1736072047244095
21
-2.4679619291338581
0
LINE
8
User.Drawings
6
CONTINUOUS
10
2.1736072047244095
20
-2.4679619291338581
11
2.1736072047244095
21
-2.5011327952755904
0
LINE
8
User.Drawings
6
CONTINUOUS
10
2.2678426377952756
20
-2.5011327952755904
11
2.2538351968503938
21
-2.5011327952755904
0
LINE
8
User.Drawings
6
CONTINUOUS
10
2.2538351968503938
20
-2.5011327952755904
11
2.2538351968503938
21
-2.4821174015748029
0
LINE
8
User.Drawings
6
CONTINUOUS
10
2.2538351968503938
20
-2.4821174015748029
11
2.2112879133858265
21
-2.4821174015748029
0
LINE
8
User.Drawings
6
CONTINUOUS
10
2.2112879133858265
20
-2.4821174015748029
11
2.2112879133858265
21
-2.5157796456692911
0
LINE
8
User.Drawings
6
CONTINUOUS
10
2.2112879133858265
20
-2.5157796456692911
11
2.2479656692913386
21
-2.5157796456692911
0
LINE
8
User.Drawings
6
CONTINUOUS
10
2.2479656692913386
20
-2.5157796456692911
11
2.2479656692913386
21
-2.5299351574803151
0
LINE
8
User.Drawings
6
CONTINUOUS
10
2.2479656692913386
20
-2.5299351574803151
11
2.2112879133858265
21
-2.5299351574803151
0
LINE
8
User.Drawings
6
CONTINUOUS
10
2.2112879133858265
20
-2.5299351574803151
11
2.2112879133858265
21
-2.5671043307086614
0
LINE
8
User.Drawings
6
CONTINUOUS
10
2.2112879133858265
20
-2.5671043307086614
11
2.2257462992125983
21
-2.5671043307086614
0
LINE
8
User.Drawings
6
CONTINUOUS
10
2.2257462992125983
20
-2.5671043307086614
11
2.2257462992125983
21
-2.5812598425196849
0
LINE
8
User.Drawings
6
CONTINUOUS
10
2.2257462992125983
20
-2.5812598425196849
11
2.1798132677165354
21
-2.5812598425196849
0
LINE
8
User.Drawings
6
CONTINUOUS
10
2.1798132677165354
20
-2.5812598425196849
11
2.1798132677165354
21
-2.5671043307086614
0
LINE
8
User.Drawings
6
CONTINUOUS
10
2.1798132677165354
20
-2.5671043307086614
11
2.1941235826771655
21
-2.5671043307086614
0
LINE
8
User.Drawings
6
CONTINUOUS
10
2.1941235826771655
20
-2.5671043307086614
11
2.1941235826771655
21
-2.4821174015748029
0
LINE
8
User.Drawings
6
CONTINUOUS
10
2.1941235826771655
20
-2.4821174015748029
11
2.1798132677165354
21
-2.4821174015748029
0
LINE
8
User.Drawings
6
CONTINUOUS
10
2.1798132677165354
20
-2.4821174015748029
11
2.1798132677165354
21
-2.4679619291338581
0
LINE
8
User.Drawings
6
CONTINUOUS
10
2.1798132677165354
20
-2.4679619291338581
11
2.2678426377952756
21
-2.4679619291338581
0
LINE
8
User.Drawings
6
CONTINUOUS
10
2.2678426377952756
20
-2.4679619291338581
11
2.2678426377952756
21
-2.5011327952755904
0
LINE
8
User.Drawings
6
CONTINUOUS
10
4.1736072047244095
20
-2.5011327952755904
11
4.1595997637795277
21
-2.5011327952755904
0
LINE
8
User.Drawings
6
CONTINUOUS
10
4.1595997637795277
20
-2.5011327952755904
11
4.1595997637795277
21
-2.4821174015748029
0
LINE
8
User.Drawings
6
CONTINUOUS
10
4.1595997637795277
20
-2.4821174015748029
11
4.1170524803149604
21
-2.4821174015748029
0
LINE
8
User.Drawings
6
CONTINUOUS
10
4.1170524803149604
20
-2.4821174015748029
11
4.1170524803149604
21
-2.5157796456692911
0
LINE
8
User.Drawings
6
CONTINUOUS
10
4.1170524803149604
20
-2.5157796456692911
11
4.153730236220472
21
-2.5157796456692911
0
LINE
8
User.Drawings
6
CONTINUOUS
10
4.153730236220472
20
-2.5157796456692911
11
4.153730236220472
21
-2.5299351574803151
0
LINE
8
User.Drawings
6
CONTINUOUS
10
4.153730236220472
20
-2.5299351574803151
11
4.1170524803149604
21
-2.5299351574803151
0
LINE
8
User.Drawings
6
CONTINUOUS
10
4.1170524803149604
20
-2.5299351574803151
11
4.1170524803149604
21
-2.5671043307086614
0
LINE
8
User.Drawings
6
CONTINUOUS
10
4.1170524803149604
20
-2.5671043307086614
11
4.1315108661417321
21
-2.5671043307086614
0
LINE
8
User.Drawings
6
CONTINUOUS
10
4.1315108661417321
20
-2.5671043307086614
11
4.1315108661417321
21
-2.5812598425196849
0
LINE
8
User.Drawings
6
CONTINUOUS
10
4.1315108661417321
20
-2.5812598425196849
11
4.0855778346456688
21
-2.5812598425196849
0
LINE
8
User.Drawings
6
CONTINUOUS
10
4.0855778346456688
20
-2.5812598425196849
11
4.0855778346456688
21
-2.5671043307086614
0
LINE
8
User.Drawings
6
CONTINUOUS
10
4.0855778346456688
20
-2.5671043307086614
11
4.0998881496062989
21
-2.5671043307086614
0
LINE
8
User.Drawings
6
CONTINUOUS
10
4.0998881496062989
20
-2.5671043307086614
11
4.0998881496062989
21
-2.4821174015748029
0
LINE
8
User.Drawings
6
CONTINUOUS
10
4.0998881496062989
20
-2.4821174015748029
11
4.0855778346456688
21
-2.4821174015748029
0
LINE
8
User.Drawings
6
CONTINUOUS
10
4.0855778346456688
20
-2.4821174015748029
11
4.0855778346456688
21
-2.4679619291338581
0
LINE
8
User.Drawings
6
CONTINUOUS
10
4.0855778346456688
20
-2.4679619291338581
11
4.1736072047244095
21
-2.4679619291338581
0
LINE
8
User.Drawings
6
CONTINUOUS
10
4.1736072047244095
20
-2.4679619291338581
11
4.1736072047244095
21
-2.5011327952755904
0
LINE
8
User.Drawings
6
CONTINUOUS
10
4.2678426377952752
20
-2.5011327952755904
11
4.2538351968503934
21
-2.5011327952755904
0
LINE
8
User.Drawings
6
CONTINUOUS
10
4.2538351968503934
20
-2.5011327952755904
11
4.2538351968503934
21
-2.4821174015748029
0
LINE
8
User.Drawings
6
CONTINUOUS
10
4.2538351968503934
20
-2.4821174015748029
11
4.211287913385827
21
-2.4821174015748029
0
LINE
8
User.Drawings
6
CONTINUOUS
10
4.211287913385827
20
-2.4821174015748029
11
4.211287913385827
21
-2.5157796456692911
0
LINE
8
User.Drawings
6
CONTINUOUS
10
4.211287913385827
20
-2.5157796456692911
11
4.2479656692913386
21
-2.5157796456692911
0
LINE
8
User.Drawings
6
CONTINUOUS
10
4.2479656692913386
20
-2.5157796456692911
11
4.2479656692913386
21
-2.5299351574803151
0
LINE
8
User.Drawings
6
CONTINUOUS
10
4.2479656692913386
20
-2.5299351574803151
11
4.211287913385827
21
-2.5299351574803151
0
LINE
8
User.Drawings
6
CONTINUOUS
10
4.211287913385827
20
-2.5299351574803151
11
4.211287913385827
21
-2.5671043307086614
0
LINE
8
User.Drawings
6
CONTINUOUS
10
4.211287913385827
20
-2.5671043307086614
11
4.2257462992125987
21
-2.5671043307086614
0
LINE
8
User.Drawings
6
CONTINUOUS
10
4.2257462992125987
20
-2.5671043307086614
11
4.2257462992125987
21
-2.5812598425196849
0
LINE
8
User.Drawings
6
CONTINUOUS
10
4.2257462992125987
20
-2.5812598425196849
11
4.1798132677165354
21
-2.5812598425196849
0
LINE
8
User.Drawings
6
CONTINUOUS
10
4.1798132677165354
20
-2.5812598425196849
11
4.1798132677165354
21
-2.5671043307086614
0
LINE
8
User.Drawings
6
CONTINUOUS
10
4.1798132677165354
20
-2.5671043307086614
11
4.1941235826771655
21
-2.5671043307086614
0
LINE
8
User.Drawings
6
CONTINUOUS
10
4.1941235826771655
20
-2.5671043307086614
11
4.1941235826771655
21
-2.4821174015748029
0
LINE
8
User.Drawings
6
CONTINUOUS
10
4.1941235826771655
20
-2.4821174015748029
11
4.1798132677165354
21
-2.4821174015748029
0
LINE
8
User.Drawings
6
CONTINUOUS
10
4.1798132677165354
20
-2.4821174015748029
11
4.1798132677165354
21
-2.4679619291338581
0
LINE
8
User.Drawings
6
CONTINUOUS
10
4.1798132677165354
20
-2.4679619291338581
11
4.2678426377952752
21
-2.4679619291338581
0
LINE
8
User.Drawings
6
CONTINUOUS
10
4.2678426377952752
20
-2.4679619291338581
11
4.2678426377952752
21
-2.5011327952755904
0
LINE
8
User.Drawings
6
CONTINUOUS
10
1.7797799212598424
20
-2.0664720472440945
11
1.7859566141732284
21
-2.0683612992125986
0
LINE
8
User.Drawings
6
CONTINUOUS
10
1.7859566141732284
20
-2.0683612992125986
11
1.7912528740157481
21
-2.071410433070866
0
LINE
8
User.Drawings
6
CONTINUOUS
10
1.7912528740157481
20
-2.071410433070866
11
1.7958144881889764
21
-2.0756757480314962
0
LINE
8
User.Drawings
6
CONTINUOUS
10
1.7958144881889764
20
-2.0756757480314962
11
1.7994615354330707
21
-2.0808132283464564
0
LINE
8
User.Drawings
6
CONTINUOUS
10
1.7994615354330707
20
-2.0808132283464564
11
1.8021783858267717
21
-2.086679251968504
0
LINE
8
User.Drawings
6
CONTINUOUS
10
1.8021783858267717
20
-2.086679251968504
11
1.8039605511811023
21
-2.0933993700787403
0
LINE
8
User.Drawings
6
CONTINUOUS
10
1.8039605511811023
20
-2.0933993700787403
11
1.8047399212598425
21
-2.1011327952755905
0
LINE
8
User.Drawings
6
CONTINUOUS
10
1.8047399212598425
20
-2.1011327952755905
11
1.7910353937007875
21
-2.1011327952755905
0
LINE
8
User.Drawings
6
CONTINUOUS
10
1.7910353937007875
20
-2.1011327952755905
11
1.7897631496062991
21
-2.0951607086614175
0
LINE
8
User.Drawings
6
CONTINUOUS
10
1.7897631496062991
20
-2.0951607086614175
11
1.7875629527559054
21
-2.0900074015748031
0
LINE
8
User.Drawings
6
CONTINUOUS
10
1.7875629527559054
20
-2.0900074015748031
11
1.7844456299212599
21
-2.0855368110236219
0
LINE
8
User.Drawings
6
CONTINUOUS
10
1.7844456299212599
20
-2.0855368110236219
11
1.7804545275590551
21
-2.0820024015748033
0
LINE
8
User.Drawings
6
CONTINUOUS
10
1.7804545275590551
20
-2.0820024015748033
11
1.7759122834645669
21
-2.0799225196850393
0
LINE
8
User.Drawings
6
CONTINUOUS
10
1.7759122834645669
20
-2.0799225196850393
11
1.7706266929133858
21
-2.0792095669291339
0
LINE
8
User.Drawings
6
CONTINUOUS
10
1.7706266929133858
20
-2.0792095669291339
11
1.765687559055118
21
-2.0798816535433069
0
LINE
8
User.Drawings
6
CONTINUOUS
10
1.765687559055118
20
-2.0798816535433069
11
1.7613508661417323
21
-2.0818600393700786
0
LINE
8
User.Drawings
6
CONTINUOUS
10
1.7613508661417323
20
-2.0818600393700786
11
1.7574480708661417
21
-2.0852513779527557
0
LINE
8
User.Drawings
6
CONTINUOUS
10
1.7574480708661417
20
-2.0852513779527557
11
1.7539133464566929
21
-2.0903630314960631
0
LINE
8
User.Drawings
6
CONTINUOUS
10
1.7539133464566929
20
-2.0903630314960631
11
1.7514238976377952
21
-2.0959237795275589
0
LINE
8
User.Drawings
6
CONTINUOUS
10
1.7514238976377952
20
-2.0959237795275589
11
1.7494570078740157
21
-2.1027744488188977
0
LINE
8
User.Drawings
6
CONTINUOUS
10
1.7494570078740157
20
-2.1027744488188977
11
1.74810937007874
21
-2.1111529133858267
0
LINE
8
User.Drawings
6
CONTINUOUS
10
1.74810937007874
20
-2.1111529133858267
11
1.7475120866141731
21
-2.1213261023622048
0
LINE
8
User.Drawings
6
CONTINUOUS
10
1.7475120866141731
20
-2.1213261023622048
11
1.7538905118110235
21
-2.1157024409448817
0
LINE
8
User.Drawings
6
CONTINUOUS
10
1.7538905118110235
20
-2.1157024409448817
11
1.7604002362204725
21
-2.111877559055118
0
LINE
8
User.Drawings
6
CONTINUOUS
10
1.7604002362204725
20
-2.111877559055118
11
1.7671376377952754
21
-2.1096360236220471
0
LINE
8
User.Drawings
6
CONTINUOUS
10
1.7671376377952754
20
-2.1096360236220471
11
1.7742412992125984
21
-2.1088870078740158
0
LINE
8
User.Drawings
6
CONTINUOUS
10
1.7742412992125984
20
-2.1088870078740158
11
1.7796585039370079
21
-2.109342086614173
0
LINE
8
User.Drawings
6
CONTINUOUS
10
1.7796585039370079
20
-2.109342086614173
11
1.7847919685039371
21
-2.1106934645669293
0
LINE
8
User.Drawings
6
CONTINUOUS
10
1.7847919685039371
20
-2.1106934645669293
11
1.7897161023622046
21
-2.1129593307086614
0
LINE
8
User.Drawings
6
CONTINUOUS
10
1.7897161023622046
20
-2.1129593307086614
11
1.7941466141732283
21
-2.1160523228346455
0
LINE
8
User.Drawings
6
CONTINUOUS
10
1.7941466141732283
20
-2.1160523228346455
11
1.7979867716535434
21
-2.120000748031496
0
LINE
8
User.Drawings
6
CONTINUOUS
10
1.7979867716535434
20
-2.120000748031496
11
1.8012733858267715
21
-2.1249070472440943
0
LINE
8
User.Drawings
6
CONTINUOUS
10
1.8012733858267715
20
-2.1249070472440943
11
1.8036414960629921
21
-2.1303187401574801
0
LINE
8
User.Drawings
6
CONTINUOUS
10
1.8036414960629921
20
-2.1303187401574801
11
1.8051220078740158
21
-2.1365353543307086
0
LINE
8
User.Drawings
6
CONTINUOUS
10
1.8051220078740158
20
-2.1365353543307086
11
1.8056418897637796
21
-2.1437137401574802
0
LINE
8
User.Drawings
6
CONTINUOUS
10
1.8056418897637796
20
-2.1437137401574802
11
1.8051817322834645
21
-2.1508605905511811
0
LINE
8
User.Drawings
6
CONTINUOUS
10
1.8051817322834645
20
-2.1508605905511811
11
1.8038405511811024
21
-2.1574263385826771
0
LINE
8
User.Drawings
6
CONTINUOUS
10
1.8038405511811024
20
-2.1574263385826771
11
1.8016503543307085
21
-2.1634964566929131
0
LINE
8
User.Drawings
6
CONTINUOUS
10
1.8016503543307085
20
-2.1634964566929131
11
1.7985393700787402
21
-2.1690974409448818
0
LINE
8
User.Drawings
6
CONTINUOUS
10
1.7985393700787402
20
-2.1690974409448818
11
1.7946506692913387
21
-2.1738018503937009
0
LINE
8
User.Drawings
6
CONTINUOUS
10
1.7946506692913387
20
-2.1738018503937009
11
1.7899382283464567
21
-2.1777057874015746
0
LINE
8
User.Drawings
6
CONTINUOUS
10
1.7899382283464567
20
-2.1777057874015746
11
1.7845770472440945
21
-2.1805949999999998
0
LINE
8
User.Drawings
6
CONTINUOUS
10
1.7845770472440945
20
-2.1805949999999998
11
1.7785195275590551
21
-2.1823672834645671
0
LINE
8
User.Drawings
6
CONTINUOUS
10
1.7785195275590551
20
-2.1823672834645671
11
1.7716027165354331
21
-2.182982992125984
0
LINE
8
User.Drawings
6
CONTINUOUS
10
1.7716027165354331
20
-2.182982992125984
11
1.7641709055118109
21
-2.1822776377952757
0
LINE
8
User.Drawings
6
CONTINUOUS
10
1.7641709055118109
20
-2.1822776377952757
11
1.7574833464566928
21
-2.1802196850393702
0
LINE
8
User.Drawings
6
CONTINUOUS
10
1.7574833464566928
20
-2.1802196850393702
11
1.7513824803149607
21
-2.1768105511811022
0
LINE
8
User.Drawings
6
CONTINUOUS
10
1.7513824803149607
20
-2.1768105511811022
11
1.7461487401574802
21
-2.1721762992125986
0
LINE
8
User.Drawings
6
CONTINUOUS
10
1.7461487401574802
20
-2.1721762992125986
11
1.7415508661417323
21
-2.1659585433070867
0
LINE
8
User.Drawings
6
CONTINUOUS
10
1.7415508661417323
20
-2.1659585433070867
11
1.7376038976377952
21
-2.1578490551181102
0
LINE
8
User.Drawings
6
CONTINUOUS
10
1.7376038976377952
20
-2.1578490551181102
11
1.7349485433070866
21
-2.1491722440944883
0
LINE
8
User.Drawings
6
CONTINUOUS
10
1.7349485433070866
20
-2.1491722440944883
11
1.733222125984252
21
-2.1386586614173226
0
LINE
8
User.Drawings
6
CONTINUOUS
10
1.733222125984252
20
-2.1386586614173226
11
1.7332200393700787
21
-2.138645866141732
0
LINE
8
User.Drawings
6
CONTINUOUS
10
1.7332200393700787
20
-2.138645866141732
11
1.7325959448818897
21
-2.1259368897637794
0
LINE
8
User.Drawings
6
CONTINUOUS
10
1.7325959448818897
20
-2.1259368897637794
11
1.7333471653543306
21
-2.1115503149606298
0
LINE
8
User.Drawings
6
CONTINUOUS
10
1.7333471653543306
20
-2.1115503149606298
11
1.7354298031496063
21
-2.0996410236220471
0
LINE
8
User.Drawings
6
CONTINUOUS
10
1.7354298031496063
20
-2.0996410236220471
11
1.7386367322834646
21
-2.0898244488188977
0
LINE
8
User.Drawings
6
CONTINUOUS
10
1.7386367322834646
20
-2.0898244488188977
11
1.7428339763779528
21
-2.0817674015748029
0
LINE
8
User.Drawings
6
CONTINUOUS
10
1.7428339763779528
20
-2.0817674015748029
11
1.7473744488188976
21
-2.0759429133858269
0
LINE
8
User.Drawings
6
CONTINUOUS
10
1.7473744488188976
20
-2.0759429133858269
11
1.7525138976377952
21
-2.0715437007874016
0
LINE
8
User.Drawings
6
CONTINUOUS
10
1.7525138976377952
20
-2.0715437007874016
11
1.7583195669291338
21
-2.0684086220472442
0
LINE
8
User.Drawings
6
CONTINUOUS
10
1.7583195669291338
20
-2.0684086220472442
11
1.7649235433070867
21
-2.0664798818897636
0
LINE
8
User.Drawings
6
CONTINUOUS
10
1.7649235433070867
20
-2.0664798818897636
11
1.7725113779527559
21
-2.0658079527559057
0
LINE
8
User.Drawings
6
CONTINUOUS
10
1.7725113779527559
20
-2.0658079527559057
11
1.7797799212598424
21
-2.0664720472440945
0
LINE
8
User.Drawings
6
CONTINUOUS
10
1.7667483070866141
20
-2.1244461811023623
11
1.7609742519685039
21
-2.1269540551181101
0
LINE
8
User.Drawings
6
CONTINUOUS
10
1.7609742519685039
20
-2.1269540551181101
11
1.7548549212598425
21
-2.1315127559055118
0
LINE
8
User.Drawings
6
CONTINUOUS
10
1.7548549212598425
20
-2.1315127559055118
11
1.7482592519685038
21
-2.1386586614173226
0
LINE
8
User.Drawings
6
CONTINUOUS
10
1.7482592519685038
20
-2.1386586614173226
11
1.7503179921259842
21
-2.1495187401574802
0
LINE
8
User.Drawings
6
CONTINUOUS
10
1.7503179921259842
20
-2.1495187401574802
11
1.7532015748031495
21
-2.1573435039370077
0
LINE
8
User.Drawings
6
CONTINUOUS
10
1.7532015748031495
20
-2.1573435039370077
11
1.7567032283464568
21
-2.1628150000000002
0
LINE
8
User.Drawings
6
CONTINUOUS
10
1.7567032283464568
20
-2.1628150000000002
11
1.7607501968503936
21
-2.1664612992125982
0
LINE
8
User.Drawings
6
CONTINUOUS
10
1.7607501968503936
20
-2.1664612992125982
11
1.76542
21
-2.1686116141732281
0
LINE
8
User.Drawings
6
CONTINUOUS
10
1.76542
20
-2.1686116141732281
11
1.7709296062992126
21
-2.1693525196850394
0
LINE
8
User.Drawings
6
CONTINUOUS
10
1.7709296062992126
20
-2.1693525196850394
11
1.7768739370078739
21
-2.1685603149606298
0
LINE
8
User.Drawings
6
CONTINUOUS
10
1.7768739370078739
20
-2.1685603149606298
11
1.7817579527559055
21
-2.1662907874015747
0
LINE
8
User.Drawings
6
CONTINUOUS
10
1.7817579527559055
20
-2.1662907874015747
11
1.7858389763779527
21
-2.1624935039370077
0
LINE
8
User.Drawings
6
CONTINUOUS
10
1.7858389763779527
20
-2.1624935039370077
11
1.788837559055118
21
-2.1576541338582675
0
LINE
8
User.Drawings
6
CONTINUOUS
10
1.788837559055118
20
-2.1576541338582675
11
1.7906881102362204
21
-2.1519911417322835
0
LINE
8
User.Drawings
6
CONTINUOUS
10
1.7906881102362204
20
-2.1519911417322835
11
1.7913383070866142
21
-2.1452955511811025
0
LINE
8
User.Drawings
6
CONTINUOUS
10
1.7913383070866142
20
-2.1452955511811025
11
1.7907426377952755
21
-2.1391864173228345
0
LINE
8
User.Drawings
6
CONTINUOUS
10
1.7907426377952755
20
-2.1391864173228345
11
1.7890547637795275
21
-2.134075905511811
0
LINE
8
User.Drawings
6
CONTINUOUS
10
1.7890547637795275
20
-2.134075905511811
11
1.7863303543307085
21
-2.1297601574803151
0
LINE
8
User.Drawings
6
CONTINUOUS
10
1.7863303543307085
20
-2.1297601574803151
11
1.7826141732283465
21
-2.1264049606299213
0
LINE
8
User.Drawings
6
CONTINUOUS
10
1.7826141732283465
20
-2.1264049606299213
11
1.7780447244094488
21
-2.1243682677165352
0
LINE
8
User.Drawings
6
CONTINUOUS
10
1.7780447244094488
20
-2.1243682677165352
11
1.7723565748031496
21
-2.1236483070866141
0
LINE
8
User.Drawings
6
CONTINUOUS
10
1.7723565748031496
20
-2.1236483070866141
11
1.7667483070866141
21
-2.1244461811023623
0
LINE
8
User.Drawings
6
CONTINUOUS
10
2.5009031889763778
20
-2.098117244094488
11
2.486815
21
-2.098117244094488
0
LINE
8
User.Drawings
6
CONTINUOUS
10
2.486815
20
-2.098117244094488
11
2.486815
21
-2.082117401574803
0
LINE
8
User.Drawings
6
CONTINUOUS
10
2.486815
20
-2.082117401574803
11
2.4521767322834647
21
-2.082117401574803
0
LINE
8
User.Drawings
6
CONTINUOUS
10
2.4521767322834647
20
-2.082117401574803
11
2.4496929527559055
21
-2.1155911811023622
0
LINE
8
User.Drawings
6
CONTINUOUS
10
2.4496929527559055
20
-2.1155911811023622
11
2.454931535433071
21
-2.1118877165354331
0
LINE
8
User.Drawings
6
CONTINUOUS
10
2.454931535433071
20
-2.1118877165354331
11
2.4604998818897639
21
-2.1092773228346458
0
LINE
8
User.Drawings
6
CONTINUOUS
10
2.4604998818897639
20
-2.1092773228346458
11
2.4664761811023621
21
-2.1077010629921258
0
LINE
8
User.Drawings
6
CONTINUOUS
10
2.4664761811023621
20
-2.1077010629921258
11
2.4729623622047243
21
-2.1071638582677163
0
LINE
8
User.Drawings
6
CONTINUOUS
10
2.4729623622047243
20
-2.1071638582677163
11
2.4798876377952754
21
-2.1077564960629922
0
LINE
8
User.Drawings
6
CONTINUOUS
10
2.4798876377952754
20
-2.1077564960629922
11
2.4859988188976376
21
-2.1094657874015748
0
LINE
8
User.Drawings
6
CONTINUOUS
10
2.4859988188976376
20
-2.1094657874015748
11
2.4914459842519685
21
-2.112252559055118
0
LINE
8
User.Drawings
6
CONTINUOUS
10
2.4914459842519685
20
-2.112252559055118
11
2.4962869685039371
21
-2.1160267322834647
0
LINE
8
User.Drawings
6
CONTINUOUS
10
2.4962869685039371
20
-2.1160267322834647
11
2.5002833464566927
21
-2.1205251968503935
0
LINE
8
User.Drawings
6
CONTINUOUS
10
2.5002833464566927
20
-2.1205251968503935
11
2.5034946456692913
21
-2.1258224803149606
0
LINE
8
User.Drawings
6
CONTINUOUS
10
2.5034946456692913
20
-2.1258224803149606
11
2.5057955905511808
21
-2.1316005118110235
0
LINE
8
User.Drawings
6
CONTINUOUS
10
2.5057955905511808
20
-2.1316005118110235
11
2.5071959842519687
21
-2.1378134645669289
0
LINE
8
User.Drawings
6
CONTINUOUS
10
2.5071959842519687
20
-2.1378134645669289
11
2.5076746850393699
21
-2.1445483858267718
0
LINE
8
User.Drawings
6
CONTINUOUS
10
2.5076746850393699
20
-2.1445483858267718
11
2.5071256692913386
21
-2.1520128740157478
0
LINE
8
User.Drawings
6
CONTINUOUS
10
2.5071256692913386
20
-2.1520128740157478
11
2.5055409448818895
21
-2.1586760236220472
0
LINE
8
User.Drawings
6
CONTINUOUS
10
2.5055409448818895
20
-2.1586760236220472
11
2.5029696456692911
21
-2.1646676377952754
0
LINE
8
User.Drawings
6
CONTINUOUS
10
2.5029696456692911
20
-2.1646676377952754
11
2.499366535433071
21
-2.1700585039370077
0
LINE
8
User.Drawings
6
CONTINUOUS
10
2.499366535433071
20
-2.1700585039370077
11
2.4948648031496061
21
-2.1745429527559055
0
LINE
8
User.Drawings
6
CONTINUOUS
10
2.4948648031496061
20
-2.1745429527559055
11
2.4893727952755906
21
-2.1781971653543306
0
LINE
8
User.Drawings
6
CONTINUOUS
10
2.4893727952755906
20
-2.1781971653543306
11
2.4832811023622048
21
-2.1808045669291336
0
LINE
8
User.Drawings
6
CONTINUOUS
10
2.4832811023622048
20
-2.1808045669291336
11
2.4764279527559054
21
-2.1824203937007876
0
LINE
8
User.Drawings
6
CONTINUOUS
10
2.4764279527559054
20
-2.1824203937007876
11
2.4686679527559057
21
-2.182982992125984
0
LINE
8
User.Drawings
6
CONTINUOUS
10
2.4686679527559057
20
-2.182982992125984
11
2.4600700393700787
21
-2.182307244094488
0
LINE
8
User.Drawings
6
CONTINUOUS
10
2.4600700393700787
20
-2.182307244094488
11
2.4528090944881891
21
-2.1803994094488188
0
LINE
8
User.Drawings
6
CONTINUOUS
10
2.4528090944881891
20
-2.1803994094488188
11
2.4466480314960628
21
-2.1773656692913383
0
LINE
8
User.Drawings
6
CONTINUOUS
10
2.4466480314960628
20
-2.1773656692913383
11
2.4414069685039368
21
-2.1732094094488188
0
LINE
8
User.Drawings
6
CONTINUOUS
10
2.4414069685039368
20
-2.1732094094488188
11
2.4371692913385825
21
-2.1680509448818897
0
LINE
8
User.Drawings
6
CONTINUOUS
10
2.4371692913385825
20
-2.1680509448818897
11
2.4338927559055117
21
-2.1617903543307087
0
LINE
8
User.Drawings
6
CONTINUOUS
10
2.4338927559055117
20
-2.1617903543307087
11
2.431603031496063
21
-2.1542202755905513
0
LINE
8
User.Drawings
6
CONTINUOUS
10
2.431603031496063
20
-2.1542202755905513
11
2.4304150787401575
21
-2.1450734251968502
0
LINE
8
User.Drawings
6
CONTINUOUS
10
2.4304150787401575
20
-2.1450734251968502
11
2.4450215748031496
21
-2.1450734251968502
0
LINE
8
User.Drawings
6
CONTINUOUS
10
2.4450215748031496
20
-2.1450734251968502
11
2.4466011811023622
21
-2.152550748031496
0
LINE
8
User.Drawings
6
CONTINUOUS
10
2.4466011811023622
20
-2.152550748031496
11
2.4491633070866143
21
-2.1585074803149604
0
LINE
8
User.Drawings
6
CONTINUOUS
10
2.4491633070866143
20
-2.1585074803149604
11
2.4526277165354329
21
-2.1632272047244094
0
LINE
8
User.Drawings
6
CONTINUOUS
10
2.4526277165354329
20
-2.1632272047244094
11
2.4571149212598424
21
-2.1668461417322833
0
LINE
8
User.Drawings
6
CONTINUOUS
10
2.4571149212598424
20
-2.1668461417322833
11
2.4624304330708662
21
-2.1690368110236218
0
LINE
8
User.Drawings
6
CONTINUOUS
10
2.4624304330708662
20
-2.1690368110236218
11
2.4688227559055118
21
-2.1698035039370076
0
LINE
8
User.Drawings
6
CONTINUOUS
10
2.4688227559055118
20
-2.1698035039370076
11
2.4751990157480313
21
-2.1690125590551181
0
LINE
8
User.Drawings
6
CONTINUOUS
10
2.4751990157480313
20
-2.1690125590551181
11
2.4805646850393699
21
-2.1667369685039368
0
LINE
8
User.Drawings
6
CONTINUOUS
10
2.4805646850393699
20
-2.1667369685039368
11
2.4851591338582675
21
-2.1629444881889763
0
LINE
8
User.Drawings
6
CONTINUOUS
10
2.4851591338582675
20
-2.1629444881889763
11
2.4885990551181103
21
-2.1580290157480313
0
LINE
8
User.Drawings
6
CONTINUOUS
10
2.4885990551181103
20
-2.1580290157480313
11
2.4907303543307084
21
-2.152089251968504
0
LINE
8
User.Drawings
6
CONTINUOUS
10
2.4907303543307084
20
-2.152089251968504
11
2.4914863779527558
21
-2.1448445669291338
0
LINE
8
User.Drawings
6
CONTINUOUS
10
2.4914863779527558
20
-2.1448445669291338
11
2.4907473228346455
21
-2.1373258267716535
0
LINE
8
User.Drawings
6
CONTINUOUS
10
2.4907473228346455
20
-2.1373258267716535
11
2.4887183464566927
21
-2.1314982677165353
0
LINE
8
User.Drawings
6
CONTINUOUS
10
2.4887183464566927
20
-2.1314982677165353
11
2.4855360629921259
21
-2.1269801968503939
0
LINE
8
User.Drawings
6
CONTINUOUS
10
2.4855360629921259
20
-2.1269801968503939
11
2.4812291732283462
21
-2.1235185826771654
0
LINE
8
User.Drawings
6
CONTINUOUS
10
2.4812291732283462
20
-2.1235185826771654
11
2.4762316929133856
21
-2.1214412204724411
0
LINE
8
User.Drawings
6
CONTINUOUS
10
2.4762316929133856
20
-2.1214412204724411
11
2.4703305118110235
21
-2.1207202755905512
0
LINE
8
User.Drawings
6
CONTINUOUS
10
2.4703305118110235
20
-2.1207202755905512
11
2.465209094488189
21
-2.121253897637795
0
LINE
8
User.Drawings
6
CONTINUOUS
10
2.465209094488189
20
-2.121253897637795
11
2.4604703543307087
21
-2.1228342519685039
0
LINE
8
User.Drawings
6
CONTINUOUS
10
2.4604703543307087
20
-2.1228342519685039
11
2.4560067716535432
21
-2.1255036220472441
0
LINE
8
User.Drawings
6
CONTINUOUS
10
2.4560067716535432
20
-2.1255036220472441
11
2.4517466929133858
21
-2.1293975196850394
0
LINE
8
User.Drawings
6
CONTINUOUS
10
2.4517466929133858
20
-2.1293975196850394
11
2.447660157480315
21
-2.1347344488188975
0
LINE
8
User.Drawings
6
CONTINUOUS
10
2.447660157480315
20
-2.1347344488188975
11
2.4422377952755907
21
-2.1301203937007873
0
LINE
8
User.Drawings
6
CONTINUOUS
10
2.4422377952755907
20
-2.1301203937007873
11
2.4358403543307086
21
-2.1261522834645668
0
LINE
8
User.Drawings
6
CONTINUOUS
10
2.4358403543307086
20
-2.1261522834645668
11
2.4404309448818897
21
-2.0679619291338582
0
LINE
8
User.Drawings
6
CONTINUOUS
10
2.4404309448818897
20
-2.0679619291338582
11
2.5009031889763778
21
-2.0679619291338582
0
LINE
8
User.Drawings
6
CONTINUOUS
10
2.5009031889763778
20
-2.0679619291338582
11
2.5009031889763778
21
-2.098117244094488
0
LINE
8
User.Drawings
6
CONTINUOUS
10
3.8771149606299211
20
-2.0664227952755905
11
3.8840778740157478
21
-2.0681220472440947
0
LINE
8
User.Drawings
6
CONTINUOUS
10
3.8840778740157478
20
-2.0681220472440947
11
3.8897044881889764
21
-2.0707549212598426
0
LINE
8
User.Drawings
6
CONTINUOUS
10
3.8897044881889764
20
-2.0707549212598426
11
3.8942326771653542
21
-2.074268937007874
0
LINE
8
User.Drawings
6
CONTINUOUS
10
3.8942326771653542
20
-2.074268937007874
11
3.8979870472440945
21
-2.0787621653543304
0
LINE
8
User.Drawings
6
CONTINUOUS
10
3.8979870472440945
20
-2.0787621653543304
11
3.9006544488188974
21
-2.0837756299212598
0
LINE
8
User.Drawings
6
CONTINUOUS
10
3.9006544488188974
20
-2.0837756299212598
11
3.9022885039370077
21
-2.0894137007874014
0
LINE
8
User.Drawings
6
CONTINUOUS
10
3.9022885039370077
20
-2.0894137007874014
11
3.9028551968503935
21
-2.0958219291338582
0
LINE
8
User.Drawings
6
CONTINUOUS
10
3.9028551968503935
20
-2.0958219291338582
11
3.9022832283464566
21
-2.1019285826771652
0
LINE
8
User.Drawings
6
CONTINUOUS
10
3.9022832283464566
20
-2.1019285826771652
11
3.9006485826771651
21
-2.1071619685039371
0
LINE
8
User.Drawings
6
CONTINUOUS
10
3.9006485826771651
20
-2.1071619685039371
11
3.8979953543307087
21
-2.111693897637795
0
LINE
8
User.Drawings
6
CONTINUOUS
10
3.8979953543307087
20
-2.111693897637795
11
3.8945067322834643
21
-2.11571905511811
0
LINE
8
User.Drawings
6
CONTINUOUS
10
3.8945067322834643
20
-2.11571905511811
11
3.8907879527559053
21
-2.118872440944882
0
LINE
8
User.Drawings
6
CONTINUOUS
10
3.8907879527559053
20
-2.118872440944882
11
3.8868149999999999
21
-2.1212453149606301
0
LINE
8
User.Drawings
6
CONTINUOUS
10
3.8868149999999999
20
-2.1212453149606301
11
3.8939116929133859
21
-2.123982559055118
0
LINE
8
User.Drawings
6
CONTINUOUS
10
3.8939116929133859
20
-2.123982559055118
11
3.899178937007874
21
-2.1273739763779527
0
LINE
8
User.Drawings
6
CONTINUOUS
10
3.899178937007874
20
-2.1273739763779527
11
3.9029696456692911
21
-2.1313756299212598
0
LINE
8
User.Drawings
6
CONTINUOUS
10
3.9029696456692911
20
-2.1313756299212598
11
3.9056648425196849
21
-2.1362025590551181
0
LINE
8
User.Drawings
6
CONTINUOUS
10
3.9056648425196849
20
-2.1362025590551181
11
3.9073685039370076
21
-2.1420546456692913
0
LINE
8
User.Drawings
6
CONTINUOUS
10
3.9073685039370076
20
-2.1420546456692913
11
3.907977559055118
21
-2.149179409448819
0
LINE
8
User.Drawings
6
CONTINUOUS
10
3.907977559055118
20
-2.149179409448819
11
3.9073123622047241
21
-2.1565271653543308
0
LINE
8
User.Drawings
6
CONTINUOUS
10
3.9073123622047241
20
-2.1565271653543308
11
3.9054191338582678
21
-2.1627820078740156
0
LINE
8
User.Drawings
6
CONTINUOUS
10
3.9054191338582678
20
-2.1627820078740156
11
3.9023638188976375
21
-2.16815437007874
0
LINE
8
User.Drawings
6
CONTINUOUS
10
3.9023638188976375
20
-2.16815437007874
11
3.8982549212598423
21
-2.1728215748031494
0
LINE
8
User.Drawings
6
CONTINUOUS
10
3.8982549212598423
20
-2.1728215748031494
11
3.8934522440944881
21
-2.1765531889763778
0
LINE
8
User.Drawings
6
CONTINUOUS
10
3.8934522440944881
20
-2.1765531889763778
11
3.8878717716535434
21
-2.179408779527559
0
LINE
8
User.Drawings
6
CONTINUOUS
10
3.8878717716535434
20
-2.179408779527559
11
3.88185937007874
21
-2.1813850000000001
0
LINE
8
User.Drawings
6
CONTINUOUS
10
3.88185937007874
20
-2.1813850000000001
11
3.875577401574803
21
-2.1825790157480314
0
LINE
8
User.Drawings
6
CONTINUOUS
10
3.875577401574803
20
-2.1825790157480314
11
3.8689708267716534
21
-2.182982992125984
0
LINE
8
User.Drawings
6
CONTINUOUS
10
3.8689708267716534
20
-2.182982992125984
11
3.8597253937007872
21
-2.1822899606299213
0
LINE
8
User.Drawings
6
CONTINUOUS
10
3.8597253937007872
20
-2.1822899606299213
11
3.8520202755905513
21
-2.1803473622047242
0
LINE
8
User.Drawings
6
CONTINUOUS
10
3.8520202755905513
20
-2.1803473622047242
11
3.8455828740157481
21
-2.1772866929133858
0
LINE
8
User.Drawings
6
CONTINUOUS
10
3.8455828740157481
20
-2.1772866929133858
11
3.8402020866141733
21
-2.1731353937007873
0
LINE
8
User.Drawings
6
CONTINUOUS
10
3.8402020866141733
20
-2.1731353937007873
11
3.8359584251968504
21
-2.167930433070866
0
LINE
8
User.Drawings
6
CONTINUOUS
10
3.8359584251968504
20
-2.167930433070866
11
3.8327748425196848
21
-2.1613756692913384
0
LINE
8
User.Drawings
6
CONTINUOUS
10
3.8327748425196848
20
-2.1613756692913384
11
3.8307131496062992
21
-2.1531685433070864
0
LINE
8
User.Drawings
6
CONTINUOUS
10
3.8307131496062992
20
-2.1531685433070864
11
3.8299640944881888
21
-2.1429194488188976
0
LINE
8
User.Drawings
6
CONTINUOUS
10
3.8299640944881888
20
-2.1429194488188976
11
3.8448735039370079
21
-2.1429194488188976
0
LINE
8
User.Drawings
6
CONTINUOUS
10
3.8448735039370079
20
-2.1429194488188976
11
3.8459810236220471
21
-2.1510335039370077
0
LINE
8
User.Drawings
6
CONTINUOUS
10
3.8459810236220471
20
-2.1510335039370077
11
3.8483779527559054
21
-2.1574368503937009
0
LINE
8
User.Drawings
6
CONTINUOUS
10
3.8483779527559054
20
-2.1574368503937009
11
3.8519478740157478
21
-2.1624867716535432
0
LINE
8
User.Drawings
6
CONTINUOUS
10
3.8519478740157478
20
-2.1624867716535432
11
3.8554406299212598
21
-2.1654966535433071
0
LINE
8
User.Drawings
6
CONTINUOUS
10
3.8554406299212598
20
-2.1654966535433071
11
3.8595095669291339
21
-2.1676687401574801
0
LINE
8
User.Drawings
6
CONTINUOUS
10
3.8595095669291339
20
-2.1676687401574801
11
3.8642681102362202
21
-2.1690231496062991
0
LINE
8
User.Drawings
6
CONTINUOUS
10
3.8642681102362202
20
-2.1690231496062991
11
3.8698727952755902
21
-2.1695005905511811
0
LINE
8
User.Drawings
6
CONTINUOUS
10
3.8698727952755902
20
-2.1695005905511811
11
3.876436496062992
21
-2.1688305511811024
0
LINE
8
User.Drawings
6
CONTINUOUS
10
3.876436496062992
20
-2.1688305511811024
11
3.8817149212598423
21
-2.1669588582677166
0
LINE
8
User.Drawings
6
CONTINUOUS
10
3.8817149212598423
20
-2.1669588582677166
11
3.8859870472440945
21
-2.1639676377952757
0
LINE
8
User.Drawings
6
CONTINUOUS
10
3.8859870472440945
20
-2.1639676377952757
11
3.8892727952755903
21
-2.1599488188976377
0
LINE
8
User.Drawings
6
CONTINUOUS
10
3.8892727952755903
20
-2.1599488188976377
11
3.8912492125984253
21
-2.1552402755905513
0
LINE
8
User.Drawings
6
CONTINUOUS
10
3.8912492125984253
20
-2.1552402755905513
11
3.8919373622047244
21
-2.1496303937007872
0
LINE
8
User.Drawings
6
CONTINUOUS
10
3.8919373622047244
20
-2.1496303937007872
11
3.8911606299212598
21
-2.1439745275590552
0
LINE
8
User.Drawings
6
CONTINUOUS
10
3.8911606299212598
20
-2.1439745275590552
11
3.8888866535433069
21
-2.1390861811023623
0
LINE
8
User.Drawings
6
CONTINUOUS
10
3.8888866535433069
20
-2.1390861811023623
11
3.8850043307086612
21
-2.1347613779527559
0
LINE
8
User.Drawings
6
CONTINUOUS
10
3.8850043307086612
20
-2.1347613779527559
11
3.8814338582677164
21
-2.1323606299212599
0
LINE
8
User.Drawings
6
CONTINUOUS
10
3.8814338582677164
20
-2.1323606299212599
11
3.8768557480314958
21
-2.1305140157480316
0
LINE
8
User.Drawings
6
CONTINUOUS
10
3.8768557480314958
20
-2.1305140157480316
11
3.8710380314960631
21
-2.1292975196850392
0
LINE
8
User.Drawings
6
CONTINUOUS
10
3.8710380314960631
20
-2.1292975196850392
11
3.8637003937007872
21
-2.1288514566929133
0
LINE
8
User.Drawings
6
CONTINUOUS
10
3.8637003937007872
20
-2.1288514566929133
11
3.8586520472440946
21
-2.128999527559055
0
LINE
8
User.Drawings
6
CONTINUOUS
10
3.8586520472440946
20
-2.128999527559055
11
3.8586520472440946
21
-2.1149180708661417
0
LINE
8
User.Drawings
6
CONTINUOUS
10
3.8586520472440946
20
-2.1149180708661417
11
3.8607588976377953
21
-2.1149180708661417
0
LINE
8
User.Drawings
6
CONTINUOUS
10
3.8607588976377953
20
-2.1149180708661417
11
3.868252283464567
21
-2.1146337795275589
0
LINE
8
User.Drawings
6
CONTINUOUS
10
3.868252283464567
20
-2.1146337795275589
11
3.8741268503937007
21
-2.1138680314960627
0
LINE
8
User.Drawings
6
CONTINUOUS
10
3.8741268503937007
20
-2.1138680314960627
11
3.8793367716535432
21
-2.1121107874015745
0
LINE
8
User.Drawings
6
CONTINUOUS
10
3.8793367716535432
20
-2.1121107874015745
11
3.8836177165354329
21
-2.1090149212598424
0
LINE
8
User.Drawings
6
CONTINUOUS
10
3.8836177165354329
20
-2.1090149212598424
11
3.8856825590551178
21
-2.1062414960629923
0
LINE
8
User.Drawings
6
CONTINUOUS
10
3.8856825590551178
20
-2.1062414960629923
11
3.8870077559055116
21
-2.1025649212598423
0
LINE
8
User.Drawings
6
CONTINUOUS
10
3.8870077559055116
20
-2.1025649212598423
11
3.8874948425196849
21
-2.0977066535433071
0
LINE
8
User.Drawings
6
CONTINUOUS
10
3.8874948425196849
20
-2.0977066535433071
11
3.8869960629921261
21
-2.0929449999999998
0
LINE
8
User.Drawings
6
CONTINUOUS
10
3.8869960629921261
20
-2.0929449999999998
11
3.8855334645669291
21
-2.0886470866141731
0
LINE
8
User.Drawings
6
CONTINUOUS
10
3.8855334645669291
20
-2.0886470866141731
11
3.8830859448818895
21
-2.0847021653543307
0
LINE
8
User.Drawings
6
CONTINUOUS
10
3.8830859448818895
20
-2.0847021653543307
11
3.8797707086614173
21
-2.0816493307086614
0
LINE
8
User.Drawings
6
CONTINUOUS
10
3.8797707086614173
20
-2.0816493307086614
11
3.8754274409448817
21
-2.0797496850393702
0
LINE
8
User.Drawings
6
CONTINUOUS
10
3.8754274409448817
20
-2.0797496850393702
11
3.8697247244094486
21
-2.0790614960629923
0
LINE
8
User.Drawings
6
CONTINUOUS
10
3.8697247244094486
20
-2.0790614960629923
11
3.8637131102362203
21
-2.0797637007874017
0
LINE
8
User.Drawings
6
CONTINUOUS
10
3.8637131102362203
20
-2.0797637007874017
11
3.8592033464566926
21
-2.0816858267716536
0
LINE
8
User.Drawings
6
CONTINUOUS
10
3.8592033464566926
20
-2.0816858267716536
11
3.8558249999999998
21
-2.0847425590551181
0
LINE
8
User.Drawings
6
CONTINUOUS
10
3.8558249999999998
20
-2.0847425590551181
11
3.853456811023622
21
-2.0887811023622045
0
LINE
8
User.Drawings
6
CONTINUOUS
10
3.853456811023622
20
-2.0887811023622045
11
3.8517534251968502
21
-2.0943777952755904
0
LINE
8
User.Drawings
6
CONTINUOUS
10
3.8517534251968502
20
-2.0943777952755904
11
3.8508978346456693
21
-2.10199437007874
0
LINE
8
User.Drawings
6
CONTINUOUS
10
3.8508978346456693
20
-2.10199437007874
11
3.8350057086614173
21
-2.10199437007874
0
LINE
8
User.Drawings
6
CONTINUOUS
10
3.8350057086614173
20
-2.10199437007874
11
3.8350057086614173
21
-2.1007827559055117
0
LINE
8
User.Drawings
6
CONTINUOUS
10
3.8350057086614173
20
-2.1007827559055117
11
3.8354459448818896
21
-2.0936005905511812
0
LINE
8
User.Drawings
6
CONTINUOUS
10
3.8354459448818896
20
-2.0936005905511812
11
3.836671811023622
21
-2.0876384251968503
0
LINE
8
User.Drawings
6
CONTINUOUS
10
3.836671811023622
20
-2.0876384251968503
11
3.8385762598425197
21
-2.0826971259842519
0
LINE
8
User.Drawings
6
CONTINUOUS
10
3.8385762598425197
20
-2.0826971259842519
11
3.8411040551181101
21
-2.0786105118110236
0
LINE
8
User.Drawings
6
CONTINUOUS
10
3.8411040551181101
20
-2.0786105118110236
11
3.8455210236220472
21
-2.0737327165354329
0
LINE
8
User.Drawings
6
CONTINUOUS
10
3.8455210236220472
20
-2.0737327165354329
11
3.850032125984252
21
-2.0703455905511809
0
LINE
8
User.Drawings
6
CONTINUOUS
10
3.850032125984252
20
-2.0703455905511809
11
3.8546941732283462
21
-2.0682244094488187
0
LINE
8
User.Drawings
6
CONTINUOUS
10
3.8546941732283462
20
-2.0682244094488187
11
3.8620933858267716
21
-2.0663783858267717
0
LINE
8
User.Drawings
6
CONTINUOUS
10
3.8620933858267716
20
-2.0663783858267717
11
3.8685131102362202
21
-2.0658079527559057
0
LINE
8
User.Drawings
6
CONTINUOUS
10
3.8685131102362202
20
-2.0658079527559057
11
3.8771149606299211
21
-2.0664227952755905
0
LINE
8
User.Drawings
6
CONTINUOUS
10
5.9770572047244093
20
-2.0664648031496062
11
5.9834743700787403
21
-2.0683553543307087
0
LINE
8
User.Drawings
6
CONTINUOUS
10
5.9834743700787403
20
-2.0683553543307087
11
5.9891509842519683
21
-2.0714382283464565
0
LINE
8
User.Drawings
6
CONTINUOUS
10
5.9891509842519683
20
-2.0714382283464565
11
5.9942107086614174
21
-2.0757777559055119
0
LINE
8
User.Drawings
6
CONTINUOUS
10
5.9942107086614174
20
-2.0757777559055119
11
5.9987155905511811
21
-2.0815385433070865
0
LINE
8
User.Drawings
6
CONTINUOUS
10
5.9987155905511811
20
-2.0815385433070865
11
6.0029009055118108
21
-2.0894931102362206
0
LINE
8
User.Drawings
6
CONTINUOUS
10
6.0029009055118108
20
-2.0894931102362206
11
6.0060829527559054
21
-2.0990955118110235
0
LINE
8
User.Drawings
6
CONTINUOUS
10
6.0060829527559054
20
-2.0990955118110235
11
6.008140157480315
21
-2.110650275590551
0
LINE
8
User.Drawings
6
CONTINUOUS
10
6.008140157480315
20
-2.110650275590551
11
6.0088795275590554
21
-2.1245098818897636
0
LINE
8
User.Drawings
6
CONTINUOUS
10
6.0088795275590554
20
-2.1245098818897636
11
6.0082939763779528
21
-2.136806496062992
0
LINE
8
User.Drawings
6
CONTINUOUS
10
6.0082939763779528
20
-2.136806496062992
11
6.0066515748031497
21
-2.1472845669291338
0
LINE
8
User.Drawings
6
CONTINUOUS
10
6.0066515748031497
20
-2.1472845669291338
11
6.0040937401574803
21
-2.1561931889763777
0
LINE
8
User.Drawings
6
CONTINUOUS
10
6.0040937401574803
20
-2.1561931889763777
11
6.0002908267716535
21
-2.164575275590551
0
LINE
8
User.Drawings
6
CONTINUOUS
10
6.0002908267716535
20
-2.164575275590551
11
5.9957667716535434
21
-2.171139251968504
0
LINE
8
User.Drawings
6
CONTINUOUS
10
5.9957667716535434
20
-2.171139251968504
11
5.9905440157480312
21
-2.1761711023622046
0
LINE
8
User.Drawings
6
CONTINUOUS
10
5.9905440157480312
20
-2.1761711023622046
11
5.9843963385826768
21
-2.1799261023622045
0
LINE
8
User.Drawings
6
CONTINUOUS
10
5.9843963385826768
20
-2.1799261023622045
11
5.9775221259842519
21
-2.1821990551181103
0
LINE
8
User.Drawings
6
CONTINUOUS
10
5.9775221259842519
20
-2.1821990551181103
11
5.9697247244094491
21
-2.182982992125984
0
LINE
8
User.Drawings
6
CONTINUOUS
10
5.9697247244094491
20
-2.182982992125984
11
5.962261692913386
21
-2.1823194488188977
0
LINE
8
User.Drawings
6
CONTINUOUS
10
5.962261692913386
20
-2.1823194488188977
11
5.9557544881889761
21
-2.1804129921259841
0
LINE
8
User.Drawings
6
CONTINUOUS
10
5.9557544881889761
20
-2.1804129921259841
11
5.9500220866141733
21
-2.1773108267716537
0
LINE
8
User.Drawings
6
CONTINUOUS
10
5.9500220866141733
20
-2.1773108267716537
11
5.9449359448818893
21
-2.172953149606299
0
LINE
8
User.Drawings
6
CONTINUOUS
10
5.9449359448818893
20
-2.172953149606299
11
5.9404309448818893
21
-2.1671783464566929
0
LINE
8
User.Drawings
6
CONTINUOUS
10
5.9404309448818893
20
-2.1671783464566929
11
5.9362315748031493
21
-2.1591781102362204
0
LINE
8
User.Drawings
6
CONTINUOUS
10
5.9362315748031493
20
-2.1591781102362204
11
5.933050433070866
21
-2.1495975590551182
0
LINE
8
User.Drawings
6
CONTINUOUS
10
5.933050433070866
20
-2.1495975590551182
11
5.9310012204724405
21
-2.1381515748031497
0
LINE
8
User.Drawings
6
CONTINUOUS
10
5.9310012204724405
20
-2.1381515748031497
11
5.9302670078740158
21
-2.1245098818897636
0
LINE
8
User.Drawings
6
CONTINUOUS
10
5.9302670078740158
20
-2.1245098818897636
11
5.9308522047244097
21
-2.1121578740157481
0
LINE
8
User.Drawings
6
CONTINUOUS
10
5.9308522047244097
20
-2.1121578740157481
11
5.9324927952755901
21
-2.1016426377952757
0
LINE
8
User.Drawings
6
CONTINUOUS
10
5.9324927952755901
20
-2.1016426377952757
11
5.935046062992126
21
-2.0927121653543308
0
LINE
8
User.Drawings
6
CONTINUOUS
10
5.935046062992126
20
-2.0927121653543308
11
5.9388640551181098
21
-2.0843146062992126
0
LINE
8
User.Drawings
6
CONTINUOUS
10
5.9388640551181098
20
-2.0843146062992126
11
5.9434386220472444
21
-2.0777245669291338
0
LINE
8
User.Drawings
6
CONTINUOUS
10
5.9434386220472444
20
-2.0777245669291338
11
5.9487505905511808
21
-2.0726602362204725
0
LINE
8
User.Drawings
6
CONTINUOUS
10
5.9487505905511808
20
-2.0726602362204725
11
5.9549979527559049
21
-2.0688763779527557
0
LINE
8
User.Drawings
6
CONTINUOUS
10
5.9549979527559049
20
-2.0688763779527557
11
5.9619264173228341
21
-2.0665929527559053
0
LINE
8
User.Drawings
6
CONTINUOUS
10
5.9619264173228341
20
-2.0665929527559053
11
5.9697247244094491
21
-2.0658079527559057
0
LINE
8
User.Drawings
6
CONTINUOUS
10
5.9697247244094491
20
-2.0658079527559057
11
5.9770572047244093
21
-2.0664648031496062
0
LINE
8
User.Drawings
6
CONTINUOUS
10
5.9640607086614175
20
-2.0797823622047242
11
5.9594849999999999
21
-2.0818534645669291
0
LINE
8
User.Drawings
6
CONTINUOUS
10
5.9594849999999999
20
-2.0818534645669291
11
5.9556157874015749
21
-2.0853210236220474
0
LINE
8
User.Drawings
6
CONTINUOUS
10
5.9556157874015749
20
-2.0853210236220474
11
5.9523651968503932
21
-2.0904639763779529
0
LINE
8
User.Drawings
6
CONTINUOUS
10
5.9523651968503932
20
-2.0904639763779529
11
5.9502121653543307
21
-2.0960728740157482
0
LINE
8
User.Drawings
6
CONTINUOUS
10
5.9502121653543307
20
-2.0960728740157482
11
5.9484912204724409
21
-2.103368307086614
0
LINE
8
User.Drawings
6
CONTINUOUS
10
5.9484912204724409
20
-2.103368307086614
11
5.9473339370078735
21
-2.1127125590551179
0
LINE
8
User.Drawings
6
CONTINUOUS
10
5.9473339370078735
20
-2.1127125590551179
11
5.9469062992125981
21
-2.1245098818897636
0
LINE
8
User.Drawings
6
CONTINUOUS
10
5.9469062992125981
20
-2.1245098818897636
11
5.947369409448819
21
-2.1369787401574802
0
LINE
8
User.Drawings
6
CONTINUOUS
10
5.947369409448819
20
-2.1369787401574802
11
5.9486046062992122
21
-2.1465313779527557
0
LINE
8
User.Drawings
6
CONTINUOUS
10
5.9486046062992122
20
-2.1465313779527557
11
5.9504096062992122
21
-2.1537045275590549
0
LINE
8
User.Drawings
6
CONTINUOUS
10
5.9504096062992122
20
-2.1537045275590549
11
5.9526277165354333
21
-2.1589731496062994
0
LINE
8
User.Drawings
6
CONTINUOUS
10
5.9526277165354333
20
-2.1589731496062994
11
5.9559570078740158
21
-2.1637748818897635
0
LINE
8
User.Drawings
6
CONTINUOUS
10
5.9559570078740158
20
-2.1637748818897635
11
5.9598378346456693
21
-2.1670315354330709
0
LINE
8
User.Drawings
6
CONTINUOUS
10
5.9598378346456693
20
-2.1670315354330709
11
5.9643594094488188
21
-2.1689794488188974
0
LINE
8
User.Drawings
6
CONTINUOUS
10
5.9643594094488188
20
-2.1689794488188974
11
5.9697247244094491
21
-2.1696553937007872
0
LINE
8
User.Drawings
6
CONTINUOUS
10
5.9697247244094491
20
-2.1696553937007872
11
5.9749757086614173
21
-2.168992401574803
0
LINE
8
User.Drawings
6
CONTINUOUS
10
5.9749757086614173
20
-2.168992401574803
11
5.9794322834645666
21
-2.1670762598425197
0
LINE
8
User.Drawings
6
CONTINUOUS
10
5.9794322834645666
20
-2.1670762598425197
11
5.9832874409448822
21
-2.1638643700787403
0
LINE
8
User.Drawings
6
CONTINUOUS
10
5.9832874409448822
20
-2.1638643700787403
11
5.9866265354330706
21
-2.159121220472441
0
LINE
8
User.Drawings
6
CONTINUOUS
10
5.9866265354330706
20
-2.159121220472441
11
5.9888397637795272
21
-2.1539314960629921
0
LINE
8
User.Drawings
6
CONTINUOUS
10
5.9888397637795272
20
-2.1539314960629921
11
5.9906586614173225
21
-2.1467044488188978
0
LINE
8
User.Drawings
6
CONTINUOUS
10
5.9906586614173225
20
-2.1467044488188978
11
5.9919142913385821
21
-2.1368997637795277
0
LINE
8
User.Drawings
6
CONTINUOUS
10
5.9919142913385821
20
-2.1368997637795277
11
5.9923883464566927
21
-2.1239040944881888
0
LINE
8
User.Drawings
6
CONTINUOUS
10
5.9923883464566927
20
-2.1239040944881888
11
5.9918968110236221
21
-2.1110255511811022
0
LINE
8
User.Drawings
6
CONTINUOUS
10
5.9918968110236221
20
-2.1110255511811022
11
5.9905979527559055
21
-2.101367874015748
0
LINE
8
User.Drawings
6
CONTINUOUS
10
5.9905979527559055
20
-2.101367874015748
11
5.9887205118110236
21
-2.0942974015748033
0
LINE
8
User.Drawings
6
CONTINUOUS
10
5.9887205118110236
20
-2.0942974015748033
11
5.9864380314960632
21
-2.0892591338582678
0
LINE
8
User.Drawings
6
CONTINUOUS
10
5.9864380314960632
20
-2.0892591338582678
11
5.9830307480314957
21
-2.08466937007874
0
LINE
8
User.Drawings
6
CONTINUOUS
10
5.9830307480314957
20
-2.08466937007874
11
5.9791549606299208
21
-2.081556338582677
0
LINE
8
User.Drawings
6
CONTINUOUS
10
5.9791549606299208
20
-2.081556338582677
11
5.9747274015748033
21
-2.0797012204724408
0
LINE
8
User.Drawings
6
CONTINUOUS
10
5.9747274015748033
20
-2.0797012204724408
11
5.9695699212598425
21
-2.0790614960629923
0
LINE
8
User.Drawings
6
CONTINUOUS
10
5.9695699212598425
20
-2.0790614960629923
11
5.9640607086614175
21
-2.0797823622047242
0
LINE
8
User.Drawings
6
CONTINUOUS
10
0.9920949212598424
20
-2.0816664173228348
11
0.9784644488188976
21
-2.0816664173228348
0
LINE
8
User.Drawings
6
CONTINUOUS
10
0.9784644488188976
20
-2.0816664173228348
11
1.0091919291338582
21
-2.1671043307086615
0
LINE
8
User.Drawings
6
CONTINUOUS
10
1.0091919291338582
20
-2.1671043307086615
11
1.0218396456692913
21
-2.1671043307086615
0
LINE
8
User.Drawings
6
CONTINUOUS
10
1.0218396456692913
20
-2.1671043307086615
11
1.0218396456692913
21
-2.181259842519685
0
LINE
8
User.Drawings
6
CONTINUOUS
10
1.0218396456692913
20
-2.181259842519685
11
0.9771114960629921
21
-2.181259842519685
0
LINE
8
User.Drawings
6
CONTINUOUS
10
0.9771114960629921
20
-2.181259842519685
11
0.9771114960629921
21
-2.1671043307086615
0
LINE
8
User.Drawings
6
CONTINUOUS
10
0.9771114960629921
20
-2.1671043307086615
11
0.9919468503937008
21
-2.1671043307086615
0
LINE
8
User.Drawings
6
CONTINUOUS
10
0.9919468503937008
20
-2.1671043307086615
11
0.9831358267716536
21
-2.141600157480315
0
LINE
8
User.Drawings
6
CONTINUOUS
10
0.9831358267716536
20
-2.141600157480315
11
0.9419481889763779
21
-2.141600157480315
0
LINE
8
User.Drawings
6
CONTINUOUS
10
0.9419481889763779
20
-2.141600157480315
11
0.9331372047244094
21
-2.1671043307086615
0
LINE
8
User.Drawings
6
CONTINUOUS
10
0.9331372047244094
20
-2.1671043307086615
11
0.947514842519685
21
-2.1671043307086615
0
LINE
8
User.Drawings
6
CONTINUOUS
10
0.947514842519685
20
-2.1671043307086615
11
0.947514842519685
21
-2.181259842519685
0
LINE
8
User.Drawings
6
CONTINUOUS
10
0.947514842519685
20
-2.181259842519685
11
0.9024837401574803
21
-2.181259842519685
0
LINE
8
User.Drawings
6
CONTINUOUS
10
0.9024837401574803
20
-2.181259842519685
11
0.9024837401574803
21
-2.1671043307086615
0
LINE
8
User.Drawings
6
CONTINUOUS
10
0.9024837401574803
20
-2.1671043307086615
11
0.9161882677165354
21
-2.1671043307086615
0
LINE
8
User.Drawings
6
CONTINUOUS
10
0.9161882677165354
20
-2.1671043307086615
11
0.930083622047244
21
-2.1282725984251969
0
LINE
8
User.Drawings
6
CONTINUOUS
10
0.930083622047244
20
-2.1282725984251969
11
0.9467609448818898
21
-2.0816664173228348
0
LINE
8
User.Drawings
6
CONTINUOUS
10
0.9467609448818898
20
-2.0816664173228348
11
0.9331372047244094
21
-2.0816664173228348
0
LINE
8
User.Drawings
6
CONTINUOUS
10
0.9331372047244094
20
-2.0816664173228348
11
0.9331372047244094
21
-2.0679619291338582
0
LINE
8
User.Drawings
6
CONTINUOUS
10
0.9331372047244094
20
-2.0679619291338582
11
0.9920949212598424
21
-2.0679619291338582
0
LINE
8
User.Drawings
6
CONTINUOUS
10
0.9920949212598424
20
-2.0679619291338582
11
0.9920949212598424
21
-2.0816664173228348
0
LINE
8
User.Drawings
6
CONTINUOUS
10
0.946390748031496
20
-2.1282725984251969
11
0.978619251968504
21
-2.1282725984251969
0
LINE
8
User.Drawings
6
CONTINUOUS
10
0.978619251968504
20
-2.1282725984251969
11
0.9629559842519685
21
-2.0816664173228348
0
LINE
8
User.Drawings
6
CONTINUOUS
10
0.9629559842519685
20
-2.0816664173228348
11
0.9624242125984251
21
-2.0816664173228348
0
LINE
8
User.Drawings
6
CONTINUOUS
10
0.9624242125984251
20
-2.0816664173228348
11
0.946390748031496
21
-2.1282725984251969
0
LINE
8
User.Drawings
6
CONTINUOUS
10
1.105190905511811
20
-2.0794788188976376
11
1.1000250393700788
21
-2.086820787401575
0
LINE
8
User.Drawings
6
CONTINUOUS
10
1.1000250393700788
20
-2.086820787401575
11
1.0948617716535434
21
-2.0956402755905512
0
LINE
8
User.Drawings
6
CONTINUOUS
10
1.0948617716535434
20
-2.0956402755905512
11
1.0897161023622046
21
-2.106127244094488
0
LINE
8
User.Drawings
6
CONTINUOUS
10
1.0897161023622046
20
-2.106127244094488
11
1.0832650787401574
21
-2.1222646456692913
0
LINE
8
User.Drawings
6
CONTINUOUS
10
1.0832650787401574
20
-2.1222646456692913
11
1.078380905511811
21
-2.138497125984252
0
LINE
8
User.Drawings
6
CONTINUOUS
10
1.078380905511811
20
-2.138497125984252
11
1.0759749606299212
21
-2.1495526771653544
0
LINE
8
User.Drawings
6
CONTINUOUS
10
1.0759749606299212
20
-2.1495526771653544
11
1.0746500393700786
21
-2.1590198425196849
0
LINE
8
User.Drawings
6
CONTINUOUS
10
1.0746500393700786
20
-2.1590198425196849
11
1.0742412992125985
21
-2.167097598425197
0
LINE
8
User.Drawings
6
CONTINUOUS
10
1.0742412992125985
20
-2.167097598425197
11
1.0742412992125985
21
-2.1674004724409448
0
LINE
8
User.Drawings
6
CONTINUOUS
10
1.0742412992125985
20
-2.1674004724409448
11
1.0874948425196851
21
-2.1674004724409448
0
LINE
8
User.Drawings
6
CONTINUOUS
10
1.0874948425196851
20
-2.1674004724409448
11
1.0874948425196851
21
-2.181259842519685
0
LINE
8
User.Drawings
6
CONTINUOUS
10
1.0874948425196851
20
-2.181259842519685
11
1.0426118503937007
21
-2.181259842519685
0
LINE
8
User.Drawings
6
CONTINUOUS
10
1.0426118503937007
20
-2.181259842519685
11
1.0426118503937007
21
-2.1674004724409448
0
LINE
8
User.Drawings
6
CONTINUOUS
10
1.0426118503937007
20
-2.1674004724409448
11
1.057676062992126
21
-2.1674004724409448
0
LINE
8
User.Drawings
6
CONTINUOUS
10
1.057676062992126
20
-2.1674004724409448
11
1.059512559055118
21
-2.152331062992126
0
LINE
8
User.Drawings
6
CONTINUOUS
10
1.059512559055118
20
-2.152331062992126
11
1.0627277952755905
21
-2.1374225590551181
0
LINE
8
User.Drawings
6
CONTINUOUS
10
1.0627277952755905
20
-2.1374225590551181
11
1.0673486220472441
21
-2.122618464566929
0
LINE
8
User.Drawings
6
CONTINUOUS
10
1.0673486220472441
20
-2.122618464566929
11
1.0731764566929134
21
-2.1082227165354328
0
LINE
8
User.Drawings
6
CONTINUOUS
10
1.0731764566929134
20
-2.1082227165354328
11
1.0798931889763779
21
-2.094742440944882
0
LINE
8
User.Drawings
6
CONTINUOUS
10
1.0798931889763779
20
-2.094742440944882
11
1.0874948425196851
21
-2.082117401574803
0
LINE
8
User.Drawings
6
CONTINUOUS
10
1.0874948425196851
20
-2.082117401574803
11
1.0482592519685039
21
-2.082117401574803
0
LINE
8
User.Drawings
6
CONTINUOUS
10
1.0482592519685039
20
-2.082117401574803
11
1.0482592519685039
21
-2.0976864566929132
0
LINE
8
User.Drawings
6
CONTINUOUS
10
1.0482592519685039
20
-2.0976864566929132
11
1.0342585433070866
21
-2.0976864566929132
0
LINE
8
User.Drawings
6
CONTINUOUS
10
1.0342585433070866
20
-2.0976864566929132
11
1.0342585433070866
21
-2.0679619291338582
0
LINE
8
User.Drawings
6
CONTINUOUS
10
1.0342585433070866
20
-2.0679619291338582
11
1.105190905511811
21
-2.0679619291338582
0
LINE
8
User.Drawings
6
CONTINUOUS
10
1.105190905511811
20
-2.0679619291338582
11
1.105190905511811
21
-2.0794788188976376
0
LINE
8
User.Drawings
6
CONTINUOUS
10
1.6920949212598424
20
-2.0816664173228348
11
1.6784644488188976
21
-2.0816664173228348
0
LINE
8
User.Drawings
6
CONTINUOUS
10
1.6784644488188976
20
-2.0816664173228348
11
1.7091919291338582
21
-2.1671043307086615
0
LINE
8
User.Drawings
6
CONTINUOUS
10
1.7091919291338582
20
-2.1671043307086615
11
1.7218396456692913
21
-2.1671043307086615
0
LINE
8
User.Drawings
6
CONTINUOUS
10
1.7218396456692913
20
-2.1671043307086615
11
1.7218396456692913
21
-2.181259842519685
0
LINE
8
User.Drawings
6
CONTINUOUS
10
1.7218396456692913
20
-2.181259842519685
11
1.677111496062992
21
-2.181259842519685
0
LINE
8
User.Drawings
6
CONTINUOUS
10
1.677111496062992
20
-2.181259842519685
11
1.677111496062992
21
-2.1671043307086615
0
LINE
8
User.Drawings
6
CONTINUOUS
10
1.677111496062992
20
-2.1671043307086615
11
1.6919468503937007
21
-2.1671043307086615
0
LINE
8
User.Drawings
6
CONTINUOUS
10
1.6919468503937007
20
-2.1671043307086615
11
1.6831358267716534
21
-2.141600157480315
0
LINE
8
User.Drawings
6
CONTINUOUS
10
1.6831358267716534
20
-2.141600157480315
11
1.6419481889763778
21
-2.141600157480315
0
LINE
8
User.Drawings
6
CONTINUOUS
10
1.6419481889763778
20
-2.141600157480315
11
1.6331372047244095
21
-2.1671043307086615
0
LINE
8
User.Drawings
6
CONTINUOUS
10
1.6331372047244095
20
-2.1671043307086615
11
1.6475148425196851
21
-2.1671043307086615
0
LINE
8
User.Drawings
6
CONTINUOUS
10
1.6475148425196851
20
-2.1671043307086615
11
1.6475148425196851
21
-2.181259842519685
0
LINE
8
User.Drawings
6
CONTINUOUS
10
1.6475148425196851
20
-2.181259842519685
11
1.6024837401574803
21
-2.181259842519685
0
LINE
8
User.Drawings
6
CONTINUOUS
10
1.6024837401574803
20
-2.181259842519685
11
1.6024837401574803
21
-2.1671043307086615
0
LINE
8
User.Drawings
6
CONTINUOUS
10
1.6024837401574803
20
-2.1671043307086615
11
1.6161882677165353
21
-2.1671043307086615
0
LINE
8
User.Drawings
6
CONTINUOUS
10
1.6161882677165353
20
-2.1671043307086615
11
1.6300836220472441
21
-2.1282725984251969
0
LINE
8
User.Drawings
6
CONTINUOUS
10
1.6300836220472441
20
-2.1282725984251969
11
1.6467609448818896
21
-2.0816664173228348
0
LINE
8
User.Drawings
6
CONTINUOUS
10
1.6467609448818896
20
-2.0816664173228348
11
1.6331372047244095
21
-2.0816664173228348
0
LINE
8
User.Drawings
6
CONTINUOUS
10
1.6331372047244095
20
-2.0816664173228348
11
1.6331372047244095
21
-2.0679619291338582
0
LINE
8
User.Drawings
6
CONTINUOUS
10
1.6331372047244095
20
-2.0679619291338582
11
1.6920949212598424
21
-2.0679619291338582
0
LINE
8
User.Drawings
6
CONTINUOUS
10
1.6920949212598424
20
-2.0679619291338582
11
1.6920949212598424
21
-2.0816664173228348
0
LINE
8
User.Drawings
6
CONTINUOUS
10
1.6463907480314961
20
-2.1282725984251969
11
1.6786192519685039
21
-2.1282725984251969
0
LINE
8
User.Drawings
6
CONTINUOUS
10
1.6786192519685039
20
-2.1282725984251969
11
1.6629559842519686
21
-2.0816664173228348
0
LINE
8
User.Drawings
6
CONTINUOUS
10
1.6629559842519686
20
-2.0816664173228348
11
1.6624242125984252
21
-2.0816664173228348
0
LINE
8
User.Drawings
6
CONTINUOUS
10
1.6624242125984252
20
-2.0816664173228348
11
1.6463907480314961
21
-2.1282725984251969
0
LINE
8
User.Drawings
6
CONTINUOUS
10
2.3920949212598424
20
-2.0816664173228348
11
2.3784644488188977
21
-2.0816664173228348
0
LINE
8
User.Drawings
6
CONTINUOUS
10
2.3784644488188977
20
-2.0816664173228348
11
2.4091919291338582
21
-2.1671043307086615
0
LINE
8
User.Drawings
6
CONTINUOUS
10
2.4091919291338582
20
-2.1671043307086615
11
2.4218396456692912
21
-2.1671043307086615
0
LINE
8
User.Drawings
6
CONTINUOUS
10
2.4218396456692912
20
-2.1671043307086615
11
2.4218396456692912
21
-2.181259842519685
0
LINE
8
User.Drawings
6
CONTINUOUS
10
2.4218396456692912
20
-2.181259842519685
11
2.3771114960629922
21
-2.181259842519685
0
LINE
8
User.Drawings
6
CONTINUOUS
10
2.3771114960629922
20
-2.181259842519685
11
2.3771114960629922
21
-2.1671043307086615
0
LINE
8
User.Drawings
6
CONTINUOUS
10
2.3771114960629922
20
-2.1671043307086615
11
2.3919468503937007
21
-2.1671043307086615
0
LINE
8
User.Drawings
6
CONTINUOUS
10
2.3919468503937007
20
-2.1671043307086615
11
2.3831358267716536
21
-2.141600157480315
0
LINE
8
User.Drawings
6
CONTINUOUS
10
2.3831358267716536
20
-2.141600157480315
11
2.341948188976378
21
-2.141600157480315
0
LINE
8
User.Drawings
6
CONTINUOUS
10
2.341948188976378
20
-2.141600157480315
11
2.3331372047244092
21
-2.1671043307086615
0
LINE
8
User.Drawings
6
CONTINUOUS
10
2.3331372047244092
20
-2.1671043307086615
11
2.347514842519685
21
-2.1671043307086615
0
LINE
8
User.Drawings
6
CONTINUOUS
10
2.347514842519685
20
-2.1671043307086615
11
2.347514842519685
21
-2.181259842519685
0
LINE
8
User.Drawings
6
CONTINUOUS
10
2.347514842519685
20
-2.181259842519685
11
2.3024837401574803
21
-2.181259842519685
0
LINE
8
User.Drawings
6
CONTINUOUS
10
2.3024837401574803
20
-2.181259842519685
11
2.3024837401574803
21
-2.1671043307086615
0
LINE
8
User.Drawings
6
CONTINUOUS
10
2.3024837401574803
20
-2.1671043307086615
11
2.3161882677165355
21
-2.1671043307086615
0
LINE
8
User.Drawings
6
CONTINUOUS
10
2.3161882677165355
20
-2.1671043307086615
11
2.3300836220472441
21
-2.1282725984251969
0
LINE
8
User.Drawings
6
CONTINUOUS
10
2.3300836220472441
20
-2.1282725984251969
11
2.3467609448818898
21
-2.0816664173228348
0
LINE
8
User.Drawings
6
CONTINUOUS
10
2.3467609448818898
20
-2.0816664173228348
11
2.3331372047244092
21
-2.0816664173228348
0
LINE
8
User.Drawings
6
CONTINUOUS
10
2.3331372047244092
20
-2.0816664173228348
11
2.3331372047244092
21
-2.0679619291338582
0
LINE
8
User.Drawings
6
CONTINUOUS
10
2.3331372047244092
20
-2.0679619291338582
11
2.3920949212598424
21
-2.0679619291338582
0
LINE
8
User.Drawings
6
CONTINUOUS
10
2.3920949212598424
20
-2.0679619291338582
11
2.3920949212598424
21
-2.0816664173228348
0
LINE
8
User.Drawings
6
CONTINUOUS
10
2.3463907480314958
20
-2.1282725984251969
11
2.3786192519685039
21
-2.1282725984251969
0
LINE
8
User.Drawings
6
CONTINUOUS
10
2.3786192519685039
20
-2.1282725984251969
11
2.3629559842519683
21
-2.0816664173228348
0
LINE
8
User.Drawings
6
CONTINUOUS
10
2.3629559842519683
20
-2.0816664173228348
11
2.3624242125984249
21
-2.0816664173228348
0
LINE
8
User.Drawings
6
CONTINUOUS
10
2.3624242125984249
20
-2.0816664173228348
11
2.3463907480314958
21
-2.1282725984251969
0
LINE
8
User.Drawings
6
CONTINUOUS
10
3.0920949212598425
20
-2.0816664173228348
11
3.0784644488188975
21
-2.0816664173228348
0
LINE
8
User.Drawings
6
CONTINUOUS
10
3.0784644488188975
20
-2.0816664173228348
11
3.1091919291338583
21
-2.1671043307086615
0
LINE
8
User.Drawings
6
CONTINUOUS
10
3.1091919291338583
20
-2.1671043307086615
11
3.1218396456692914
21
-2.1671043307086615
0
LINE
8
User.Drawings
6
CONTINUOUS
10
3.1218396456692914
20
-2.1671043307086615
11
3.1218396456692914
21
-2.181259842519685
0
LINE
8
User.Drawings
6
CONTINUOUS
10
3.1218396456692914
20
-2.181259842519685
11
3.0771114960629919
21
-2.181259842519685
0
LINE
8
User.Drawings
6
CONTINUOUS
10
3.0771114960629919
20
-2.181259842519685
11
3.0771114960629919
21
-2.1671043307086615
0
LINE
8
User.Drawings
6
CONTINUOUS
10
3.0771114960629919
20
-2.1671043307086615
11
3.0919468503937009
21
-2.1671043307086615
0
LINE
8
User.Drawings
6
CONTINUOUS
10
3.0919468503937009
20
-2.1671043307086615
11
3.0831358267716533
21
-2.141600157480315
0
LINE
8
User.Drawings
6
CONTINUOUS
10
3.0831358267716533
20
-2.141600157480315
11
3.0419481889763778
21
-2.141600157480315
0
LINE
8
User.Drawings
6
CONTINUOUS
10
3.0419481889763778
20
-2.141600157480315
11
3.0331372047244094
21
-2.1671043307086615
0
LINE
8
User.Drawings
6
CONTINUOUS
10
3.0331372047244094
20
-2.1671043307086615
11
3.0475148425196852
21
-2.1671043307086615
0
LINE
8
User.Drawings
6
CONTINUOUS
10
3.0475148425196852
20
-2.1671043307086615
11
3.0475148425196852
21
-2.181259842519685
0
LINE
8
User.Drawings
6
CONTINUOUS
10
3.0475148425196852
20
-2.181259842519685
11
3.0024837401574804
21
-2.181259842519685
0
LINE
8
User.Drawings
6
CONTINUOUS
10
3.0024837401574804
20
-2.181259842519685
11
3.0024837401574804
21
-2.1671043307086615
0
LINE
8
User.Drawings
6
CONTINUOUS
10
3.0024837401574804
20
-2.1671043307086615
11
3.0161882677165353
21
-2.1671043307086615
0
LINE
8
User.Drawings
6
CONTINUOUS
10
3.0161882677165353
20
-2.1671043307086615
11
3.0300836220472442
21
-2.1282725984251969
0
LINE
8
User.Drawings
6
CONTINUOUS
10
3.0300836220472442
20
-2.1282725984251969
11
3.0467609448818895
21
-2.0816664173228348
0
LINE
8
User.Drawings
6
CONTINUOUS
10
3.0467609448818895
20
-2.0816664173228348
11
3.0331372047244094
21
-2.0816664173228348
0
LINE
8
User.Drawings
6
CONTINUOUS
10
3.0331372047244094
20
-2.0816664173228348
11
3.0331372047244094
21
-2.0679619291338582
0
LINE
8
User.Drawings
6
CONTINUOUS
10
3.0331372047244094
20
-2.0679619291338582
11
3.0920949212598425
21
-2.0679619291338582
0
LINE
8
User.Drawings
6
CONTINUOUS
10
3.0920949212598425
20
-2.0679619291338582
11
3.0920949212598425
21
-2.0816664173228348
0
LINE
8
User.Drawings
6
CONTINUOUS
10
3.046390748031496
20
-2.1282725984251969
11
3.0786192519685041
21
-2.1282725984251969
0
LINE
8
User.Drawings
6
CONTINUOUS
10
3.0786192519685041
20
-2.1282725984251969
11
3.0629559842519685
21
-2.0816664173228348
0
LINE
8
User.Drawings
6
CONTINUOUS
10
3.0629559842519685
20
-2.0816664173228348
11
3.0624242125984251
21
-2.0816664173228348
0
LINE
8
User.Drawings
6
CONTINUOUS
10
3.0624242125984251
20
-2.0816664173228348
11
3.046390748031496
21
-2.1282725984251969
0
LINE
8
User.Drawings
6
CONTINUOUS
10
3.1897564960629921
20
-2.1368883858267718
11
3.2078294881889762
21
-2.1368883858267718
0
LINE
8
User.Drawings
6
CONTINUOUS
10
3.2078294881889762
20
-2.1368883858267718
11
3.2078294881889762
21
-2.1505929133858266
0
LINE
8
User.Drawings
6
CONTINUOUS
10
3.2078294881889762
20
-2.1505929133858266
11
3.1897564960629921
21
-2.1505929133858266
0
LINE
8
User.Drawings
6
CONTINUOUS
10
3.1897564960629921
20
-2.1505929133858266
11
3.1897564960629921
21
-2.1674004724409448
0
LINE
8
User.Drawings
6
CONTINUOUS
10
3.1897564960629921
20
-2.1674004724409448
11
3.2001492913385827
21
-2.1674004724409448
0
LINE
8
User.Drawings
6
CONTINUOUS
10
3.2001492913385827
20
-2.1674004724409448
11
3.2001492913385827
21
-2.181259842519685
0
LINE
8
User.Drawings
6
CONTINUOUS
10
3.2001492913385827
20
-2.181259842519685
11
3.1626435826771653
21
-2.181259842519685
0
LINE
8
User.Drawings
6
CONTINUOUS
10
3.1626435826771653
20
-2.181259842519685
11
3.1626435826771653
21
-2.1674004724409448
0
LINE
8
User.Drawings
6
CONTINUOUS
10
3.1626435826771653
20
-2.1674004724409448
11
3.1746922834645668
21
-2.1674004724409448
0
LINE
8
User.Drawings
6
CONTINUOUS
10
3.1746922834645668
20
-2.1674004724409448
11
3.1746922834645668
21
-2.1505929133858266
0
LINE
8
User.Drawings
6
CONTINUOUS
10
3.1746922834645668
20
-2.1505929133858266
11
3.1365875196850395
21
-2.1505929133858266
0
LINE
8
User.Drawings
6
CONTINUOUS
10
3.1365875196850395
20
-2.1505929133858266
11
3.1347649212598423
21
-2.1457777952755905
0
LINE
8
User.Drawings
6
CONTINUOUS
10
3.1347649212598423
20
-2.1457777952755905
11
3.1322863779527559
21
-2.1415598818897639
0
LINE
8
User.Drawings
6
CONTINUOUS
10
3.1322863779527559
20
-2.1415598818897639
11
3.1291361811023619
21
-2.1378644094488188
0
LINE
8
User.Drawings
6
CONTINUOUS
10
3.1291361811023619
20
-2.1378644094488188
11
3.1297855511811021
21
-2.1368883858267718
0
LINE
8
User.Drawings
6
CONTINUOUS
10
3.1297855511811021
20
-2.1368883858267718
11
3.1765029527559054
21
-2.0666695275590552
0
LINE
8
User.Drawings
6
CONTINUOUS
10
3.1765029527559054
20
-2.0666695275590552
11
3.1897564960629921
21
-2.0666695275590552
0
LINE
8
User.Drawings
6
CONTINUOUS
10
3.1897564960629921
20
-2.0666695275590552
11
3.1897564960629921
21
-2.1368883858267718
0
LINE
8
User.Drawings
6
CONTINUOUS
10
3.1448735039370077
20
-2.1368883858267718
11
3.1746922834645668
21
-2.1368883858267718
0
LINE
8
User.Drawings
6
CONTINUOUS
10
3.1746922834645668
20
-2.1368883858267718
11
3.1746922834645668
21
-2.0921333070866139
0
LINE
8
User.Drawings
6
CONTINUOUS
10
3.1746922834645668
20
-2.0921333070866139
11
3.1448735039370077
21
-2.1368883858267718
0
LINE
8
User.Drawings
6
CONTINUOUS
10
3.7920949212598423
20
-2.0816664173228348
11
3.7784644488188976
21
-2.0816664173228348
0
LINE
8
User.Drawings
6
CONTINUOUS
10
3.7784644488188976
20
-2.0816664173228348
11
3.8091919291338581
21
-2.1671043307086615
0
LINE
8
User.Drawings
6
CONTINUOUS
10
3.8091919291338581
20
-2.1671043307086615
11
3.8218396456692911
21
-2.1671043307086615
0
LINE
8
User.Drawings
6
CONTINUOUS
10
3.8218396456692911
20
-2.1671043307086615
11
3.8218396456692911
21
-2.181259842519685
0
LINE
8
User.Drawings
6
CONTINUOUS
10
3.8218396456692911
20
-2.181259842519685
11
3.7771114960629921
21
-2.181259842519685
0
LINE
8
User.Drawings
6
CONTINUOUS
10
3.7771114960629921
20
-2.181259842519685
11
3.7771114960629921
21
-2.1671043307086615
0
LINE
8
User.Drawings
6
CONTINUOUS
10
3.7771114960629921
20
-2.1671043307086615
11
3.7919468503937006
21
-2.1671043307086615
0
LINE
8
User.Drawings
6
CONTINUOUS
10
3.7919468503937006
20
-2.1671043307086615
11
3.7831358267716535
21
-2.141600157480315
0
LINE
8
User.Drawings
6
CONTINUOUS
10
3.7831358267716535
20
-2.141600157480315
11
3.7419481889763779
21
-2.141600157480315
0
LINE
8
User.Drawings
6
CONTINUOUS
10
3.7419481889763779
20
-2.141600157480315
11
3.7331372047244096
21
-2.1671043307086615
0
LINE
8
User.Drawings
6
CONTINUOUS
10
3.7331372047244096
20
-2.1671043307086615
11
3.7475148425196849
21
-2.1671043307086615
0
LINE
8
User.Drawings
6
CONTINUOUS
10
3.7475148425196849
20
-2.1671043307086615
11
3.7475148425196849
21
-2.181259842519685
0
LINE
8
User.Drawings
6
CONTINUOUS
10
3.7475148425196849
20
-2.181259842519685
11
3.7024837401574802
21
-2.181259842519685
0
LINE
8
User.Drawings
6
CONTINUOUS
10
3.7024837401574802
20
-2.181259842519685
11
3.7024837401574802
21
-2.1671043307086615
0
LINE
8
User.Drawings
6
CONTINUOUS
10
3.7024837401574802
20
-2.1671043307086615
11
3.7161882677165354
21
-2.1671043307086615
0
LINE
8
User.Drawings
6
CONTINUOUS
10
3.7161882677165354
20
-2.1671043307086615
11
3.730083622047244
21
-2.1282725984251969
0
LINE
8
User.Drawings
6
CONTINUOUS
10
3.730083622047244
20
-2.1282725984251969
11
3.7467609448818897
21
-2.0816664173228348
0
LINE
8
User.Drawings
6
CONTINUOUS
10
3.7467609448818897
20
-2.0816664173228348
11
3.7331372047244096
21
-2.0816664173228348
0
LINE
8
User.Drawings
6
CONTINUOUS
10
3.7331372047244096
20
-2.0816664173228348
11
3.7331372047244096
21
-2.0679619291338582
0
LINE
8
User.Drawings
6
CONTINUOUS
10
3.7331372047244096
20
-2.0679619291338582
11
3.7920949212598423
21
-2.0679619291338582
0
LINE
8
User.Drawings
6
CONTINUOUS
10
3.7920949212598423
20
-2.0679619291338582
11
3.7920949212598423
21
-2.0816664173228348
0
LINE
8
User.Drawings
6
CONTINUOUS
10
3.7463907480314962
20
-2.1282725984251969
11
3.7786192519685038
21
-2.1282725984251969
0
LINE
8
User.Drawings
6
CONTINUOUS
10
3.7786192519685038
20
-2.1282725984251969
11
3.7629559842519682
21
-2.0816664173228348
0
LINE
8
User.Drawings
6
CONTINUOUS
10
3.7629559842519682
20
-2.0816664173228348
11
3.7624242125984253
21
-2.0816664173228348
0
LINE
8
User.Drawings
6
CONTINUOUS
10
3.7624242125984253
20
-2.0816664173228348
11
3.7463907480314962
21
-2.1282725984251969
0
LINE
8
User.Drawings
6
CONTINUOUS
10
4.4920949212598424
20
-2.0816664173228348
11
4.4784644488188974
21
-2.0816664173228348
0
LINE
8
User.Drawings
6
CONTINUOUS
10
4.4784644488188974
20
-2.0816664173228348
11
4.5091919291338582
21
-2.1671043307086615
0
LINE
8
User.Drawings
6
CONTINUOUS
10
4.5091919291338582
20
-2.1671043307086615
11
4.5218396456692913
21
-2.1671043307086615
0
LINE
8
User.Drawings
6
CONTINUOUS
10
4.5218396456692913
20
-2.1671043307086615
11
4.5218396456692913
21
-2.181259842519685
0
LINE
8
User.Drawings
6
CONTINUOUS
10
4.5218396456692913
20
-2.181259842519685
11
4.4771114960629923
21
-2.181259842519685
0
LINE
8
User.Drawings
6
CONTINUOUS
10
4.4771114960629923
20
-2.181259842519685
11
4.4771114960629923
21
-2.1671043307086615
0
LINE
8
User.Drawings
6
CONTINUOUS
10
4.4771114960629923
20
-2.1671043307086615
11
4.4919468503937008
21
-2.1671043307086615
0
LINE
8
User.Drawings
6
CONTINUOUS
10
4.4919468503937008
20
-2.1671043307086615
11
4.4831358267716537
21
-2.141600157480315
0
LINE
8
User.Drawings
6
CONTINUOUS
10
4.4831358267716537
20
-2.141600157480315
11
4.4419481889763777
21
-2.141600157480315
0
LINE
8
User.Drawings
6
CONTINUOUS
10
4.4419481889763777
20
-2.141600157480315
11
4.4331372047244093
21
-2.1671043307086615
0
LINE
8
User.Drawings
6
CONTINUOUS
10
4.4331372047244093
20
-2.1671043307086615
11
4.4475148425196851
21
-2.1671043307086615
0
LINE
8
User.Drawings
6
CONTINUOUS
10
4.4475148425196851
20
-2.1671043307086615
11
4.4475148425196851
21
-2.181259842519685
0
LINE
8
User.Drawings
6
CONTINUOUS
10
4.4475148425196851
20
-2.181259842519685
11
4.4024837401574803
21
-2.181259842519685
0
LINE
8
User.Drawings
6
CONTINUOUS
10
4.4024837401574803
20
-2.181259842519685
11
4.4024837401574803
21
-2.1671043307086615
0
LINE
8
User.Drawings
6
CONTINUOUS
10
4.4024837401574803
20
-2.1671043307086615
11
4.4161882677165352
21
-2.1671043307086615
0
LINE
8
User.Drawings
6
CONTINUOUS
10
4.4161882677165352
20
-2.1671043307086615
11
4.4300836220472437
21
-2.1282725984251969
0
LINE
8
User.Drawings
6
CONTINUOUS
10
4.4300836220472437
20
-2.1282725984251969
11
4.4467609448818894
21
-2.0816664173228348
0
LINE
8
User.Drawings
6
CONTINUOUS
10
4.4467609448818894
20
-2.0816664173228348
11
4.4331372047244093
21
-2.0816664173228348
0
LINE
8
User.Drawings
6
CONTINUOUS
10
4.4331372047244093
20
-2.0816664173228348
11
4.4331372047244093
21
-2.0679619291338582
0
LINE
8
User.Drawings
6
CONTINUOUS
10
4.4331372047244093
20
-2.0679619291338582
11
4.4920949212598424
21
-2.0679619291338582
0
LINE
8
User.Drawings
6
CONTINUOUS
10
4.4920949212598424
20
-2.0679619291338582
11
4.4920949212598424
21
-2.0816664173228348
0
LINE
8
User.Drawings
6
CONTINUOUS
10
4.4463907480314964
20
-2.1282725984251969
11
4.478619251968504
21
-2.1282725984251969
0
LINE
8
User.Drawings
6
CONTINUOUS
10
4.478619251968504
20
-2.1282725984251969
11
4.4629559842519688
21
-2.0816664173228348
0
LINE
8
User.Drawings
6
CONTINUOUS
10
4.4629559842519688
20
-2.0816664173228348
11
4.4624242125984255
21
-2.0816664173228348
0
LINE
8
User.Drawings
6
CONTINUOUS
10
4.4624242125984255
20
-2.0816664173228348
11
4.4463907480314964
21
-2.1282725984251969
0
LINE
8
User.Drawings
6
CONTINUOUS
10
4.5768019685039372
20
-2.0663358661417321
11
4.5831068503937002
21
-2.0678159448818896
0
LINE
8
User.Drawings
6
CONTINUOUS
10
4.5831068503937002
20
-2.0678159448818896
11
4.588396811023622
21
-2.0701427952755904
0
LINE
8
User.Drawings
6
CONTINUOUS
10
4.588396811023622
20
-2.0701427952755904
11
4.5931694094488185
21
-2.0733979921259844
0
LINE
8
User.Drawings
6
CONTINUOUS
10
4.5931694094488185
20
-2.0733979921259844
11
4.5969609055118106
21
-2.0771668110236221
0
LINE
8
User.Drawings
6
CONTINUOUS
10
4.5969609055118106
20
-2.0771668110236221
11
4.5998800393700785
21
-2.0814846850393702
0
LINE
8
User.Drawings
6
CONTINUOUS
10
4.5998800393700785
20
-2.0814846850393702
11
4.6019882283464568
21
-2.0862771653543306
0
LINE
8
User.Drawings
6
CONTINUOUS
10
4.6019882283464568
20
-2.0862771653543306
11
4.6032544488188973
21
-2.0913284645669292
0
LINE
8
User.Drawings
6
CONTINUOUS
10
4.6032544488188973
20
-2.0913284645669292
11
4.6036831102362203
21
-2.0967104330708661
0
LINE
8
User.Drawings
6
CONTINUOUS
10
4.6036831102362203
20
-2.0967104330708661
11
4.6031212992125985
21
-2.1029407480314961
0
LINE
8
User.Drawings
6
CONTINUOUS
10
4.6031212992125985
20
-2.1029407480314961
11
4.6014939370078736
21
-2.108473307086614
0
LINE
8
User.Drawings
6
CONTINUOUS
10
4.6014939370078736
20
-2.108473307086614
11
4.5988232677165355
21
-2.1134439763779529
0
LINE
8
User.Drawings
6
CONTINUOUS
10
4.5988232677165355
20
-2.1134439763779529
11
4.5952357874015748
21
-2.1179148031496062
0
LINE
8
User.Drawings
6
CONTINUOUS
10
4.5952357874015748
20
-2.1179148031496062
11
4.5896814566929134
21
-2.1232840157480313
0
LINE
8
User.Drawings
6
CONTINUOUS
10
4.5896814566929134
20
-2.1232840157480313
11
4.5816185826771649
21
-2.1297197637795273
0
LINE
8
User.Drawings
6
CONTINUOUS
10
4.5816185826771649
20
-2.1297197637795273
11
4.5743961023622051
21
-2.1351450393700788
0
LINE
8
User.Drawings
6
CONTINUOUS
10
4.5743961023622051
20
-2.1351450393700788
11
4.5605704330708656
21
-2.1461503937007875
0
LINE
8
User.Drawings
6
CONTINUOUS
10
4.5605704330708656
20
-2.1461503937007875
11
4.5560444094488188
21
-2.1506182283464566
0
LINE
8
User.Drawings
6
CONTINUOUS
10
4.5560444094488188
20
-2.1506182283464566
11
4.552250787401575
21
-2.1554931496062992
0
LINE
8
User.Drawings
6
CONTINUOUS
10
4.552250787401575
20
-2.1554931496062992
11
4.5493489763779529
21
-2.160887559055118
0
LINE
8
User.Drawings
6
CONTINUOUS
10
4.5493489763779529
20
-2.160887559055118
11
4.5475120866141729
21
-2.1669494881889761
0
LINE
8
User.Drawings
6
CONTINUOUS
10
4.5475120866141729
20
-2.1669494881889761
11
4.5902074803149606
21
-2.1669494881889761
0
LINE
8
User.Drawings
6
CONTINUOUS
10
4.5902074803149606
20
-2.1669494881889761
11
4.5908873228346456
21
-2.1407655118110234
0
LINE
8
User.Drawings
6
CONTINUOUS
10
4.5908873228346456
20
-2.1407655118110234
11
4.6045918110236217
21
-2.1407655118110234
0
LINE
8
User.Drawings
6
CONTINUOUS
10
4.6045918110236217
20
-2.1407655118110234
11
4.6036831102362203
21
-2.181259842519685
0
LINE
8
User.Drawings
6
CONTINUOUS
10
4.6036831102362203
20
-2.181259842519685
11
4.5310208661417324
21
-2.181259842519685
0
LINE
8
User.Drawings
6
CONTINUOUS
10
4.5310208661417324
20
-2.181259842519685
11
4.5316594881889767
21
-2.1721062204724411
0
LINE
8
User.Drawings
6
CONTINUOUS
10
4.5316594881889767
20
-2.1721062204724411
11
4.5332827952755901
21
-2.1641362204724408
0
LINE
8
User.Drawings
6
CONTINUOUS
10
4.5332827952755901
20
-2.1641362204724408
11
4.5357999606299213
21
-2.1571826771653542
0
LINE
8
User.Drawings
6
CONTINUOUS
10
4.5357999606299213
20
-2.1571826771653542
11
4.5392038188976374
21
-2.1505632677165352
0
LINE
8
User.Drawings
6
CONTINUOUS
10
4.5392038188976374
20
-2.1505632677165352
11
4.5428858267716539
21
-2.1449865748031494
0
LINE
8
User.Drawings
6
CONTINUOUS
10
4.5428858267716539
20
-2.1449865748031494
11
4.5468322440944879
21
-2.1403347244094486
0
LINE
8
User.Drawings
6
CONTINUOUS
10
4.5468322440944879
20
-2.1403347244094486
11
4.5536719685039371
21
-2.1338418110236219
0
LINE
8
User.Drawings
6
CONTINUOUS
10
4.5536719685039371
20
-2.1338418110236219
11
4.562192598425197
21
-2.1269196456692914
0
LINE
8
User.Drawings
6
CONTINUOUS
10
4.562192598425197
20
-2.1269196456692914
11
4.5734133464566931
21
-2.1184048031496063
0
LINE
8
User.Drawings
6
CONTINUOUS
10
4.5734133464566931
20
-2.1184048031496063
11
4.5803826377952754
21
-2.1126206299212598
0
LINE
8
User.Drawings
6
CONTINUOUS
10
4.5803826377952754
20
-2.1126206299212598
11
4.5842571653543303
21
-2.1080388976377953
0
LINE
8
User.Drawings
6
CONTINUOUS
10
4.5842571653543303
20
-2.1080388976377953
11
4.5865612204724409
21
-2.1030427559055118
0
LINE
8
User.Drawings
6
CONTINUOUS
10
4.5865612204724409
20
-2.1030427559055118
11
4.5873467322834642
21
-2.0972960629921258
0
LINE
8
User.Drawings
6
CONTINUOUS
10
4.5873467322834642
20
-2.0972960629921258
11
4.5867500000000003
21
-2.091824527559055
0
LINE
8
User.Drawings
6
CONTINUOUS
10
4.5867500000000003
20
-2.091824527559055
11
4.5850850787401578
21
-2.0874755118110238
0
LINE
8
User.Drawings
6
CONTINUOUS
10
4.5850850787401578
20
-2.0874755118110238
11
4.5824128346456696
21
-2.0839953937007873
0
LINE
8
User.Drawings
6
CONTINUOUS
10
4.5824128346456696
20
-2.0839953937007873
11
4.578850826771653
21
-2.0814102755905513
0
LINE
8
User.Drawings
6
CONTINUOUS
10
4.578850826771653
20
-2.0814102755905513
11
4.5744046062992121
21
-2.0797909448818896
0
LINE
8
User.Drawings
6
CONTINUOUS
10
4.5744046062992121
20
-2.0797909448818896
11
4.5688227559055115
21
-2.0792095669291339
0
LINE
8
User.Drawings
6
CONTINUOUS
10
4.5688227559055115
20
-2.0792095669291339
11
4.5632713385826769
21
-2.0796960236220472
0
LINE
8
User.Drawings
6
CONTINUOUS
10
4.5632713385826769
20
-2.0796960236220472
11
4.5590101968503935
21
-2.0810189763779525
0
LINE
8
User.Drawings
6
CONTINUOUS
10
4.5590101968503935
20
-2.0810189763779525
11
4.5557543700787404
21
-2.0830576377952754
0
LINE
8
User.Drawings
6
CONTINUOUS
10
4.5557543700787404
20
-2.0830576377952754
11
4.553307559055118
21
-2.0858127952755905
0
LINE
8
User.Drawings
6
CONTINUOUS
10
4.553307559055118
20
-2.0858127952755905
11
4.5510724803149607
21
-2.0904514173228348
0
LINE
8
User.Drawings
6
CONTINUOUS
10
4.5510724803149607
20
-2.0904514173228348
11
4.5495299606299211
21
-2.0970758267716536
0
LINE
8
User.Drawings
6
CONTINUOUS
10
4.5495299606299211
20
-2.0970758267716536
11
4.5489390944881887
21
-2.1063090157480313
0
LINE
8
User.Drawings
6
CONTINUOUS
10
4.5489390944881887
20
-2.1063090157480313
11
4.5489390944881887
21
-2.1101793700787401
0
LINE
8
User.Drawings
6
CONTINUOUS
10
4.5489390944881887
20
-2.1101793700787401
11
4.5339556299212598
21
-2.1101793700787401
0
LINE
8
User.Drawings
6
CONTINUOUS
10
4.5339556299212598
20
-2.1101793700787401
11
4.5339556299212598
21
-2.1057907086614174
0
LINE
8
User.Drawings
6
CONTINUOUS
10
4.5339556299212598
20
-2.1057907086614174
11
4.5345308661417318
21
-2.0965720078740158
0
LINE
8
User.Drawings
6
CONTINUOUS
10
4.5345308661417318
20
-2.0965720078740158
11
4.5361333464566931
21
-2.0889178346456694
0
LINE
8
User.Drawings
6
CONTINUOUS
10
4.5361333464566931
20
-2.0889178346456694
11
4.538625433070866
21
-2.0825709842519684
0
LINE
8
User.Drawings
6
CONTINUOUS
10
4.538625433070866
20
-2.0825709842519684
11
4.5419387401574802
21
-2.0773181496062993
0
LINE
8
User.Drawings
6
CONTINUOUS
10
4.5419387401574802
20
-2.0773181496062993
11
4.5453946062992125
21
-2.0736856299212598
0
LINE
8
User.Drawings
6
CONTINUOUS
10
4.5453946062992125
20
-2.0736856299212598
11
4.5491964173228343
21
-2.0708012992125986
0
LINE
8
User.Drawings
6
CONTINUOUS
10
4.5491964173228343
20
-2.0708012992125986
11
4.5533816141732286
21
-2.0686081102362204
0
LINE
8
User.Drawings
6
CONTINUOUS
10
4.5533816141732286
20
-2.0686081102362204
11
4.5604134251968507
21
-2.0665540157480313
0
LINE
8
User.Drawings
6
CONTINUOUS
10
4.5604134251968507
20
-2.0665540157480313
11
4.5692737401574801
21
-2.0658079527559057
0
LINE
8
User.Drawings
6
CONTINUOUS
10
4.5692737401574801
20
-2.0658079527559057
11
4.5768019685039372
21
-2.0663358661417321
0
LINE
8
User.Drawings
6
CONTINUOUS
10
5.1920949212598426
20
-2.0816664173228348
11
5.1784644488188976
21
-2.0816664173228348
0
LINE
8
User.Drawings
6
CONTINUOUS
10
5.1784644488188976
20
-2.0816664173228348
11
5.2091919291338584
21
-2.1671043307086615
0
LINE
8
User.Drawings
6
CONTINUOUS
10
5.2091919291338584
20
-2.1671043307086615
11
5.2218396456692915
21
-2.1671043307086615
0
LINE
8
User.Drawings
6
CONTINUOUS
10
5.2218396456692915
20
-2.1671043307086615
11
5.2218396456692915
21
-2.181259842519685
0
LINE
8
User.Drawings
6
CONTINUOUS
10
5.2218396456692915
20
-2.181259842519685
11
5.1771114960629916
21
-2.181259842519685
0
LINE
8
User.Drawings
6
CONTINUOUS
10
5.1771114960629916
20
-2.181259842519685
11
5.1771114960629916
21
-2.1671043307086615
0
LINE
8
User.Drawings
6
CONTINUOUS
10
5.1771114960629916
20
-2.1671043307086615
11
5.191946850393701
21
-2.1671043307086615
0
LINE
8
User.Drawings
6
CONTINUOUS
10
5.191946850393701
20
-2.1671043307086615
11
5.1831358267716539
21
-2.141600157480315
0
LINE
8
User.Drawings
6
CONTINUOUS
10
5.1831358267716539
20
-2.141600157480315
11
5.1419481889763778
21
-2.141600157480315
0
LINE
8
User.Drawings
6
CONTINUOUS
10
5.1419481889763778
20
-2.141600157480315
11
5.1331372047244095
21
-2.1671043307086615
0
LINE
8
User.Drawings
6
CONTINUOUS
10
5.1331372047244095
20
-2.1671043307086615
11
5.1475148425196853
21
-2.1671043307086615
0
LINE
8
User.Drawings
6
CONTINUOUS
10
5.1475148425196853
20
-2.1671043307086615
11
5.1475148425196853
21
-2.181259842519685
0
LINE
8
User.Drawings
6
CONTINUOUS
10
5.1475148425196853
20
-2.181259842519685
11
5.1024837401574805
21
-2.181259842519685
0
LINE
8
User.Drawings
6
CONTINUOUS
10
5.1024837401574805
20
-2.181259842519685
11
5.1024837401574805
21
-2.1671043307086615
0
LINE
8
User.Drawings
6
CONTINUOUS
10
5.1024837401574805
20
-2.1671043307086615
11
5.1161882677165353
21
-2.1671043307086615
0
LINE
8
User.Drawings
6
CONTINUOUS
10
5.1161882677165353
20
-2.1671043307086615
11
5.1300836220472439
21
-2.1282725984251969
0
LINE
8
User.Drawings
6
CONTINUOUS
10
5.1300836220472439
20
-2.1282725984251969
11
5.1467609448818896
21
-2.0816664173228348
0
LINE
8
User.Drawings
6
CONTINUOUS
10
5.1467609448818896
20
-2.0816664173228348
11
5.1331372047244095
21
-2.0816664173228348
0
LINE
8
User.Drawings
6
CONTINUOUS
10
5.1331372047244095
20
-2.0816664173228348
11
5.1331372047244095
21
-2.0679619291338582
0
LINE
8
User.Drawings
6
CONTINUOUS
10
5.1331372047244095
20
-2.0679619291338582
11
5.1920949212598426
21
-2.0679619291338582
0
LINE
8
User.Drawings
6
CONTINUOUS
10
5.1920949212598426
20
-2.0679619291338582
11
5.1920949212598426
21
-2.0816664173228348
0
LINE
8
User.Drawings
6
CONTINUOUS
10
5.1463907480314957
20
-2.1282725984251969
11
5.1786192519685041
21
-2.1282725984251969
0
LINE
8
User.Drawings
6
CONTINUOUS
10
5.1786192519685041
20
-2.1282725984251969
11
5.1629559842519681
21
-2.0816664173228348
0
LINE
8
User.Drawings
6
CONTINUOUS
10
5.1629559842519681
20
-2.0816664173228348
11
5.1624242125984248
21
-2.0816664173228348
0
LINE
8
User.Drawings
6
CONTINUOUS
10
5.1624242125984248
20
-2.0816664173228348
11
5.1463907480314957
21
-2.1282725984251969
0
LINE
8
User.Drawings
6
CONTINUOUS
10
5.279585787401575
20
-2.1674004724409448
11
5.2942730314960631
21
-2.1674004724409448
0
LINE
8
User.Drawings
6
CONTINUOUS
10
5.2942730314960631
20
-2.1674004724409448
11
5.2942730314960631
21
-2.181259842519685
0
LINE
8
User.Drawings
6
CONTINUOUS
10
5.2942730314960631
20
-2.181259842519685
11
5.2484140551181104
21
-2.181259842519685
0
LINE
8
User.Drawings
6
CONTINUOUS
10
5.2484140551181104
20
-2.181259842519685
11
5.2484140551181104
21
-2.1674004724409448
0
LINE
8
User.Drawings
6
CONTINUOUS
10
5.2484140551181104
20
-2.1674004724409448
11
5.2640032677165349
21
-2.1674004724409448
0
LINE
8
User.Drawings
6
CONTINUOUS
10
5.2640032677165349
20
-2.1674004724409448
11
5.2640032677165349
21
-2.0815183464566926
0
LINE
8
User.Drawings
6
CONTINUOUS
10
5.2640032677165349
20
-2.0815183464566926
11
5.2484140551181104
21
-2.0815183464566926
0
LINE
8
User.Drawings
6
CONTINUOUS
10
5.2484140551181104
20
-2.0815183464566926
11
5.2484140551181104
21
-2.0679619291338582
0
LINE
8
User.Drawings
6
CONTINUOUS
10
5.2484140551181104
20
-2.0679619291338582
11
5.279585787401575
21
-2.0679619291338582
0
LINE
8
User.Drawings
6
CONTINUOUS
10
5.279585787401575
20
-2.0679619291338582
11
5.279585787401575
21
-2.1674004724409448
0
LINE
8
User.Drawings
6
CONTINUOUS
10
5.8920949212598428
20
-2.0816664173228348
11
5.8784644488188977
21
-2.0816664173228348
0
LINE
8
User.Drawings
6
CONTINUOUS
10
5.8784644488188977
20
-2.0816664173228348
11
5.9091919291338577
21
-2.1671043307086615
0
LINE
8
User.Drawings
6
CONTINUOUS
10
5.9091919291338577
20
-2.1671043307086615
11
5.9218396456692908
21
-2.1671043307086615
0
LINE
8
User.Drawings
6
CONTINUOUS
10
5.9218396456692908
20
-2.1671043307086615
11
5.9218396456692908
21
-2.181259842519685
0
LINE
8
User.Drawings
6
CONTINUOUS
10
5.9218396456692908
20
-2.181259842519685
11
5.8771114960629918
21
-2.181259842519685
0
LINE
8
User.Drawings
6
CONTINUOUS
10
5.8771114960629918
20
-2.181259842519685
11
5.8771114960629918
21
-2.1671043307086615
0
LINE
8
User.Drawings
6
CONTINUOUS
10
5.8771114960629918
20
-2.1671043307086615
11
5.8919468503937003
21
-2.1671043307086615
0
LINE
8
User.Drawings
6
CONTINUOUS
10
5.8919468503937003
20
-2.1671043307086615
11
5.8831358267716531
21
-2.141600157480315
0
LINE
8
User.Drawings
6
CONTINUOUS
10
5.8831358267716531
20
-2.141600157480315
11
5.841948188976378
21
-2.141600157480315
0
LINE
8
User.Drawings
6
CONTINUOUS
10
5.841948188976378
20
-2.141600157480315
11
5.8331372047244097
21
-2.1671043307086615
0
LINE
8
User.Drawings
6
CONTINUOUS
10
5.8331372047244097
20
-2.1671043307086615
11
5.8475148425196846
21
-2.1671043307086615
0
LINE
8
User.Drawings
6
CONTINUOUS
10
5.8475148425196846
20
-2.1671043307086615
11
5.8475148425196846
21
-2.181259842519685
0
LINE
8
User.Drawings
6
CONTINUOUS
10
5.8475148425196846
20
-2.181259842519685
11
5.8024837401574798
21
-2.181259842519685
0
LINE
8
User.Drawings
6
CONTINUOUS
10
5.8024837401574798
20
-2.181259842519685
11
5.8024837401574798
21
-2.1671043307086615
0
LINE
8
User.Drawings
6
CONTINUOUS
10
5.8024837401574798
20
-2.1671043307086615
11
5.8161882677165355
21
-2.1671043307086615
0
LINE
8
User.Drawings
6
CONTINUOUS
10
5.8161882677165355
20
-2.1671043307086615
11
5.8300836220472441
21
-2.1282725984251969
0
LINE
8
User.Drawings
6
CONTINUOUS
10
5.8300836220472441
20
-2.1282725984251969
11
5.8467609448818898
21
-2.0816664173228348
0
LINE
8
User.Drawings
6
CONTINUOUS
10
5.8467609448818898
20
-2.0816664173228348
11
5.8331372047244097
21
-2.0816664173228348
0
LINE
8
User.Drawings
6
CONTINUOUS
10
5.8331372047244097
20
-2.0816664173228348
11
5.8331372047244097
21
-2.0679619291338582
0
LINE
8
User.Drawings
6
CONTINUOUS
10
5.8331372047244097
20
-2.0679619291338582
11
5.8920949212598428
21
-2.0679619291338582
0
LINE
8
User.Drawings
6
CONTINUOUS
10
5.8920949212598428
20
-2.0679619291338582
11
5.8920949212598428
21
-2.0816664173228348
0
LINE
8
User.Drawings
6
CONTINUOUS
10
5.8463907480314958
20
-2.1282725984251969
11
5.8786192519685034
21
-2.1282725984251969
0
LINE
8
User.Drawings
6
CONTINUOUS
10
5.8786192519685034
20
-2.1282725984251969
11
5.8629559842519683
21
-2.0816664173228348
0
LINE
8
User.Drawings
6
CONTINUOUS
10
5.8629559842519683
20
-2.0816664173228348
11
5.8624242125984249
21
-2.0816664173228348
0
LINE
8
User.Drawings
6
CONTINUOUS
10
5.8624242125984249
20
-2.0816664173228348
11
5.8463907480314958
21
-2.1282725984251969
0
LINE
8
User.Drawings
6
CONTINUOUS
10
0.8581977952755905
20
-1.1772266141732284
11
0.8481347637795276
21
-1.1772266141732284
0
LINE
8
User.Drawings
6
CONTINUOUS
10
0.8481347637795276
20
-1.1772266141732284
11
0.8481347637795276
21
-1.1657981496062992
0
LINE
8
User.Drawings
6
CONTINUOUS
10
0.8481347637795276
20
-1.1657981496062992
11
0.8233931889763779
21
-1.1657981496062992
0
LINE
8
User.Drawings
6
CONTINUOUS
10
0.8233931889763779
20
-1.1657981496062992
11
0.8216190551181102
21
-1.1897079921259843
0
LINE
8
User.Drawings
6
CONTINUOUS
10
0.8216190551181102
20
-1.1897079921259843
11
0.825360905511811
21
-1.1870626377952755
0
LINE
8
User.Drawings
6
CONTINUOUS
10
0.825360905511811
20
-1.1870626377952755
11
0.8293382677165354
21
-1.1851981102362203
0
LINE
8
User.Drawings
6
CONTINUOUS
10
0.8293382677165354
20
-1.1851981102362203
11
0.8336070472440945
21
-1.1840722047244094
0
LINE
8
User.Drawings
6
CONTINUOUS
10
0.8336070472440945
20
-1.1840722047244094
11
0.8382400393700787
21
-1.183688464566929
0
LINE
8
User.Drawings
6
CONTINUOUS
10
0.8382400393700787
20
-1.183688464566929
11
0.843186653543307
21
-1.1841117716535432
0
LINE
8
User.Drawings
6
CONTINUOUS
10
0.843186653543307
20
-1.1841117716535432
11
0.847551811023622
21
-1.185332716535433
0
LINE
8
User.Drawings
6
CONTINUOUS
10
0.847551811023622
20
-1.185332716535433
11
0.8514426377952756
21
-1.1873232677165355
0
LINE
8
User.Drawings
6
CONTINUOUS
10
0.8514426377952756
20
-1.1873232677165355
11
0.8549004724409449
21
-1.190019094488189
0
LINE
8
User.Drawings
6
CONTINUOUS
10
0.8549004724409449
20
-1.190019094488189
11
0.8577550393700787
21
-1.193232283464567
0
LINE
8
User.Drawings
6
CONTINUOUS
10
0.8577550393700787
20
-1.193232283464567
11
0.8600488188976377
21
-1.1970160236220473
0
LINE
8
User.Drawings
6
CONTINUOUS
10
0.8600488188976377
20
-1.1970160236220473
11
0.8616923622047243
21
-1.2011432283464567
0
LINE
8
User.Drawings
6
CONTINUOUS
10
0.8616923622047243
20
-1.2011432283464567
11
0.8626926377952756
21
-1.205581062992126
0
LINE
8
User.Drawings
6
CONTINUOUS
10
0.8626926377952756
20
-1.205581062992126
11
0.8630345669291338
21
-1.2103916929133858
0
LINE
8
User.Drawings
6
CONTINUOUS
10
0.8630345669291338
20
-1.2103916929133858
11
0.8626424015748031
21
-1.215723464566929
0
LINE
8
User.Drawings
6
CONTINUOUS
10
0.8626424015748031
20
-1.215723464566929
11
0.8615104724409448
21
-1.2204828740157481
0
LINE
8
User.Drawings
6
CONTINUOUS
10
0.8615104724409448
20
-1.2204828740157481
11
0.8596738188976377
21
-1.2247625984251969
0
LINE
8
User.Drawings
6
CONTINUOUS
10
0.8596738188976377
20
-1.2247625984251969
11
0.857100157480315
21
-1.2286132283464566
0
LINE
8
User.Drawings
6
CONTINUOUS
10
0.857100157480315
20
-1.2286132283464566
11
0.8538846456692913
21
-1.2318163779527558
0
LINE
8
User.Drawings
6
CONTINUOUS
10
0.8538846456692913
20
-1.2318163779527558
11
0.849961811023622
21
-1.2344265354330708
0
LINE
8
User.Drawings
6
CONTINUOUS
10
0.849961811023622
20
-1.2344265354330708
11
0.845610590551181
21
-1.2362889763779528
0
LINE
8
User.Drawings
6
CONTINUOUS
10
0.845610590551181
20
-1.2362889763779528
11
0.8407154724409449
21
-1.2374431496062992
0
LINE
8
User.Drawings
6
CONTINUOUS
10
0.8407154724409449
20
-1.2374431496062992
11
0.8351725984251969
21
-1.2378449999999999
0
LINE
8
User.Drawings
6
CONTINUOUS
10
0.8351725984251969
20
-1.2378449999999999
11
0.8290312204724409
21
-1.2373623228346455
0
LINE
8
User.Drawings
6
CONTINUOUS
10
0.8290312204724409
20
-1.2373623228346455
11
0.823844842519685
21
-1.2359995669291339
0
LINE
8
User.Drawings
6
CONTINUOUS
10
0.823844842519685
20
-1.2359995669291339
11
0.819444094488189
21
-1.2338325984251968
0
LINE
8
User.Drawings
6
CONTINUOUS
10
0.819444094488189
20
-1.2338325984251968
11
0.8157004724409449
21
-1.2308638582677165
0
LINE
8
User.Drawings
6
CONTINUOUS
10
0.8157004724409449
20
-1.2308638582677165
11
0.8126735826771654
21
-1.2271792125984251
0
LINE
8
User.Drawings
6
CONTINUOUS
10
0.8126735826771654
20
-1.2271792125984251
11
0.810333188976378
21
-1.2227074015748032
0
LINE
8
User.Drawings
6
CONTINUOUS
10
0.810333188976378
20
-1.2227074015748032
11
0.8086976377952756
21
-1.2173001968503936
0
LINE
8
User.Drawings
6
CONTINUOUS
10
0.8086976377952756
20
-1.2173001968503936
11
0.8078491338582677
21
-1.2107667322834645
0
LINE
8
User.Drawings
6
CONTINUOUS
10
0.8078491338582677
20
-1.2107667322834645
11
0.8182823228346456
21
-1.2107667322834645
0
LINE
8
User.Drawings
6
CONTINUOUS
10
0.8182823228346456
20
-1.2107667322834645
11
0.8194106299212598
21
-1.2161076771653543
0
LINE
8
User.Drawings
6
CONTINUOUS
10
0.8194106299212598
20
-1.2161076771653543
11
0.8212407086614173
21
-1.2203624803149606
0
LINE
8
User.Drawings
6
CONTINUOUS
10
0.8212407086614173
20
-1.2203624803149606
11
0.8237153149606299
21
-1.2237337007874016
0
LINE
8
User.Drawings
6
CONTINUOUS
10
0.8237153149606299
20
-1.2237337007874016
11
0.8269204724409449
21
-1.2263186614173227
0
LINE
8
User.Drawings
6
CONTINUOUS
10
0.8269204724409449
20
-1.2263186614173227
11
0.8307172440944882
21
-1.2278834251968505
0
LINE
8
User.Drawings
6
CONTINUOUS
10
0.8307172440944882
20
-1.2278834251968505
11
0.835283188976378
21
-1.228431062992126
0
LINE
8
User.Drawings
6
CONTINUOUS
10
0.835283188976378
20
-1.228431062992126
11
0.8398376771653543
21
-1.2278661023622046
0
LINE
8
User.Drawings
6
CONTINUOUS
10
0.8398376771653543
20
-1.2278661023622046
11
0.8436702755905512
21
-1.2262406692913386
0
LINE
8
User.Drawings
6
CONTINUOUS
10
0.8436702755905512
20
-1.2262406692913386
11
0.8469520078740157
21
-1.2235317716535432
0
LINE
8
User.Drawings
6
CONTINUOUS
10
0.8469520078740157
20
-1.2235317716535432
11
0.8494091338582677
21
-1.2200207086614172
0
LINE
8
User.Drawings
6
CONTINUOUS
10
0.8494091338582677
20
-1.2200207086614172
11
0.8509314566929134
21
-1.2157780314960629
0
LINE
8
User.Drawings
6
CONTINUOUS
10
0.8509314566929134
20
-1.2157780314960629
11
0.8514714960629921
21
-1.2106032677165355
0
LINE
8
User.Drawings
6
CONTINUOUS
10
0.8514714960629921
20
-1.2106032677165355
11
0.8509435826771653
21
-1.2052327559055118
0
LINE
8
User.Drawings
6
CONTINUOUS
10
0.8509435826771653
20
-1.2052327559055118
11
0.8494943307086614
21
-1.2010701574803149
0
LINE
8
User.Drawings
6
CONTINUOUS
10
0.8494943307086614
20
-1.2010701574803149
11
0.8472212598425196
21
-1.1978429921259843
0
LINE
8
User.Drawings
6
CONTINUOUS
10
0.8472212598425196
20
-1.1978429921259843
11
0.8441448818897638
21
-1.1953703937007873
0
LINE
8
User.Drawings
6
CONTINUOUS
10
0.8441448818897638
20
-1.1953703937007873
11
0.8405752755905511
21
-1.1938865748031495
0
LINE
8
User.Drawings
6
CONTINUOUS
10
0.8405752755905511
20
-1.1938865748031495
11
0.8363601574803149
21
-1.1933716141732282
0
LINE
8
User.Drawings
6
CONTINUOUS
10
0.8363601574803149
20
-1.1933716141732282
11
0.8327020078740157
21
-1.1937527952755904
0
LINE
8
User.Drawings
6
CONTINUOUS
10
0.8327020078740157
20
-1.1937527952755904
11
0.8293172047244094
21
-1.1948816141732284
0
LINE
8
User.Drawings
6
CONTINUOUS
10
0.8293172047244094
20
-1.1948816141732284
11
0.8261288976377953
21
-1.1967883070866141
0
LINE
8
User.Drawings
6
CONTINUOUS
10
0.8261288976377953
20
-1.1967883070866141
11
0.8230859842519684
21
-1.1995696456692913
0
LINE
8
User.Drawings
6
CONTINUOUS
10
0.8230859842519684
20
-1.1995696456692913
11
0.8201670472440945
21
-1.2033817322834646
0
LINE
8
User.Drawings
6
CONTINUOUS
10
0.8201670472440945
20
-1.2033817322834646
11
0.816293937007874
21
-1.2000859842519684
0
LINE
8
User.Drawings
6
CONTINUOUS
10
0.816293937007874
20
-1.2000859842519684
11
0.8117243307086613
21
-1.1972516141732283
0
LINE
8
User.Drawings
6
CONTINUOUS
10
0.8117243307086613
20
-1.1972516141732283
11
0.8150033464566929
21
-1.1556870866141733
0
LINE
8
User.Drawings
6
CONTINUOUS
10
0.8150033464566929
20
-1.1556870866141733
11
0.8581977952755905
21
-1.1556870866141733
0
LINE
8
User.Drawings
6
CONTINUOUS
10
0.8581977952755905
20
-1.1556870866141733
11
0.8581977952755905
21
-1.1772266141732284
0
LINE
8
User.Drawings
6
CONTINUOUS
10
1.5412061811023621
20
-1.154587716535433
11
1.5461797244094488
21
-1.1558014566929133
0
LINE
8
User.Drawings
6
CONTINUOUS
10
1.5461797244094488
20
-1.1558014566929133
11
1.5501987007874016
21
-1.1576820866141733
0
LINE
8
User.Drawings
6
CONTINUOUS
10
1.5501987007874016
20
-1.1576820866141733
11
1.5534331102362204
21
-1.1601920866141733
0
LINE
8
User.Drawings
6
CONTINUOUS
10
1.5534331102362204
20
-1.1601920866141733
11
1.5561148031496064
21
-1.1634015354330709
0
LINE
8
User.Drawings
6
CONTINUOUS
10
1.5561148031496064
20
-1.1634015354330709
11
1.5580201181102362
21
-1.1669825984251969
0
LINE
8
User.Drawings
6
CONTINUOUS
10
1.5580201181102362
20
-1.1669825984251969
11
1.5591872834645668
21
-1.1710097637795276
0
LINE
8
User.Drawings
6
CONTINUOUS
10
1.5591872834645668
20
-1.1710097637795276
11
1.5595920866141733
21
-1.1755870866141731
0
LINE
8
User.Drawings
6
CONTINUOUS
10
1.5595920866141733
20
-1.1755870866141731
11
1.5591835039370079
21
-1.1799489763779527
0
LINE
8
User.Drawings
6
CONTINUOUS
10
1.5591835039370079
20
-1.1799489763779527
11
1.558015905511811
21
-1.1836871259842519
0
LINE
8
User.Drawings
6
CONTINUOUS
10
1.558015905511811
20
-1.1836871259842519
11
1.556120748031496
21
-1.1869242125984252
0
LINE
8
User.Drawings
6
CONTINUOUS
10
1.556120748031496
20
-1.1869242125984252
11
1.5536288976377952
21
-1.1897993307086614
0
LINE
8
User.Drawings
6
CONTINUOUS
10
1.5536288976377952
20
-1.1897993307086614
11
1.5509725984251967
21
-1.1920517322834645
0
LINE
8
User.Drawings
6
CONTINUOUS
10
1.5509725984251967
20
-1.1920517322834645
11
1.5481347637795275
21
-1.193746653543307
0
LINE
8
User.Drawings
6
CONTINUOUS
10
1.5481347637795275
20
-1.193746653543307
11
1.5532038582677166
21
-1.1957018110236219
0
LINE
8
User.Drawings
6
CONTINUOUS
10
1.5532038582677166
20
-1.1957018110236219
11
1.5569661417322835
21
-1.1981242519685038
0
LINE
8
User.Drawings
6
CONTINUOUS
10
1.5569661417322835
20
-1.1981242519685038
11
1.5596738188976378
21
-1.2009825984251967
0
LINE
8
User.Drawings
6
CONTINUOUS
10
1.5596738188976378
20
-1.2009825984251967
11
1.5615989763779528
21
-1.2044303937007874
0
LINE
8
User.Drawings
6
CONTINUOUS
10
1.5615989763779528
20
-1.2044303937007874
11
1.5628158661417322
21
-1.2086104724409448
0
LINE
8
User.Drawings
6
CONTINUOUS
10
1.5628158661417322
20
-1.2086104724409448
11
1.5632509055118109
21
-1.2136995669291337
0
LINE
8
User.Drawings
6
CONTINUOUS
10
1.5632509055118109
20
-1.2136995669291337
11
1.5627757480314961
21
-1.2189479921259843
0
LINE
8
User.Drawings
6
CONTINUOUS
10
1.5627757480314961
20
-1.2189479921259843
11
1.5614234645669292
21
-1.2234157086614172
0
LINE
8
User.Drawings
6
CONTINUOUS
10
1.5614234645669292
20
-1.2234157086614172
11
1.5592411023622046
21
-1.2272531102362205
0
LINE
8
User.Drawings
6
CONTINUOUS
10
1.5592411023622046
20
-1.2272531102362205
11
1.5563061811023622
21
-1.230586811023622
0
LINE
8
User.Drawings
6
CONTINUOUS
10
1.5563061811023622
20
-1.230586811023622
11
1.5528756692913386
21
-1.2332522834645669
0
LINE
8
User.Drawings
6
CONTINUOUS
10
1.5528756692913386
20
-1.2332522834645669
11
1.5488896062992126
21
-1.235291968503937
0
LINE
8
User.Drawings
6
CONTINUOUS
10
1.5488896062992126
20
-1.235291968503937
11
1.5445950787401574
21
-1.2367035826771653
0
LINE
8
User.Drawings
6
CONTINUOUS
10
1.5445950787401574
20
-1.2367035826771653
11
1.5401079133858266
21
-1.2375564566929134
0
LINE
8
User.Drawings
6
CONTINUOUS
10
1.5401079133858266
20
-1.2375564566929134
11
1.5353889370078739
21
-1.2378449999999999
0
LINE
8
User.Drawings
6
CONTINUOUS
10
1.5353889370078739
20
-1.2378449999999999
11
1.5287850393700788
21
-1.2373499606299212
0
LINE
8
User.Drawings
6
CONTINUOUS
10
1.5287850393700788
20
-1.2373499606299212
11
1.5232814173228346
21
-1.2359624015748032
0
LINE
8
User.Drawings
6
CONTINUOUS
10
1.5232814173228346
20
-1.2359624015748032
11
1.5186832677165354
21
-1.233776220472441
0
LINE
8
User.Drawings
6
CONTINUOUS
10
1.5186832677165354
20
-1.233776220472441
11
1.5148398818897637
21
-1.2308109842519686
0
LINE
8
User.Drawings
6
CONTINUOUS
10
1.5148398818897637
20
-1.2308109842519686
11
1.5118086614173227
21
-1.2270931496062991
0
LINE
8
User.Drawings
6
CONTINUOUS
10
1.5118086614173227
20
-1.2270931496062991
11
1.5095346456692913
21
-1.2224111811023621
0
LINE
8
User.Drawings
6
CONTINUOUS
10
1.5095346456692913
20
-1.2224111811023621
11
1.5080620472440944
21
-1.2165489763779527
0
LINE
8
User.Drawings
6
CONTINUOUS
10
1.5080620472440944
20
-1.2165489763779527
11
1.5075270078740157
21
-1.2092281889763778
0
LINE
8
User.Drawings
6
CONTINUOUS
10
1.5075270078740157
20
-1.2092281889763778
11
1.5181765748031495
21
-1.2092281889763778
0
LINE
8
User.Drawings
6
CONTINUOUS
10
1.5181765748031495
20
-1.2092281889763778
11
1.5189676771653542
21
-1.2150239370078739
0
LINE
8
User.Drawings
6
CONTINUOUS
10
1.5189676771653542
20
-1.2150239370078739
11
1.5206797637795275
21
-1.2195977559055118
0
LINE
8
User.Drawings
6
CONTINUOUS
10
1.5206797637795275
20
-1.2195977559055118
11
1.5232296850393701
21
-1.2232048425196851
0
LINE
8
User.Drawings
6
CONTINUOUS
10
1.5232296850393701
20
-1.2232048425196851
11
1.5257245275590552
21
-1.2253547244094487
0
LINE
8
User.Drawings
6
CONTINUOUS
10
1.5257245275590552
20
-1.2253547244094487
11
1.528630905511811
21
-1.226906220472441
0
LINE
8
User.Drawings
6
CONTINUOUS
10
1.528630905511811
20
-1.226906220472441
11
1.532029842519685
21
-1.2278736614173229
0
LINE
8
User.Drawings
6
CONTINUOUS
10
1.532029842519685
20
-1.2278736614173229
11
1.5360332283464566
21
-1.22821468503937
0
LINE
8
User.Drawings
6
CONTINUOUS
10
1.5360332283464566
20
-1.22821468503937
11
1.5407215748031495
21
-1.2277361023622047
0
LINE
8
User.Drawings
6
CONTINUOUS
10
1.5407215748031495
20
-1.2277361023622047
11
1.5444918897637796
21
-1.2263991732283464
0
LINE
8
User.Drawings
6
CONTINUOUS
10
1.5444918897637796
20
-1.2263991732283464
11
1.5475433858267715
21
-1.2242625984251969
0
LINE
8
User.Drawings
6
CONTINUOUS
10
1.5475433858267715
20
-1.2242625984251969
11
1.5498903543307085
21
-1.2213920078740157
0
LINE
8
User.Drawings
6
CONTINUOUS
10
1.5498903543307085
20
-1.2213920078740157
11
1.5513020866141731
21
-1.2180287795275591
0
LINE
8
User.Drawings
6
CONTINUOUS
10
1.5513020866141731
20
-1.2180287795275591
11
1.5517936220472441
21
-1.2140216929133858
0
LINE
8
User.Drawings
6
CONTINUOUS
10
1.5517936220472441
20
-1.2140216929133858
11
1.5512388188976378
21
-1.209981811023622
0
LINE
8
User.Drawings
6
CONTINUOUS
10
1.5512388188976378
20
-1.209981811023622
11
1.5496145275590552
21
-1.2064901181102361
0
LINE
8
User.Drawings
6
CONTINUOUS
10
1.5496145275590552
20
-1.2064901181102361
11
1.5468414566929134
21
-1.2034009842519684
0
LINE
8
User.Drawings
6
CONTINUOUS
10
1.5468414566929134
20
-1.2034009842519684
11
1.5442911023622048
21
-1.2016861417322835
0
LINE
8
User.Drawings
6
CONTINUOUS
10
1.5442911023622048
20
-1.2016861417322835
11
1.5410210236220472
21
-1.2003671259842519
0
LINE
8
User.Drawings
6
CONTINUOUS
10
1.5410210236220472
20
-1.2003671259842519
11
1.5368655118110235
21
-1.1994982283464566
0
LINE
8
User.Drawings
6
CONTINUOUS
10
1.5368655118110235
20
-1.1994982283464566
11
1.5316243307086614
21
-1.1991796062992126
0
LINE
8
User.Drawings
6
CONTINUOUS
10
1.5316243307086614
20
-1.1991796062992126
11
1.5280183858267715
21
-1.1992853937007875
0
LINE
8
User.Drawings
6
CONTINUOUS
10
1.5280183858267715
20
-1.1992853937007875
11
1.5280183858267715
21
-1.1892272047244095
0
LINE
8
User.Drawings
6
CONTINUOUS
10
1.5280183858267715
20
-1.1892272047244095
11
1.5295232677165354
21
-1.1892272047244095
0
LINE
8
User.Drawings
6
CONTINUOUS
10
1.5295232677165354
20
-1.1892272047244095
11
1.5348757086614173
21
-1.1890241338582677
0
LINE
8
User.Drawings
6
CONTINUOUS
10
1.5348757086614173
20
-1.1890241338582677
11
1.5390718110236221
21
-1.1884771653543307
0
LINE
8
User.Drawings
6
CONTINUOUS
10
1.5390718110236221
20
-1.1884771653543307
11
1.542793188976378
21
-1.1872220078740157
0
LINE
8
User.Drawings
6
CONTINUOUS
10
1.542793188976378
20
-1.1872220078740157
11
1.5458510236220473
21
-1.1850106299212597
0
LINE
8
User.Drawings
6
CONTINUOUS
10
1.5458510236220473
20
-1.1850106299212597
11
1.5473259055118109
21
-1.1830296062992125
0
LINE
8
User.Drawings
6
CONTINUOUS
10
1.5473259055118109
20
-1.1830296062992125
11
1.5482724803149606
21
-1.1804035039370078
0
LINE
8
User.Drawings
6
CONTINUOUS
10
1.5482724803149606
20
-1.1804035039370078
11
1.5486203937007874
21
-1.1769333070866141
0
LINE
8
User.Drawings
6
CONTINUOUS
10
1.5486203937007874
20
-1.1769333070866141
11
1.5482641338582677
21
-1.1735321259842519
0
LINE
8
User.Drawings
6
CONTINUOUS
10
1.5482641338582677
20
-1.1735321259842519
11
1.547219409448819
21
-1.1704622047244093
0
LINE
8
User.Drawings
6
CONTINUOUS
10
1.547219409448819
20
-1.1704622047244093
11
1.5454711811023623
21
-1.167644409448819
0
LINE
8
User.Drawings
6
CONTINUOUS
10
1.5454711811023623
20
-1.167644409448819
11
1.5431031496062992
21
-1.1654638188976378
0
LINE
8
User.Drawings
6
CONTINUOUS
10
1.5431031496062992
20
-1.1654638188976378
11
1.5400008267716536
21
-1.1641069291338582
0
LINE
8
User.Drawings
6
CONTINUOUS
10
1.5400008267716536
20
-1.1641069291338582
11
1.5359274409448818
21
-1.1636153543307086
0
LINE
8
User.Drawings
6
CONTINUOUS
10
1.5359274409448818
20
-1.1636153543307086
11
1.5316334251968504
21
-1.1641169291338582
0
LINE
8
User.Drawings
6
CONTINUOUS
10
1.5316334251968504
20
-1.1641169291338582
11
1.5284121653543308
21
-1.1654898818897637
0
LINE
8
User.Drawings
6
CONTINUOUS
10
1.5284121653543308
20
-1.1654898818897637
11
1.5259990551181102
21
-1.1676732283464566
0
LINE
8
User.Drawings
6
CONTINUOUS
10
1.5259990551181102
20
-1.1676732283464566
11
1.5243074803149606
21
-1.1705579133858268
0
LINE
8
User.Drawings
6
CONTINUOUS
10
1.5243074803149606
20
-1.1705579133858268
11
1.5230908267716534
21
-1.1745555511811023
0
LINE
8
User.Drawings
6
CONTINUOUS
10
1.5230908267716534
20
-1.1745555511811023
11
1.5224796456692913
21
-1.1799959842519685
0
LINE
8
User.Drawings
6
CONTINUOUS
10
1.5224796456692913
20
-1.1799959842519685
11
1.5111281496062992
21
-1.1799959842519685
0
LINE
8
User.Drawings
6
CONTINUOUS
10
1.5111281496062992
20
-1.1799959842519685
11
1.5111281496062992
21
-1.1791305511811023
0
LINE
8
User.Drawings
6
CONTINUOUS
10
1.5111281496062992
20
-1.1791305511811023
11
1.5114425984251969
21
-1.1740004330708662
0
LINE
8
User.Drawings
6
CONTINUOUS
10
1.5114425984251969
20
-1.1740004330708662
11
1.5123182283464567
21
-1.1697417322834645
0
LINE
8
User.Drawings
6
CONTINUOUS
10
1.5123182283464567
20
-1.1697417322834645
11
1.5136785433070865
21
-1.1662122440944882
0
LINE
8
User.Drawings
6
CONTINUOUS
10
1.5136785433070865
20
-1.1662122440944882
11
1.5154841338582676
21
-1.1632932283464568
0
LINE
8
User.Drawings
6
CONTINUOUS
10
1.5154841338582676
20
-1.1632932283464568
11
1.5186390944881889
21
-1.1598090944881889
0
LINE
8
User.Drawings
6
CONTINUOUS
10
1.5186390944881889
20
-1.1598090944881889
11
1.5218612992125984
21
-1.1573896850393701
0
LINE
8
User.Drawings
6
CONTINUOUS
10
1.5218612992125984
20
-1.1573896850393701
11
1.5251913385826772
21
-1.1558745669291339
0
LINE
8
User.Drawings
6
CONTINUOUS
10
1.5251913385826772
20
-1.1558745669291339
11
1.5304764960629922
21
-1.1545559842519684
0
LINE
8
User.Drawings
6
CONTINUOUS
10
1.5304764960629922
20
-1.1545559842519684
11
1.5350620078740158
21
-1.1541485433070866
0
LINE
8
User.Drawings
6
CONTINUOUS
10
1.5350620078740158
20
-1.1541485433070866
11
1.5412061811023621
21
-1.154587716535433
0
LINE
8
User.Drawings
6
CONTINUOUS
10
2.5911649606299214
20
-1.154617716535433
11
2.5957486220472439
21
-1.1559681102362205
0
LINE
8
User.Drawings
6
CONTINUOUS
10
2.5957486220472439
20
-1.1559681102362205
11
2.5998033464566928
21
-1.1581701574803149
0
LINE
8
User.Drawings
6
CONTINUOUS
10
2.5998033464566928
20
-1.1581701574803149
11
2.6034174409448818
21
-1.161269842519685
0
LINE
8
User.Drawings
6
CONTINUOUS
10
2.6034174409448818
20
-1.161269842519685
11
2.6066351968503936
21
-1.1653846850393701
0
LINE
8
User.Drawings
6
CONTINUOUS
10
2.6066351968503936
20
-1.1653846850393701
11
2.6096247244094486
21
-1.1710664960629922
0
LINE
8
User.Drawings
6
CONTINUOUS
10
2.6096247244094486
20
-1.1710664960629922
11
2.6118975984251969
21
-1.1779253543307087
0
LINE
8
User.Drawings
6
CONTINUOUS
10
2.6118975984251969
20
-1.1779253543307087
11
2.6133670472440946
21
-1.1861787795275591
0
LINE
8
User.Drawings
6
CONTINUOUS
10
2.6133670472440946
20
-1.1861787795275591
11
2.6138951574803149
21
-1.1960785039370079
0
LINE
8
User.Drawings
6
CONTINUOUS
10
2.6138951574803149
20
-1.1960785039370079
11
2.6134769291338582
21
-1.2048617716535432
0
LINE
8
User.Drawings
6
CONTINUOUS
10
2.6134769291338582
20
-1.2048617716535432
11
2.6123037795275592
21
-1.2123461023622046
0
LINE
8
User.Drawings
6
CONTINUOUS
10
2.6123037795275592
20
-1.2123461023622046
11
2.6104767322834643
21
-1.2187094094488189
0
LINE
8
User.Drawings
6
CONTINUOUS
10
2.6104767322834643
20
-1.2187094094488189
11
2.6077603937007874
21
-1.2246966141732283
0
LINE
8
User.Drawings
6
CONTINUOUS
10
2.6077603937007874
20
-1.2246966141732283
11
2.6045288976377954
21
-1.229385157480315
0
LINE
8
User.Drawings
6
CONTINUOUS
10
2.6045288976377954
20
-1.229385157480315
11
2.6007983858267716
21
-1.2329793700787401
0
LINE
8
User.Drawings
6
CONTINUOUS
10
2.6007983858267716
20
-1.2329793700787401
11
2.5964071653543308
21
-1.2356614960629921
0
LINE
8
User.Drawings
6
CONTINUOUS
10
2.5964071653543308
20
-1.2356614960629921
11
2.5914970078740156
21
-1.2372850393700787
0
LINE
8
User.Drawings
6
CONTINUOUS
10
2.5914970078740156
20
-1.2372850393700787
11
2.5859274409448818
21
-1.2378449999999999
0
LINE
8
User.Drawings
6
CONTINUOUS
10
2.5859274409448818
20
-1.2378449999999999
11
2.5805967322834644
21
-1.2373710236220472
0
LINE
8
User.Drawings
6
CONTINUOUS
10
2.5805967322834644
20
-1.2373710236220472
11
2.5759487007874013
21
-1.236009251968504
0
LINE
8
User.Drawings
6
CONTINUOUS
10
2.5759487007874013
20
-1.236009251968504
11
2.5718541338582677
21
-1.2337934251968503
0
LINE
8
User.Drawings
6
CONTINUOUS
10
2.5718541338582677
20
-1.2337934251968503
11
2.5682211811023623
21
-1.2306807874015748
0
LINE
8
User.Drawings
6
CONTINUOUS
10
2.5682211811023623
20
-1.2306807874015748
11
2.565003346456693
21
-1.2265559448818897
0
LINE
8
User.Drawings
6
CONTINUOUS
10
2.565003346456693
20
-1.2265559448818897
11
2.5620037401574804
21
-1.2208414960629921
0
LINE
8
User.Drawings
6
CONTINUOUS
10
2.5620037401574804
20
-1.2208414960629921
11
2.559731535433071
21
-1.2139982677165353
0
LINE
8
User.Drawings
6
CONTINUOUS
10
2.559731535433071
20
-1.2139982677165353
11
2.5582677952755906
21
-1.2058225590551181
0
LINE
8
User.Drawings
6
CONTINUOUS
10
2.5582677952755906
20
-1.2058225590551181
11
2.557743346456693
21
-1.1960785039370079
0
LINE
8
User.Drawings
6
CONTINUOUS
10
2.557743346456693
20
-1.1960785039370079
11
2.5581613779527559
21
-1.1872556299212598
0
LINE
8
User.Drawings
6
CONTINUOUS
10
2.5581613779527559
20
-1.1872556299212598
11
2.5593331889763777
21
-1.1797447244094488
0
LINE
8
User.Drawings
6
CONTINUOUS
10
2.5593331889763777
20
-1.1797447244094488
11
2.561156968503937
21
-1.1733658267716536
0
LINE
8
User.Drawings
6
CONTINUOUS
10
2.561156968503937
20
-1.1733658267716536
11
2.5638841338582679
21
-1.167367559055118
0
LINE
8
User.Drawings
6
CONTINUOUS
10
2.5638841338582679
20
-1.167367559055118
11
2.567151653543307
21
-1.1626603937007873
0
LINE
8
User.Drawings
6
CONTINUOUS
10
2.567151653543307
20
-1.1626603937007873
11
2.5709459448818897
21
-1.1590429921259842
0
LINE
8
User.Drawings
6
CONTINUOUS
10
2.5709459448818897
20
-1.1590429921259842
11
2.5754083070866143
21
-1.1563402755905512
0
LINE
8
User.Drawings
6
CONTINUOUS
10
2.5754083070866143
20
-1.1563402755905512
11
2.5803572047244092
21
-1.1547092519685038
0
LINE
8
User.Drawings
6
CONTINUOUS
10
2.5803572047244092
20
-1.1547092519685038
11
2.5859274409448818
21
-1.1541485433070866
0
LINE
8
User.Drawings
6
CONTINUOUS
10
2.5859274409448818
20
-1.1541485433070866
11
2.5911649606299214
21
-1.154617716535433
0
LINE
8
User.Drawings
6
CONTINUOUS
10
2.5818817322834646
20
-1.1641302755905512
11
2.5786133464566929
21
-1.1656096062992125
0
LINE
8
User.Drawings
6
CONTINUOUS
10
2.5786133464566929
20
-1.1656096062992125
11
2.5758496456692912
21
-1.1680864566929134
0
LINE
8
User.Drawings
6
CONTINUOUS
10
2.5758496456692912
20
-1.1680864566929134
11
2.5735277952755906
21
-1.1717599999999999
0
LINE
8
User.Drawings
6
CONTINUOUS
10
2.5735277952755906
20
-1.1717599999999999
11
2.5719898818897637
21
-1.1757663385826771
0
LINE
8
User.Drawings
6
CONTINUOUS
10
2.5719898818897637
20
-1.1757663385826771
11
2.5707606692913387
21
-1.1809773622047244
0
LINE
8
User.Drawings
6
CONTINUOUS
10
2.5707606692913387
20
-1.1809773622047244
11
2.5699340157480313
21
-1.1876518110236221
0
LINE
8
User.Drawings
6
CONTINUOUS
10
2.5699340157480313
20
-1.1876518110236221
11
2.5696285433070867
21
-1.1960785039370079
0
LINE
8
User.Drawings
6
CONTINUOUS
10
2.5696285433070867
20
-1.1960785039370079
11
2.56995937007874
21
-1.2049848031496062
0
LINE
8
User.Drawings
6
CONTINUOUS
10
2.56995937007874
20
-1.2049848031496062
11
2.5708416535433072
21
-1.2118081102362204
0
LINE
8
User.Drawings
6
CONTINUOUS
10
2.5708416535433072
20
-1.2118081102362204
11
2.5721309055118109
21
-1.216931811023622
0
LINE
8
User.Drawings
6
CONTINUOUS
10
2.5721309055118109
20
-1.216931811023622
11
2.57371531496063
21
-1.2206950787401574
0
LINE
8
User.Drawings
6
CONTINUOUS
10
2.57371531496063
20
-1.2206950787401574
11
2.5760933858267716
21
-1.2241249212598424
0
LINE
8
User.Drawings
6
CONTINUOUS
10
2.5760933858267716
20
-1.2241249212598424
11
2.5788653937007875
21
-1.2264510629921259
0
LINE
8
User.Drawings
6
CONTINUOUS
10
2.5788653937007875
20
-1.2264510629921259
11
2.5820950787401573
21
-1.2278424409448818
0
LINE
8
User.Drawings
6
CONTINUOUS
10
2.5820950787401573
20
-1.2278424409448818
11
2.5859274409448818
21
-1.2283252755905512
0
LINE
8
User.Drawings
6
CONTINUOUS
10
2.5859274409448818
20
-1.2283252755905512
11
2.5896781496062991
21
-1.2278516929133858
0
LINE
8
User.Drawings
6
CONTINUOUS
10
2.5896781496062991
20
-1.2278516929133858
11
2.5928614173228346
21
-1.2264830314960629
0
LINE
8
User.Drawings
6
CONTINUOUS
10
2.5928614173228346
20
-1.2264830314960629
11
2.5956151181102363
21
-1.2241888188976378
0
LINE
8
User.Drawings
6
CONTINUOUS
10
2.5956151181102363
20
-1.2241888188976378
11
2.5980001574803149
21
-1.2208008661417322
0
LINE
8
User.Drawings
6
CONTINUOUS
10
2.5980001574803149
20
-1.2208008661417322
11
2.5995810236220471
21
-1.2170939370078739
0
LINE
8
User.Drawings
6
CONTINUOUS
10
2.5995810236220471
20
-1.2170939370078739
11
2.6008802362204726
21
-1.2119317322834646
0
LINE
8
User.Drawings
6
CONTINUOUS
10
2.6008802362204726
20
-1.2119317322834646
11
2.6017771259842517
21
-1.2049283858267716
0
LINE
8
User.Drawings
6
CONTINUOUS
10
2.6017771259842517
20
-1.2049283858267716
11
2.6021157480314958
21
-1.1956457874015747
0
LINE
8
User.Drawings
6
CONTINUOUS
10
2.6021157480314958
20
-1.1956457874015747
11
2.6017646456692911
21
-1.1864468110236219
0
LINE
8
User.Drawings
6
CONTINUOUS
10
2.6017646456692911
20
-1.1864468110236219
11
2.6008368897637792
21
-1.1795484645669292
0
LINE
8
User.Drawings
6
CONTINUOUS
10
2.6008368897637792
20
-1.1795484645669292
11
2.5994958661417322
21
-1.1744981496062992
0
LINE
8
User.Drawings
6
CONTINUOUS
10
2.5994958661417322
20
-1.1744981496062992
11
2.5978655511811022
21
-1.1708993700787402
0
LINE
8
User.Drawings
6
CONTINUOUS
10
2.5978655511811022
20
-1.1708993700787402
11
2.5954317322834646
21
-1.1676209448818897
0
LINE
8
User.Drawings
6
CONTINUOUS
10
2.5954317322834646
20
-1.1676209448818897
11
2.5926633464566931
21
-1.1653973622047245
0
LINE
8
User.Drawings
6
CONTINUOUS
10
2.5926633464566931
20
-1.1653973622047245
11
2.5895007874015747
21
-1.1640723228346457
0
LINE
8
User.Drawings
6
CONTINUOUS
10
2.5895007874015747
20
-1.1640723228346457
11
2.5858168503937007
21
-1.1636153543307086
0
LINE
8
User.Drawings
6
CONTINUOUS
10
2.5858168503937007
20
-1.1636153543307086
11
2.5818817322834646
21
-1.1641302755905512
0
LINE
8
User.Drawings
6
CONTINUOUS
10
2.9034999999999997
20
-1.154573937007874
11
2.9079159055118109
21
-1.1558066535433071
0
LINE
8
User.Drawings
6
CONTINUOUS
10
2.9079159055118109
20
-1.1558066535433071
11
2.911898503937008
21
-1.1578262992125985
0
LINE
8
User.Drawings
6
CONTINUOUS
10
2.911898503937008
20
-1.1578262992125985
11
2.9155212992125983
21
-1.1606725984251969
0
LINE
8
User.Drawings
6
CONTINUOUS
10
2.9155212992125983
20
-1.1606725984251969
11
2.9188256299212596
21
-1.1644423228346457
0
LINE
8
User.Drawings
6
CONTINUOUS
10
2.9188256299212596
20
-1.1644423228346457
11
2.9213373228346455
21
-1.1685259055118109
0
LINE
8
User.Drawings
6
CONTINUOUS
10
2.9213373228346455
20
-1.1685259055118109
11
2.9234130314960631
21
-1.1734744488188975
0
LINE
8
User.Drawings
6
CONTINUOUS
10
2.9234130314960631
20
-1.1734744488188975
11
2.9250064173228347
21
-1.1794366141732284
0
LINE
8
User.Drawings
6
CONTINUOUS
10
2.9250064173228347
20
-1.1794366141732284
11
2.9260407480314958
21
-1.1865848818897637
0
LINE
8
User.Drawings
6
CONTINUOUS
10
2.9260407480314958
20
-1.1865848818897637
11
2.9264125590551182
21
-1.1951120866141731
0
LINE
8
User.Drawings
6
CONTINUOUS
10
2.9264125590551182
20
-1.1951120866141731
11
2.9258707086614173
21
-1.2053896062992127
0
LINE
8
User.Drawings
6
CONTINUOUS
10
2.9258707086614173
20
-1.2053896062992127
11
2.9243700787401572
21
-1.213874842519685
0
LINE
8
User.Drawings
6
CONTINUOUS
10
2.9243700787401572
20
-1.213874842519685
11
2.9220616141732281
21
-1.2208491732283464
0
LINE
8
User.Drawings
6
CONTINUOUS
10
2.9220616141732281
20
-1.2208491732283464
11
2.9190420078740158
21
-1.2265559448818897
0
LINE
8
User.Drawings
6
CONTINUOUS
10
2.9190420078740158
20
-1.2265559448818897
11
2.9157833464566929
21
-1.2306830314960631
0
LINE
8
User.Drawings
6
CONTINUOUS
10
2.9157833464566929
20
-1.2306830314960631
11
2.9121184645669289
21
-1.2337968110236219
0
LINE
8
User.Drawings
6
CONTINUOUS
10
2.9121184645669289
20
-1.2337968110236219
11
2.9080011417322833
21
-1.2360120866141733
0
LINE
8
User.Drawings
6
CONTINUOUS
10
2.9080011417322833
20
-1.2360120866141733
11
2.9033412598425197
21
-1.2373721259842518
0
LINE
8
User.Drawings
6
CONTINUOUS
10
2.9033412598425197
20
-1.2373721259842518
11
2.898012125984252
21
-1.2378449999999999
0
LINE
8
User.Drawings
6
CONTINUOUS
10
2.898012125984252
20
-1.2378449999999999
11
2.892862283464567
21
-1.2373868110236219
0
LINE
8
User.Drawings
6
CONTINUOUS
10
2.892862283464567
20
-1.2373868110236219
11
2.8884679921259844
21
-1.2360822440944881
0
LINE
8
User.Drawings
6
CONTINUOUS
10
2.8884679921259844
20
-1.2360822440944881
11
2.8846859448818898
21
-1.2339781496062991
0
LINE
8
User.Drawings
6
CONTINUOUS
10
2.8846859448818898
20
-1.2339781496062991
11
2.8814151181102363
21
-1.2310417716535433
0
LINE
8
User.Drawings
6
CONTINUOUS
10
2.8814151181102363
20
-1.2310417716535433
11
2.8788046062992128
21
-1.2274945669291337
0
LINE
8
User.Drawings
6
CONTINUOUS
10
2.8788046062992128
20
-1.2274945669291337
11
2.8768094881889765
21
-1.2233192125984251
0
LINE
8
User.Drawings
6
CONTINUOUS
10
2.8768094881889765
20
-1.2233192125984251
11
2.8754454330708659
21
-1.2184050787401575
0
LINE
8
User.Drawings
6
CONTINUOUS
10
2.8754454330708659
20
-1.2184050787401575
11
2.8747753937007872
21
-1.2126129527559055
0
LINE
8
User.Drawings
6
CONTINUOUS
10
2.8747753937007872
20
-1.2126129527559055
11
2.8845643307086615
21
-1.2126129527559055
0
LINE
8
User.Drawings
6
CONTINUOUS
10
2.8845643307086615
20
-1.2126129527559055
11
2.8855874803149604
21
-1.2172752362204724
0
LINE
8
User.Drawings
6
CONTINUOUS
10
2.8855874803149604
20
-1.2172752362204724
11
2.8871992519685037
21
-1.2210235826771654
0
LINE
8
User.Drawings
6
CONTINUOUS
10
2.8871992519685037
20
-1.2210235826771654
11
2.8893530314960629
21
-1.2240221653543306
0
LINE
8
User.Drawings
6
CONTINUOUS
10
2.8893530314960629
20
-1.2240221653543306
11
2.8921190551181102
21
-1.2263740551181102
0
LINE
8
User.Drawings
6
CONTINUOUS
10
2.8921190551181102
20
-1.2263740551181102
11
2.8951819685039371
21
-1.2277481496062992
0
LINE
8
User.Drawings
6
CONTINUOUS
10
2.8951819685039371
20
-1.2277481496062992
11
2.8986563779527557
21
-1.22821468503937
0
LINE
8
User.Drawings
6
CONTINUOUS
10
2.8986563779527557
20
-1.22821468503937
11
2.9024229921259841
21
-1.2277100393700786
0
LINE
8
User.Drawings
6
CONTINUOUS
10
2.9024229921259841
20
-1.2277100393700786
11
2.905697992125984
21
-1.2262317322834646
0
LINE
8
User.Drawings
6
CONTINUOUS
10
2.905697992125984
20
-1.2262317322834646
11
2.9086127952755905
21
-1.2237115748031495
0
LINE
8
User.Drawings
6
CONTINUOUS
10
2.9086127952755905
20
-1.2237115748031495
11
2.9112194881889764
21
-1.2199306299212598
0
LINE
8
User.Drawings
6
CONTINUOUS
10
2.9112194881889764
20
-1.2199306299212598
11
2.9130714566929132
21
-1.2157779133858266
0
LINE
8
User.Drawings
6
CONTINUOUS
10
2.9130714566929132
20
-1.2157779133858266
11
2.9144793307086614
21
-1.2108498818897637
0
LINE
8
User.Drawings
6
CONTINUOUS
10
2.9144793307086614
20
-1.2108498818897637
11
2.9153860236220472
21
-1.2050177559055117
0
LINE
8
User.Drawings
6
CONTINUOUS
10
2.9153860236220472
20
-1.2050177559055117
11
2.9157100787401573
21
-1.1981362992125983
0
LINE
8
User.Drawings
6
CONTINUOUS
10
2.9157100787401573
20
-1.1981362992125983
11
2.9112826771653544
21
-1.2021649999999999
0
LINE
8
User.Drawings
6
CONTINUOUS
10
2.9112826771653544
20
-1.2021649999999999
11
2.9067039763779525
21
-1.2049132283464568
0
LINE
8
User.Drawings
6
CONTINUOUS
10
2.9067039763779525
20
-1.2049132283464568
11
2.9019034645669293
21
-1.2065309448818897
0
LINE
8
User.Drawings
6
CONTINUOUS
10
2.9019034645669293
20
-1.2065309448818897
11
2.8967764566929133
21
-1.2070742125984251
0
LINE
8
User.Drawings
6
CONTINUOUS
10
2.8967764566929133
20
-1.2070742125984251
11
2.8925977165354331
21
-1.2067205118110236
0
LINE
8
User.Drawings
6
CONTINUOUS
10
2.8925977165354331
20
-1.2067205118110236
11
2.8887849212598424
21
-1.205686220472441
0
LINE
8
User.Drawings
6
CONTINUOUS
10
2.8887849212598424
20
-1.205686220472441
11
2.8852662992125984
21
-1.2039779133858268
0
LINE
8
User.Drawings
6
CONTINUOUS
10
2.8852662992125984
20
-1.2039779133858268
11
2.8821251968503936
21
-1.2016479921259842
0
LINE
8
User.Drawings
6
CONTINUOUS
10
2.8821251968503936
20
-1.2016479921259842
11
2.8794348818897637
21
-1.1987290157480315
0
LINE
8
User.Drawings
6
CONTINUOUS
10
2.8794348818897637
20
-1.1987290157480315
11
2.8771697244094487
21
-1.1951505511811022
0
LINE
8
User.Drawings
6
CONTINUOUS
10
2.8771697244094487
20
-1.1951505511811022
11
2.8755405511811021
21
-1.1912253937007873
0
LINE
8
User.Drawings
6
CONTINUOUS
10
2.8755405511811021
20
-1.1912253937007873
11
2.8745335039370077
21
-1.1868463779527558
0
LINE
8
User.Drawings
6
CONTINUOUS
10
2.8745335039370077
20
-1.1868463779527558
11
2.8741840157480314
21
-1.1819287401574803
0
LINE
8
User.Drawings
6
CONTINUOUS
10
2.8741840157480314
20
-1.1819287401574803
11
2.8742413385826771
21
-1.1810681496062991
0
LINE
8
User.Drawings
6
CONTINUOUS
10
2.8742413385826771
20
-1.1810681496062991
11
2.8745118897637796
21
-1.1770047637795276
0
LINE
8
User.Drawings
6
CONTINUOUS
10
2.8745118897637796
20
-1.1770047637795276
11
2.8754744488188977
21
-1.1724118897637794
0
LINE
8
User.Drawings
6
CONTINUOUS
10
2.8754744488188977
20
-1.1724118897637794
11
2.8770591338582676
21
-1.168096338582677
0
LINE
8
User.Drawings
6
CONTINUOUS
10
2.8770591338582676
20
-1.168096338582677
11
2.8792954330708662
21
-1.1641084645669291
0
LINE
8
User.Drawings
6
CONTINUOUS
10
2.8792954330708662
20
-1.1641084645669291
11
2.8820811811023623
21
-1.1607472440944882
0
LINE
8
User.Drawings
6
CONTINUOUS
10
2.8820811811023623
20
-1.1607472440944882
11
2.8854489763779525
21
-1.157946811023622
0
LINE
8
User.Drawings
6
CONTINUOUS
10
2.8854489763779525
20
-1.157946811023622
11
2.8892832677165354
21
-1.1558663779527558
0
LINE
8
User.Drawings
6
CONTINUOUS
10
2.8892832677165354
20
-1.1558663779527558
11
2.8936116141732282
21
-1.1545912598425196
0
LINE
8
User.Drawings
6
CONTINUOUS
10
2.8936116141732282
20
-1.1545912598425196
11
2.898550590551181
21
-1.1541485433070866
0
LINE
8
User.Drawings
6
CONTINUOUS
10
2.898550590551181
20
-1.1541485433070866
11
2.9034999999999997
21
-1.154573937007874
0
LINE
8
User.Drawings
6
CONTINUOUS
10
2.8948355905511809
20
-1.1643840157480314
11
2.8914181889763779
21
-1.1659877165354331
0
LINE
8
User.Drawings
6
CONTINUOUS
10
2.8914181889763779
20
-1.1659877165354331
11
2.8884635433070867
21
-1.1687069685039371
0
LINE
8
User.Drawings
6
CONTINUOUS
10
2.8884635433070867
20
-1.1687069685039371
11
2.8862827165354332
21
-1.1721529133858268
0
LINE
8
User.Drawings
6
CONTINUOUS
10
2.8862827165354332
20
-1.1721529133858268
11
2.8849338582677166
21
-1.1762201181102363
0
LINE
8
User.Drawings
6
CONTINUOUS
10
2.8849338582677166
20
-1.1762201181102363
11
2.8844585433070864
21
-1.1810681496062991
0
LINE
8
User.Drawings
6
CONTINUOUS
10
2.8844585433070864
20
-1.1810681496062991
11
2.8848688582677164
21
-1.1853657480314961
0
LINE
8
User.Drawings
6
CONTINUOUS
10
2.8848688582677164
20
-1.1853657480314961
11
2.886036220472441
21
-1.1890029527559054
0
LINE
8
User.Drawings
6
CONTINUOUS
10
2.886036220472441
20
-1.1890029527559054
11
2.8879250787401576
21
-1.192111968503937
0
LINE
8
User.Drawings
6
CONTINUOUS
10
2.8879250787401576
20
-1.192111968503937
11
2.8905253937007873
21
-1.1945251181102361
0
LINE
8
User.Drawings
6
CONTINUOUS
10
2.8905253937007873
20
-1.1945251181102361
11
2.8938152362204725
21
-1.1960027952755905
0
LINE
8
User.Drawings
6
CONTINUOUS
10
2.8938152362204725
20
-1.1960027952755905
11
2.898012125984252
21
-1.1965304330708662
0
LINE
8
User.Drawings
6
CONTINUOUS
10
2.898012125984252
20
-1.1965304330708662
11
2.9020732677165353
21
-1.1959551968503936
0
LINE
8
User.Drawings
6
CONTINUOUS
10
2.9020732677165353
20
-1.1959551968503936
11
2.9062091732283464
21
-1.1941554724409449
0
LINE
8
User.Drawings
6
CONTINUOUS
10
2.9062091732283464
20
-1.1941554724409449
11
2.9105458661417321
21
-1.1908982677165354
0
LINE
8
User.Drawings
6
CONTINUOUS
10
2.9105458661417321
20
-1.1908982677165354
11
2.9151716141732282
21
-1.1858087401574804
0
LINE
8
User.Drawings
6
CONTINUOUS
10
2.9151716141732282
20
-1.1858087401574804
11
2.9138789370078739
21
-1.1785162204724409
0
LINE
8
User.Drawings
6
CONTINUOUS
10
2.9138789370078739
20
-1.1785162204724409
11
2.9120794881889762
21
-1.1731505511811022
0
LINE
8
User.Drawings
6
CONTINUOUS
10
2.9120794881889762
20
-1.1731505511811022
11
2.9099021259842517
21
-1.1692983070866141
0
LINE
8
User.Drawings
6
CONTINUOUS
10
2.9099021259842517
20
-1.1692983070866141
11
2.9077056299212596
21
-1.1668943700787402
0
LINE
8
User.Drawings
6
CONTINUOUS
10
2.9077056299212596
20
-1.1668943700787402
11
2.9051848031496061
21
-1.1652135433070865
0
LINE
8
User.Drawings
6
CONTINUOUS
10
2.9051848031496061
20
-1.1652135433070865
11
2.902275708661417
21
-1.1641888976377952
0
LINE
8
User.Drawings
6
CONTINUOUS
10
2.902275708661417
20
-1.1641888976377952
11
2.8988727165354331
21
-1.1638316929133858
0
LINE
8
User.Drawings
6
CONTINUOUS
10
2.8988727165354331
20
-1.1638316929133858
11
2.8948355905511809
21
-1.1643840157480314
0
LINE
8
User.Drawings
6
CONTINUOUS
10
3.2564487007874017
20
-1.1545485039370078
11
3.2615623228346458
21
-1.1556762598425196
0
LINE
8
User.Drawings
6
CONTINUOUS
10
3.2615623228346458
20
-1.1556762598425196
11
3.2659197244094487
21
-1.1574564173228346
0
LINE
8
User.Drawings
6
CONTINUOUS
10
3.2659197244094487
20
-1.1574564173228346
11
3.2696381889763777
21
-1.1598603543307087
0
LINE
8
User.Drawings
6
CONTINUOUS
10
3.2696381889763777
20
-1.1598603543307087
11
3.2727943307086615
21
-1.1629734251968504
0
LINE
8
User.Drawings
6
CONTINUOUS
10
3.2727943307086615
20
-1.1629734251968504
11
3.275014724409449
21
-1.1665239763779527
0
LINE
8
User.Drawings
6
CONTINUOUS
10
3.275014724409449
20
-1.1665239763779527
11
3.276372244094488
21
-1.1705996850393701
0
LINE
8
User.Drawings
6
CONTINUOUS
10
3.276372244094488
20
-1.1705996850393701
11
3.2768452755905511
21
-1.1753370866141732
0
LINE
8
User.Drawings
6
CONTINUOUS
10
3.2768452755905511
20
-1.1753370866141732
11
3.2763810236220472
21
-1.1797387007874016
0
LINE
8
User.Drawings
6
CONTINUOUS
10
3.2763810236220472
20
-1.1797387007874016
11
3.2750169291338582
21
-1.1837279527559055
0
LINE
8
User.Drawings
6
CONTINUOUS
10
3.2750169291338582
20
-1.1837279527559055
11
3.2727281102362205
21
-1.1874072834645668
0
LINE
8
User.Drawings
6
CONTINUOUS
10
3.2727281102362205
20
-1.1874072834645668
11
3.2694023228346456
21
-1.1908420078740156
0
LINE
8
User.Drawings
6
CONTINUOUS
10
3.2694023228346456
20
-1.1908420078740156
11
3.2648494881889762
21
-1.19405437007874
0
LINE
8
User.Drawings
6
CONTINUOUS
10
3.2648494881889762
20
-1.19405437007874
11
3.2695103543307087
21
-1.1963304724409449
0
LINE
8
User.Drawings
6
CONTINUOUS
10
3.2695103543307087
20
-1.1963304724409449
11
3.2731157874015748
21
-1.1989958661417321
0
LINE
8
User.Drawings
6
CONTINUOUS
10
3.2731157874015748
20
-1.1989958661417321
11
3.2758322047244093
21
-1.2020429921259843
0
LINE
8
User.Drawings
6
CONTINUOUS
10
3.2758322047244093
20
-1.2020429921259843
11
3.2777666141732285
21
-1.2055120078740158
0
LINE
8
User.Drawings
6
CONTINUOUS
10
3.2777666141732285
20
-1.2055120078740158
11
3.2789581102362204
21
-1.2094871259842519
0
LINE
8
User.Drawings
6
CONTINUOUS
10
3.2789581102362204
20
-1.2094871259842519
11
3.2793742519685041
21
-1.2140890157480315
0
LINE
8
User.Drawings
6
CONTINUOUS
10
3.2793742519685041
20
-1.2140890157480315
11
3.2789855905511809
21
-1.2187687401574803
0
LINE
8
User.Drawings
6
CONTINUOUS
10
3.2789855905511809
20
-1.2187687401574803
11
3.277864251968504
21
-1.2229114566929133
0
LINE
8
User.Drawings
6
CONTINUOUS
10
3.277864251968504
20
-1.2229114566929133
11
3.2760375196850391
21
-1.2266136614173229
0
LINE
8
User.Drawings
6
CONTINUOUS
10
3.2760375196850391
20
-1.2266136614173229
11
3.2735240944881889
21
-1.2298793307086613
0
LINE
8
User.Drawings
6
CONTINUOUS
10
3.2735240944881889
20
-1.2298793307086613
11
3.2703455905511811
21
-1.2326370866141731
0
LINE
8
User.Drawings
6
CONTINUOUS
10
3.2703455905511811
20
-1.2326370866141731
11
3.2664120472440943
21
-1.2349121653543307
0
LINE
8
User.Drawings
6
CONTINUOUS
10
3.2664120472440943
20
-1.2349121653543307
11
3.2621209448818895
21
-1.2364962992125983
0
LINE
8
User.Drawings
6
CONTINUOUS
10
3.2621209448818895
20
-1.2364962992125983
11
3.2571910629921259
21
-1.2374938582677164
0
LINE
8
User.Drawings
6
CONTINUOUS
10
3.2571910629921259
20
-1.2374938582677164
11
3.2515122834645669
21
-1.2378449999999999
0
LINE
8
User.Drawings
6
CONTINUOUS
10
3.2515122834645669
20
-1.2378449999999999
11
3.2451831496062993
21
-1.2374396456692913
0
LINE
8
User.Drawings
6
CONTINUOUS
10
3.2451831496062993
20
-1.2374396456692913
11
3.2396981889763778
21
-1.2362880314960629
0
LINE
8
User.Drawings
6
CONTINUOUS
10
3.2396981889763778
20
-1.2362880314960629
11
3.2349307086614174
21
-1.2344575984251969
0
LINE
8
User.Drawings
6
CONTINUOUS
10
3.2349307086614174
20
-1.2344575984251969
11
3.2307756692913383
21
-1.2319744881889763
0
LINE
8
User.Drawings
6
CONTINUOUS
10
3.2307756692913383
20
-1.2319744881889763
11
3.2273011811023622
21
-1.2287373622047244
0
LINE
8
User.Drawings
6
CONTINUOUS
10
3.2273011811023622
20
-1.2287373622047244
11
3.2248044488188974
21
-1.2247877165354331
0
LINE
8
User.Drawings
6
CONTINUOUS
10
3.2248044488188974
20
-1.2247877165354331
11
3.2232381496062992
21
-1.2199790551181102
0
LINE
8
User.Drawings
6
CONTINUOUS
10
3.2232381496062992
20
-1.2199790551181102
11
3.2226791338582674
21
-1.2140890157480315
0
LINE
8
User.Drawings
6
CONTINUOUS
10
3.2226791338582674
20
-1.2140890157480315
11
3.2227171653543305
21
-1.2136659055118111
0
LINE
8
User.Drawings
6
CONTINUOUS
10
3.2227171653543305
20
-1.2136659055118111
11
3.2230931889763781
21
-1.209481220472441
0
LINE
8
User.Drawings
6
CONTINUOUS
10
3.2230931889763781
20
-1.209481220472441
11
3.2242783464566926
21
-1.2055028346456693
0
LINE
8
User.Drawings
6
CONTINUOUS
10
3.2242783464566926
20
-1.2055028346456693
11
3.2262010236220471
21
-1.2020333464566928
0
LINE
8
User.Drawings
6
CONTINUOUS
10
3.2262010236220471
20
-1.2020333464566928
11
3.2288983858267715
21
-1.1989881102362205
0
LINE
8
User.Drawings
6
CONTINUOUS
10
3.2288983858267715
20
-1.1989881102362205
11
3.2324747637795275
21
-1.1963263385826772
0
LINE
8
User.Drawings
6
CONTINUOUS
10
3.2324747637795275
20
-1.1963263385826772
11
3.2370933070866141
21
-1.19405437007874
0
LINE
8
User.Drawings
6
CONTINUOUS
10
3.2370933070866141
20
-1.19405437007874
11
3.2326198425196848
21
-1.1909586614173229
0
LINE
8
User.Drawings
6
CONTINUOUS
10
3.2326198425196848
20
-1.1909586614173229
11
3.2293312598425197
21
-1.1875753937007874
0
LINE
8
User.Drawings
6
CONTINUOUS
10
3.2293312598425197
20
-1.1875753937007874
11
3.2270499999999998
21
-1.1838801181102363
0
LINE
8
User.Drawings
6
CONTINUOUS
10
3.2270499999999998
20
-1.1838801181102363
11
3.2256784645669292
21
-1.1798011811023621
0
LINE
8
User.Drawings
6
CONTINUOUS
10
3.2256784645669292
20
-1.1798011811023621
11
3.2253356299212599
21
-1.1764669291338583
0
LINE
8
User.Drawings
6
CONTINUOUS
10
3.2253356299212599
20
-1.1764669291338583
11
3.2252081102362204
21
-1.1752264960629921
0
LINE
8
User.Drawings
6
CONTINUOUS
10
3.2252081102362204
20
-1.1752264960629921
11
3.2256151181102362
21
-1.1707975196850393
0
LINE
8
User.Drawings
6
CONTINUOUS
10
3.2256151181102362
20
-1.1707975196850393
11
3.2267807480314961
21
-1.1669759842519685
0
LINE
8
User.Drawings
6
CONTINUOUS
10
3.2267807480314961
20
-1.1669759842519685
11
3.2286746062992124
21
-1.1636442125984252
0
LINE
8
User.Drawings
6
CONTINUOUS
10
3.2286746062992124
20
-1.1636442125984252
11
3.231224803149606
21
-1.1607432283464567
0
LINE
8
User.Drawings
6
CONTINUOUS
10
3.231224803149606
20
-1.1607432283464567
11
3.234269842519685
21
-1.158373779527559
0
LINE
8
User.Drawings
6
CONTINUOUS
10
3.234269842519685
20
-1.158373779527559
11
3.2378721653543305
21
-1.1565092125984251
0
LINE
8
User.Drawings
6
CONTINUOUS
10
3.2378721653543305
20
-1.1565092125984251
11
3.2417562598425196
21
-1.1552130314960629
0
LINE
8
User.Drawings
6
CONTINUOUS
10
3.2417562598425196
20
-1.1552130314960629
11
3.2459284251968503
21
-1.15442
0
LINE
8
User.Drawings
6
CONTINUOUS
10
3.2459284251968503
20
-1.15442
11
3.25043531496063
21
-1.1541485433070866
0
LINE
8
User.Drawings
6
CONTINUOUS
10
3.25043531496063
20
-1.1541485433070866
11
3.2564487007874017
21
-1.1545485039370078
0
LINE
8
User.Drawings
6
CONTINUOUS
10
3.2459590551181101
20
-1.1994819685039371
11
3.2421096850393698
21
-1.2008353937007874
0
LINE
8
User.Drawings
6
CONTINUOUS
10
3.2421096850393698
20
-1.2008353937007874
11
3.2389203149606298
21
-1.2030163385826771
0
LINE
8
User.Drawings
6
CONTINUOUS
10
3.2389203149606298
20
-1.2030163385826771
11
3.2364630314960627
21
-1.2059487401574802
0
LINE
8
User.Drawings
6
CONTINUOUS
10
3.2364630314960627
20
-1.2059487401574802
11
3.2349784251968505
21
-1.2094415748031495
0
LINE
8
User.Drawings
6
CONTINUOUS
10
3.2349784251968505
20
-1.2094415748031495
11
3.2344585433070865
21
-1.2136659055118111
0
LINE
8
User.Drawings
6
CONTINUOUS
10
3.2344585433070865
20
-1.2136659055118111
11
3.2349889370078739
21
-1.217878779527559
0
LINE
8
User.Drawings
6
CONTINUOUS
10
3.2349889370078739
20
-1.217878779527559
11
3.2365072440944882
21
-1.2213700787401573
0
LINE
8
User.Drawings
6
CONTINUOUS
10
3.2365072440944882
20
-1.2213700787401573
11
3.2390309055118109
21
-1.2243106692913386
0
LINE
8
User.Drawings
6
CONTINUOUS
10
3.2390309055118109
20
-1.2243106692913386
11
3.2422896456692913
21
-1.2264862992125984
0
LINE
8
User.Drawings
6
CONTINUOUS
10
3.2422896456692913
20
-1.2264862992125984
11
3.2462439370078737
21
-1.2278425984251968
0
LINE
8
User.Drawings
6
CONTINUOUS
10
3.2462439370078737
20
-1.2278425984251968
11
3.2510795669291337
21
-1.2283252755905512
0
LINE
8
User.Drawings
6
CONTINUOUS
10
3.2510795669291337
20
-1.2283252755905512
11
3.255629842519685
21
-1.2278599212598424
0
LINE
8
User.Drawings
6
CONTINUOUS
10
3.255629842519685
20
-1.2278599212598424
11
3.2594888582677166
21
-1.226530905511811
0
LINE
8
User.Drawings
6
CONTINUOUS
10
3.2594888582677166
20
-1.226530905511811
11
3.2628012992125983
21
-1.2243635433070865
0
LINE
8
User.Drawings
6
CONTINUOUS
10
3.2628012992125983
20
-1.2243635433070865
11
3.2653836614173226
21
-1.2214442125984251
0
LINE
8
User.Drawings
6
CONTINUOUS
10
3.2653836614173226
20
-1.2214442125984251
11
3.2669391338582678
21
-1.2179391732283464
0
LINE
8
User.Drawings
6
CONTINUOUS
10
3.2669391338582678
20
-1.2179391732283464
11
3.2674842125984251
21
-1.2136659055118111
0
LINE
8
User.Drawings
6
CONTINUOUS
10
3.2674842125984251
20
-1.2136659055118111
11
3.2669878740157481
21
-1.2094237401574803
0
LINE
8
User.Drawings
6
CONTINUOUS
10
3.2669878740157481
20
-1.2094237401574803
11
3.2655772834645669
21
-1.205930748031496
0
LINE
8
User.Drawings
6
CONTINUOUS
10
3.2655772834645669
20
-1.205930748031496
11
3.2632628740157479
21
-1.2030163385826771
0
LINE
8
User.Drawings
6
CONTINUOUS
10
3.2632628740157479
20
-1.2030163385826771
11
3.2602026771653541
21
-1.200892125984252
0
LINE
8
User.Drawings
6
CONTINUOUS
10
3.2602026771653541
20
-1.200892125984252
11
3.2561035826771652
21
-1.1995123228346456
0
LINE
8
User.Drawings
6
CONTINUOUS
10
3.2561035826771652
20
-1.1995123228346456
11
3.2506468503937005
21
-1.1990017322834645
0
LINE
8
User.Drawings
6
CONTINUOUS
10
3.2506468503937005
20
-1.1990017322834645
11
3.2459590551181101
21
-1.1994819685039371
0
LINE
8
User.Drawings
6
CONTINUOUS
10
3.2462114960629922
20
-1.1642459842519686
11
3.2427218897637795
21
-1.1653877165354329
0
LINE
8
User.Drawings
6
CONTINUOUS
10
3.2427218897637795
20
-1.1653877165354329
11
3.2399732677165352
21
-1.1671780314960629
0
LINE
8
User.Drawings
6
CONTINUOUS
10
3.2399732677165352
20
-1.1671780314960629
11
3.2378705118110234
21
-1.1696417322834645
0
LINE
8
User.Drawings
6
CONTINUOUS
10
3.2378705118110234
20
-1.1696417322834645
11
3.2365835826771652
21
-1.1726798425196849
0
LINE
8
User.Drawings
6
CONTINUOUS
10
3.2365835826771652
20
-1.1726798425196849
11
3.2361268897637796
21
-1.1764669291338583
0
LINE
8
User.Drawings
6
CONTINUOUS
10
3.2361268897637796
20
-1.1764669291338583
11
3.2366105905511811
21
-1.1805322440944881
0
LINE
8
User.Drawings
6
CONTINUOUS
10
3.2366105905511811
20
-1.1805322440944881
11
3.2379569685039371
21
-1.1837020078740157
0
LINE
8
User.Drawings
6
CONTINUOUS
10
3.2379569685039371
20
-1.1837020078740157
11
3.2401319291338582
21
-1.1861885826771654
0
LINE
8
User.Drawings
6
CONTINUOUS
10
3.2401319291338582
20
-1.1861885826771654
11
3.2429869685039368
21
-1.187972440944882
0
LINE
8
User.Drawings
6
CONTINUOUS
10
3.2429869685039368
20
-1.187972440944882
11
3.246635708661417
21
-1.1891176771653542
0
LINE
8
User.Drawings
6
CONTINUOUS
10
3.246635708661417
20
-1.1891176771653542
11
3.2512959055118111
21
-1.1895349212598425
0
LINE
8
User.Drawings
6
CONTINUOUS
10
3.2512959055118111
20
-1.1895349212598425
11
3.2550318897637793
21
-1.1891829527559055
0
LINE
8
User.Drawings
6
CONTINUOUS
10
3.2550318897637793
20
-1.1891829527559055
11
3.2583920078740158
21
-1.1881566141732283
0
LINE
8
User.Drawings
6
CONTINUOUS
10
3.2583920078740158
20
-1.1881566141732283
11
3.2614550787401573
21
-1.1864578346456693
0
LINE
8
User.Drawings
6
CONTINUOUS
10
3.2614550787401573
20
-1.1864578346456693
11
3.2638475196850392
21
-1.1840878346456694
0
LINE
8
User.Drawings
6
CONTINUOUS
10
3.2638475196850392
20
-1.1840878346456694
11
3.2653300787401576
21
-1.1809187795275591
0
LINE
8
User.Drawings
6
CONTINUOUS
10
3.2653300787401576
20
-1.1809187795275591
11
3.2658687401574804
21
-1.1766833070866141
0
LINE
8
User.Drawings
6
CONTINUOUS
10
3.2658687401574804
20
-1.1766833070866141
11
3.2653986614173229
21
-1.1724596456692913
0
LINE
8
User.Drawings
6
CONTINUOUS
10
3.2653986614173229
20
-1.1724596456692913
11
3.2641190157480313
21
-1.1693088188976377
0
LINE
8
User.Drawings
6
CONTINUOUS
10
3.2641190157480313
20
-1.1693088188976377
11
3.2621041338582675
21
-1.1669664960629922
0
LINE
8
User.Drawings
6
CONTINUOUS
10
3.2621041338582675
20
-1.1669664960629922
11
3.2594090157480315
21
-1.1653312992125984
0
LINE
8
User.Drawings
6
CONTINUOUS
10
3.2594090157480315
20
-1.1653312992125984
11
3.2556953149606298
21
-1.1642413779527558
0
LINE
8
User.Drawings
6
CONTINUOUS
10
3.2556953149606298
20
-1.1642413779527558
11
3.2506468503937005
21
-1.1638316929133858
0
LINE
8
User.Drawings
6
CONTINUOUS
10
3.2506468503937005
20
-1.1638316929133858
11
3.2462114960629922
21
-1.1642459842519686
0
LINE
8
User.Drawings
6
CONTINUOUS
10
4.0582618503937011
20
-1.154622874015748
11
4.0626737795275591
21
-1.1559723622047244
0
LINE
8
User.Drawings
6
CONTINUOUS
10
4.0626737795275591
20
-1.1559723622047244
11
4.0664568110236221
21
-1.1581503149606298
0
LINE
8
User.Drawings
6
CONTINUOUS
10
4.0664568110236221
20
-1.1581503149606298
11
4.0697151181102358
21
-1.1611969685039369
0
LINE
8
User.Drawings
6
CONTINUOUS
10
4.0697151181102358
20
-1.1611969685039369
11
4.0723201181102358
21
-1.1648665748031495
0
LINE
8
User.Drawings
6
CONTINUOUS
10
4.0723201181102358
20
-1.1648665748031495
11
4.0742607480314961
21
-1.1690565748031496
0
LINE
8
User.Drawings
6
CONTINUOUS
10
4.0742607480314961
20
-1.1690565748031496
11
4.0755337007874015
21
-1.1738566929133858
0
LINE
8
User.Drawings
6
CONTINUOUS
10
4.0755337007874015
20
-1.1738566929133858
11
4.076090433070866
21
-1.1793805511811024
0
LINE
8
User.Drawings
6
CONTINUOUS
10
4.076090433070866
20
-1.1793805511811024
11
4.066301456692913
21
-1.1793805511811024
0
LINE
8
User.Drawings
6
CONTINUOUS
10
4.066301456692913
20
-1.1793805511811024
11
4.0653927165354329
21
-1.1751148031496064
0
LINE
8
User.Drawings
6
CONTINUOUS
10
4.0653927165354329
20
-1.1751148031496064
11
4.0638211811023623
21
-1.1714338582677164
0
LINE
8
User.Drawings
6
CONTINUOUS
10
4.0638211811023623
20
-1.1714338582677164
11
4.0615945275590546
21
-1.168240590551181
0
LINE
8
User.Drawings
6
CONTINUOUS
10
4.0615945275590546
20
-1.168240590551181
11
4.0587437007874012
21
-1.1657159842519684
0
LINE
8
User.Drawings
6
CONTINUOUS
10
4.0587437007874012
20
-1.1657159842519684
11
4.055499251968504
21
-1.1642303543307086
0
LINE
8
User.Drawings
6
CONTINUOUS
10
4.055499251968504
20
-1.1642303543307086
11
4.0517238188976377
21
-1.1637211417322835
0
LINE
8
User.Drawings
6
CONTINUOUS
10
4.0517238188976377
20
-1.1637211417322835
11
4.0481958661417323
21
-1.1642011811023623
0
LINE
8
User.Drawings
6
CONTINUOUS
10
4.0481958661417323
20
-1.1642011811023623
11
4.0450982283464567
21
-1.1656142913385827
0
LINE
8
User.Drawings
6
CONTINUOUS
10
4.0450982283464567
20
-1.1656142913385827
11
4.0423105118110234
21
-1.1680366929133859
0
LINE
8
User.Drawings
6
CONTINUOUS
10
4.0423105118110234
20
-1.1680366929133859
11
4.0397857480314956
21
-1.1716878740157479
0
LINE
8
User.Drawings
6
CONTINUOUS
10
4.0397857480314956
20
-1.1716878740157479
11
4.0380075590551181
21
-1.1756598425196849
0
LINE
8
User.Drawings
6
CONTINUOUS
10
4.0380075590551181
20
-1.1756598425196849
11
4.0366026377952755
21
-1.1805531889763778
0
LINE
8
User.Drawings
6
CONTINUOUS
10
4.0366026377952755
20
-1.1805531889763778
11
4.0356399999999999
21
-1.1865377952755904
0
LINE
8
User.Drawings
6
CONTINUOUS
10
4.0356399999999999
20
-1.1865377952755904
11
4.0352133858267711
21
-1.1938043307086614
0
LINE
8
User.Drawings
6
CONTINUOUS
10
4.0352133858267711
20
-1.1938043307086614
11
4.0397694094488186
21
-1.1897874409448819
0
LINE
8
User.Drawings
6
CONTINUOUS
10
4.0397694094488186
20
-1.1897874409448819
11
4.0444192125984255
21
-1.1870553937007873
0
LINE
8
User.Drawings
6
CONTINUOUS
10
4.0444192125984255
20
-1.1870553937007873
11
4.0492316535433073
21
-1.1854542913385826
0
LINE
8
User.Drawings
6
CONTINUOUS
10
4.0492316535433073
20
-1.1854542913385826
11
4.0543056692913382
21
-1.1849192913385826
0
LINE
8
User.Drawings
6
CONTINUOUS
10
4.0543056692913382
20
-1.1849192913385826
11
4.0581751181102366
21
-1.1852443307086613
0
LINE
8
User.Drawings
6
CONTINUOUS
10
4.0581751181102366
20
-1.1852443307086613
11
4.0618418897637794
21
-1.1862096062992127
0
LINE
8
User.Drawings
6
CONTINUOUS
10
4.0618418897637794
20
-1.1862096062992127
11
4.0653591338582675
21
-1.1878280708661417
0
LINE
8
User.Drawings
6
CONTINUOUS
10
4.0653591338582675
20
-1.1878280708661417
11
4.0685237795275588
21
-1.1900373622047244
0
LINE
8
User.Drawings
6
CONTINUOUS
10
4.0685237795275588
20
-1.1900373622047244
11
4.0712667716535433
21
-1.1928576771653543
0
LINE
8
User.Drawings
6
CONTINUOUS
10
4.0712667716535433
20
-1.1928576771653543
11
4.0736143307086614
21
-1.1963621653543306
0
LINE
8
User.Drawings
6
CONTINUOUS
10
4.0736143307086614
20
-1.1963621653543306
11
4.0753058267716531
21
-1.2002276771653544
0
LINE
8
User.Drawings
6
CONTINUOUS
10
4.0753058267716531
20
-1.2002276771653544
11
4.0763633464566924
21
-1.2046681102362204
0
LINE
8
User.Drawings
6
CONTINUOUS
10
4.0763633464566924
20
-1.2046681102362204
11
4.0767346850393702
21
-1.2097955118110235
0
LINE
8
User.Drawings
6
CONTINUOUS
10
4.0767346850393702
20
-1.2097955118110235
11
4.076406023622047
21
-1.2149004330708661
0
LINE
8
User.Drawings
6
CONTINUOUS
10
4.076406023622047
20
-1.2149004330708661
11
4.0754479921259845
21
-1.2195902362204725
0
LINE
8
User.Drawings
6
CONTINUOUS
10
4.0754479921259845
20
-1.2195902362204725
11
4.0738835826771655
21
-1.2239260236220473
0
LINE
8
User.Drawings
6
CONTINUOUS
10
4.0738835826771655
20
-1.2239260236220473
11
4.0716614566929135
21
-1.2279267322834646
0
LINE
8
User.Drawings
6
CONTINUOUS
10
4.0716614566929135
20
-1.2279267322834646
11
4.0688838188976373
21
-1.2312870472440944
0
LINE
8
User.Drawings
6
CONTINUOUS
10
4.0688838188976373
20
-1.2312870472440944
11
4.0655177952755901
21
-1.2340755511811023
0
LINE
8
User.Drawings
6
CONTINUOUS
10
4.0655177952755901
20
-1.2340755511811023
11
4.0616883858267716
21
-1.2361392913385827
0
LINE
8
User.Drawings
6
CONTINUOUS
10
4.0616883858267716
20
-1.2361392913385827
11
4.0573615748031493
21
-1.2374051968503936
0
LINE
8
User.Drawings
6
CONTINUOUS
10
4.0573615748031493
20
-1.2374051968503936
11
4.0524209842519685
21
-1.2378449999999999
0
LINE
8
User.Drawings
6
CONTINUOUS
10
4.0524209842519685
20
-1.2378449999999999
11
4.047112559055118
21
-1.2373411811023622
0
LINE
8
User.Drawings
6
CONTINUOUS
10
4.047112559055118
20
-1.2373411811023622
11
4.0423357480314959
21
-1.2358712204724409
0
LINE
8
User.Drawings
6
CONTINUOUS
10
4.0423357480314959
20
-1.2358712204724409
11
4.037977952755905
21
-1.2334361023622047
0
LINE
8
User.Drawings
6
CONTINUOUS
10
4.037977952755905
20
-1.2334361023622047
11
4.0342395669291333
21
-1.230125905511811
0
LINE
8
User.Drawings
6
CONTINUOUS
10
4.0342395669291333
20
-1.230125905511811
11
4.0309553937007871
21
-1.2256846456692914
0
LINE
8
User.Drawings
6
CONTINUOUS
10
4.0309553937007871
20
-1.2256846456692914
11
4.0281361417322836
21
-1.2198921653543306
0
LINE
8
User.Drawings
6
CONTINUOUS
10
4.0281361417322836
20
-1.2198921653543306
11
4.0262394488188979
21
-1.2136944488188977
0
LINE
8
User.Drawings
6
CONTINUOUS
10
4.0262394488188979
20
-1.2136944488188977
11
4.0250062992125981
21
-1.2061847637795275
0
LINE
8
User.Drawings
6
CONTINUOUS
10
4.0250062992125981
20
-1.2061847637795275
11
4.0250048031496064
21
-1.2061755905511811
0
LINE
8
User.Drawings
6
CONTINUOUS
10
4.0250048031496064
20
-1.2061755905511811
11
4.0245590157480313
21
-1.1970977952755906
0
LINE
8
User.Drawings
6
CONTINUOUS
10
4.0245590157480313
20
-1.1970977952755906
11
4.0250955905511807
21
-1.1868216535433072
0
LINE
8
User.Drawings
6
CONTINUOUS
10
4.0250955905511807
20
-1.1868216535433072
11
4.0265831889763781
21
-1.178315
0
LINE
8
User.Drawings
6
CONTINUOUS
10
4.0265831889763781
20
-1.178315
11
4.0288738582677164
21
-1.1713031889763779
0
LINE
8
User.Drawings
6
CONTINUOUS
10
4.0288738582677164
20
-1.1713031889763779
11
4.0318718897637797
21
-1.1655481496062992
0
LINE
8
User.Drawings
6
CONTINUOUS
10
4.0318718897637797
20
-1.1655481496062992
11
4.0351150787401577
21
-1.1613877952755904
0
LINE
8
User.Drawings
6
CONTINUOUS
10
4.0351150787401577
20
-1.1613877952755904
11
4.0387861023622049
21
-1.1582455118110235
0
LINE
8
User.Drawings
6
CONTINUOUS
10
4.0387861023622049
20
-1.1582455118110235
11
4.0429330314960632
21
-1.1560061417322833
0
LINE
8
User.Drawings
6
CONTINUOUS
10
4.0429330314960632
20
-1.1560061417322833
11
4.047650157480315
21
-1.1546284645669291
0
LINE
8
User.Drawings
6
CONTINUOUS
10
4.047650157480315
20
-1.1546284645669291
11
4.0530700393700787
21
-1.1541485433070866
0
LINE
8
User.Drawings
6
CONTINUOUS
10
4.0530700393700787
20
-1.1541485433070866
11
4.0582618503937011
21
-1.154622874015748
0
LINE
8
User.Drawings
6
CONTINUOUS
10
4.0489535826771652
20
-1.1960329921259842
11
4.0448292125984251
21
-1.1978243307086613
0
LINE
8
User.Drawings
6
CONTINUOUS
10
4.0448292125984251
20
-1.1978243307086613
11
4.0404582677165353
21
-1.2010805511811022
0
LINE
8
User.Drawings
6
CONTINUOUS
10
4.0404582677165353
20
-1.2010805511811022
11
4.0357470866141734
21
-1.2061847637795275
0
LINE
8
User.Drawings
6
CONTINUOUS
10
4.0357470866141734
20
-1.2061847637795275
11
4.0372175984251966
21
-1.213941968503937
0
LINE
8
User.Drawings
6
CONTINUOUS
10
4.0372175984251966
20
-1.213941968503937
11
4.0392773228346455
21
-1.2195310629921259
0
LINE
8
User.Drawings
6
CONTINUOUS
10
4.0392773228346455
20
-1.2195310629921259
11
4.0417785039370075
21
-1.2234392913385828
0
LINE
8
User.Drawings
6
CONTINUOUS
10
4.0417785039370075
20
-1.2234392913385828
11
4.0446692125984249
21
-1.2260437795275589
0
LINE
8
User.Drawings
6
CONTINUOUS
10
4.0446692125984249
20
-1.2260437795275589
11
4.0480047637795273
21
-1.2275797244094488
0
LINE
8
User.Drawings
6
CONTINUOUS
10
4.0480047637795273
20
-1.2275797244094488
11
4.0519401968503939
21
-1.2281089370078739
0
LINE
8
User.Drawings
6
CONTINUOUS
10
4.0519401968503939
20
-1.2281089370078739
11
4.0561861417322831
21
-1.2275430708661417
0
LINE
8
User.Drawings
6
CONTINUOUS
10
4.0561861417322831
20
-1.2275430708661417
11
4.0596747637795279
21
-1.2259219685039371
0
LINE
8
User.Drawings
6
CONTINUOUS
10
4.0596747637795279
20
-1.2259219685039371
11
4.0625897637795276
21
-1.2232096456692914
0
LINE
8
User.Drawings
6
CONTINUOUS
10
4.0625897637795276
20
-1.2232096456692914
11
4.0647315748031492
21
-1.2197529527559055
0
LINE
8
User.Drawings
6
CONTINUOUS
10
4.0647315748031492
20
-1.2197529527559055
11
4.0660534251968503
21
-1.2157079527559054
0
LINE
8
User.Drawings
6
CONTINUOUS
10
4.0660534251968503
20
-1.2157079527559054
11
4.0665178346456692
21
-1.2109253937007873
0
LINE
8
User.Drawings
6
CONTINUOUS
10
4.0665178346456692
20
-1.2109253937007873
11
4.0660923622047243
21
-1.2065617322834645
0
LINE
8
User.Drawings
6
CONTINUOUS
10
4.0660923622047243
20
-1.2065617322834645
11
4.0648867322834645
21
-1.2029113779527558
0
LINE
8
User.Drawings
6
CONTINUOUS
10
4.0648867322834645
20
-1.2029113779527558
11
4.0629407480314956
21
-1.1998286614173228
0
LINE
8
User.Drawings
6
CONTINUOUS
10
4.0629407480314956
20
-1.1998286614173228
11
4.0602862992125983
21
-1.197432125984252
0
LINE
8
User.Drawings
6
CONTINUOUS
10
4.0602862992125983
20
-1.197432125984252
11
4.0570224409448814
21
-1.1959773228346458
0
LINE
8
User.Drawings
6
CONTINUOUS
10
4.0570224409448814
20
-1.1959773228346458
11
4.0529594488188971
21
-1.1954630708661418
0
LINE
8
User.Drawings
6
CONTINUOUS
10
4.0529594488188971
20
-1.1954630708661418
11
4.0489535826771652
21
-1.1960329921259842
0
LINE
8
User.Drawings
6
CONTINUOUS
10
4.4233498818897639
20
-1.1772266141732284
11
4.4132868897637794
21
-1.1772266141732284
0
LINE
8
User.Drawings
6
CONTINUOUS
10
4.4132868897637794
20
-1.1772266141732284
11
4.4132868897637794
21
-1.1657981496062992
0
LINE
8
User.Drawings
6
CONTINUOUS
10
4.4132868897637794
20
-1.1657981496062992
11
4.388545275590551
21
-1.1657981496062992
0
LINE
8
User.Drawings
6
CONTINUOUS
10
4.388545275590551
20
-1.1657981496062992
11
4.386771181102362
21
-1.1897079921259843
0
LINE
8
User.Drawings
6
CONTINUOUS
10
4.386771181102362
20
-1.1897079921259843
11
4.390513031496063
21
-1.1870626377952755
0
LINE
8
User.Drawings
6
CONTINUOUS
10
4.390513031496063
20
-1.1870626377952755
11
4.3944903937007869
21
-1.1851981102362203
0
LINE
8
User.Drawings
6
CONTINUOUS
10
4.3944903937007869
20
-1.1851981102362203
11
4.3987591732283464
21
-1.1840722047244094
0
LINE
8
User.Drawings
6
CONTINUOUS
10
4.3987591732283464
20
-1.1840722047244094
11
4.4033921653543304
21
-1.183688464566929
0
LINE
8
User.Drawings
6
CONTINUOUS
10
4.4033921653543304
20
-1.183688464566929
11
4.4083387795275586
21
-1.1841117716535432
0
LINE
8
User.Drawings
6
CONTINUOUS
10
4.4083387795275586
20
-1.1841117716535432
11
4.4127039370078736
21
-1.185332716535433
0
LINE
8
User.Drawings
6
CONTINUOUS
10
4.4127039370078736
20
-1.185332716535433
11
4.4165947637795275
21
-1.1873232677165355
0
LINE
8
User.Drawings
6
CONTINUOUS
10
4.4165947637795275
20
-1.1873232677165355
11
4.4200525984251966
21
-1.190019094488189
0
LINE
8
User.Drawings
6
CONTINUOUS
10
4.4200525984251966
20
-1.190019094488189
11
4.4229071653543306
21
-1.193232283464567
0
LINE
8
User.Drawings
6
CONTINUOUS
10
4.4229071653543306
20
-1.193232283464567
11
4.4252009448818894
21
-1.1970160236220473
0
LINE
8
User.Drawings
6
CONTINUOUS
10
4.4252009448818894
20
-1.1970160236220473
11
4.4268444881889764
21
-1.2011432283464567
0
LINE
8
User.Drawings
6
CONTINUOUS
10
4.4268444881889764
20
-1.2011432283464567
11
4.4278447637795271
21
-1.205581062992126
0
LINE
8
User.Drawings
6
CONTINUOUS
10
4.4278447637795271
20
-1.205581062992126
11
4.4281866929133855
21
-1.2103916929133858
0
LINE
8
User.Drawings
6
CONTINUOUS
10
4.4281866929133855
20
-1.2103916929133858
11
4.4277945275590547
21
-1.215723464566929
0
LINE
8
User.Drawings
6
CONTINUOUS
10
4.4277945275590547
20
-1.215723464566929
11
4.4266625590551181
21
-1.2204828740157481
0
LINE
8
User.Drawings
6
CONTINUOUS
10
4.4266625590551181
20
-1.2204828740157481
11
4.4248259448818894
21
-1.2247625984251969
0
LINE
8
User.Drawings
6
CONTINUOUS
10
4.4248259448818894
20
-1.2247625984251969
11
4.4222522834645668
21
-1.2286132283464566
0
LINE
8
User.Drawings
6
CONTINUOUS
10
4.4222522834645668
20
-1.2286132283464566
11
4.419036771653543
21
-1.2318163779527558
0
LINE
8
User.Drawings
6
CONTINUOUS
10
4.419036771653543
20
-1.2318163779527558
11
4.415113897637795
21
-1.2344265354330708
0
LINE
8
User.Drawings
6
CONTINUOUS
10
4.415113897637795
20
-1.2344265354330708
11
4.4107627165354328
21
-1.2362889763779528
0
LINE
8
User.Drawings
6
CONTINUOUS
10
4.4107627165354328
20
-1.2362889763779528
11
4.4058675984251972
21
-1.2374431496062992
0
LINE
8
User.Drawings
6
CONTINUOUS
10
4.4058675984251972
20
-1.2374431496062992
11
4.4003247244094483
21
-1.2378449999999999
0
LINE
8
User.Drawings
6
CONTINUOUS
10
4.4003247244094483
20
-1.2378449999999999
11
4.3941833464566926
21
-1.2373623228346455
0
LINE
8
User.Drawings
6
CONTINUOUS
10
4.3941833464566926
20
-1.2373623228346455
11
4.3889969685039372
21
-1.2359995669291339
0
LINE
8
User.Drawings
6
CONTINUOUS
10
4.3889969685039372
20
-1.2359995669291339
11
4.3845962204724405
21
-1.2338325984251968
0
LINE
8
User.Drawings
6
CONTINUOUS
10
4.3845962204724405
20
-1.2338325984251968
11
4.3808525984251965
21
-1.2308638582677165
0
LINE
8
User.Drawings
6
CONTINUOUS
10
4.3808525984251965
20
-1.2308638582677165
11
4.3778257086614172
21
-1.2271792125984251
0
LINE
8
User.Drawings
6
CONTINUOUS
10
4.3778257086614172
20
-1.2271792125984251
11
4.3754853149606294
21
-1.2227074015748032
0
LINE
8
User.Drawings
6
CONTINUOUS
10
4.3754853149606294
20
-1.2227074015748032
11
4.3738497637795275
21
-1.2173001968503936
0
LINE
8
User.Drawings
6
CONTINUOUS
10
4.3738497637795275
20
-1.2173001968503936
11
4.3730012598425194
21
-1.2107667322834645
0
LINE
8
User.Drawings
6
CONTINUOUS
10
4.3730012598425194
20
-1.2107667322834645
11
4.3834344488188979
21
-1.2107667322834645
0
LINE
8
User.Drawings
6
CONTINUOUS
10
4.3834344488188979
20
-1.2107667322834645
11
4.3845627559055114
21
-1.2161076771653543
0
LINE
8
User.Drawings
6
CONTINUOUS
10
4.3845627559055114
20
-1.2161076771653543
11
4.3863928346456689
21
-1.2203624803149606
0
LINE
8
User.Drawings
6
CONTINUOUS
10
4.3863928346456689
20
-1.2203624803149606
11
4.3888674409448818
21
-1.2237337007874016
0
LINE
8
User.Drawings
6
CONTINUOUS
10
4.3888674409448818
20
-1.2237337007874016
11
4.3920725590551184
21
-1.2263186614173227
0
LINE
8
User.Drawings
6
CONTINUOUS
10
4.3920725590551184
20
-1.2263186614173227
11
4.3958693700787403
21
-1.2278834251968505
0
LINE
8
User.Drawings
6
CONTINUOUS
10
4.3958693700787403
20
-1.2278834251968505
11
4.4004353149606299
21
-1.228431062992126
0
LINE
8
User.Drawings
6
CONTINUOUS
10
4.4004353149606299
20
-1.228431062992126
11
4.404989803149606
21
-1.2278661023622046
0
LINE
8
User.Drawings
6
CONTINUOUS
10
4.404989803149606
20
-1.2278661023622046
11
4.4088224015748034
21
-1.2262406692913386
0
LINE
8
User.Drawings
6
CONTINUOUS
10
4.4088224015748034
20
-1.2262406692913386
11
4.4121041338582678
21
-1.2235317716535432
0
LINE
8
User.Drawings
6
CONTINUOUS
10
4.4121041338582678
20
-1.2235317716535432
11
4.4145612204724411
21
-1.2200207086614172
0
LINE
8
User.Drawings
6
CONTINUOUS
10
4.4145612204724411
20
-1.2200207086614172
11
4.4160835826771656
21
-1.2157780314960629
0
LINE
8
User.Drawings
6
CONTINUOUS
10
4.4160835826771656
20
-1.2157780314960629
11
4.4166236220472443
21
-1.2106032677165355
0
LINE
8
User.Drawings
6
CONTINUOUS
10
4.4166236220472443
20
-1.2106032677165355
11
4.416095708661417
21
-1.2052327559055118
0
LINE
8
User.Drawings
6
CONTINUOUS
10
4.416095708661417
20
-1.2052327559055118
11
4.4146464173228344
21
-1.2010701574803149
0
LINE
8
User.Drawings
6
CONTINUOUS
10
4.4146464173228344
20
-1.2010701574803149
11
4.412373385826772
21
-1.1978429921259843
0
LINE
8
User.Drawings
6
CONTINUOUS
10
4.412373385826772
20
-1.1978429921259843
11
4.4092970078740157
21
-1.1953703937007873
0
LINE
8
User.Drawings
6
CONTINUOUS
10
4.4092970078740157
20
-1.1953703937007873
11
4.4057274015748034
21
-1.1938865748031495
0
LINE
8
User.Drawings
6
CONTINUOUS
10
4.4057274015748034
20
-1.1938865748031495
11
4.4015122834645668
21
-1.1933716141732282
0
LINE
8
User.Drawings
6
CONTINUOUS
10
4.4015122834645668
20
-1.1933716141732282
11
4.3978541338582673
21
-1.1937527952755904
0
LINE
8
User.Drawings
6
CONTINUOUS
10
4.3978541338582673
20
-1.1937527952755904
11
4.3944692913385826
21
-1.1948816141732284
0
LINE
8
User.Drawings
6
CONTINUOUS
10
4.3944692913385826
20
-1.1948816141732284
11
4.3912810236220468
21
-1.1967883070866141
0
LINE
8
User.Drawings
6
CONTINUOUS
10
4.3912810236220468
20
-1.1967883070866141
11
4.3882381102362205
21
-1.1995696456692913
0
LINE
8
User.Drawings
6
CONTINUOUS
10
4.3882381102362205
20
-1.1995696456692913
11
4.3853191732283463
21
-1.2033817322834646
0
LINE
8
User.Drawings
6
CONTINUOUS
10
4.3853191732283463
20
-1.2033817322834646
11
4.3814460629921257
21
-1.2000859842519684
0
LINE
8
User.Drawings
6
CONTINUOUS
10
4.3814460629921257
20
-1.2000859842519684
11
4.376876456692913
21
-1.1972516141732283
0
LINE
8
User.Drawings
6
CONTINUOUS
10
4.376876456692913
20
-1.1972516141732283
11
4.3801554724409444
21
-1.1556870866141733
0
LINE
8
User.Drawings
6
CONTINUOUS
10
4.3801554724409444
20
-1.1556870866141733
11
4.4233498818897639
21
-1.1556870866141733
0
LINE
8
User.Drawings
6
CONTINUOUS
10
4.4233498818897639
20
-1.1556870866141733
11
4.4233498818897639
21
-1.1772266141732284
0
LINE
8
User.Drawings
6
CONTINUOUS
10
5.1063583070866141
20
-1.154587716535433
11
5.1113318110236223
21
-1.1558014566929133
0
LINE
8
User.Drawings
6
CONTINUOUS
10
5.1113318110236223
20
-1.1558014566929133
11
5.1153508267716532
21
-1.1576820866141733
0
LINE
8
User.Drawings
6
CONTINUOUS
10
5.1153508267716532
20
-1.1576820866141733
11
5.118585236220472
21
-1.1601920866141733
0
LINE
8
User.Drawings
6
CONTINUOUS
10
5.118585236220472
20
-1.1601920866141733
11
5.1212669291338582
21
-1.1634015354330709
0
LINE
8
User.Drawings
6
CONTINUOUS
10
5.1212669291338582
20
-1.1634015354330709
11
5.123172244094488
21
-1.1669825984251969
0
LINE
8
User.Drawings
6
CONTINUOUS
10
5.123172244094488
20
-1.1669825984251969
11
5.1243394094488188
21
-1.1710097637795276
0
LINE
8
User.Drawings
6
CONTINUOUS
10
5.1243394094488188
20
-1.1710097637795276
11
5.1247442125984248
21
-1.1755870866141731
0
LINE
8
User.Drawings
6
CONTINUOUS
10
5.1247442125984248
20
-1.1755870866141731
11
5.1243356299212595
21
-1.1799489763779527
0
LINE
8
User.Drawings
6
CONTINUOUS
10
5.1243356299212595
20
-1.1799489763779527
11
5.1231680314960633
21
-1.1836871259842519
0
LINE
8
User.Drawings
6
CONTINUOUS
10
5.1231680314960633
20
-1.1836871259842519
11
5.121272874015748
21
-1.1869242125984252
0
LINE
8
User.Drawings
6
CONTINUOUS
10
5.121272874015748
20
-1.1869242125984252
11
5.1187810236220468
21
-1.1897993307086614
0
LINE
8
User.Drawings
6
CONTINUOUS
10
5.1187810236220468
20
-1.1897993307086614
11
5.116124724409449
21
-1.1920517322834645
0
LINE
8
User.Drawings
6
CONTINUOUS
10
5.116124724409449
20
-1.1920517322834645
11
5.1132868897637795
21
-1.193746653543307
0
LINE
8
User.Drawings
6
CONTINUOUS
10
5.1132868897637795
20
-1.193746653543307
11
5.1183559842519681
21
-1.1957018110236219
0
LINE
8
User.Drawings
6
CONTINUOUS
10
5.1183559842519681
20
-1.1957018110236219
11
5.1221182677165356
21
-1.1981242519685038
0
LINE
8
User.Drawings
6
CONTINUOUS
10
5.1221182677165356
20
-1.1981242519685038
11
5.1248259448818896
21
-1.2009825984251967
0
LINE
8
User.Drawings
6
CONTINUOUS
10
5.1248259448818896
20
-1.2009825984251967
11
5.1267511023622045
21
-1.2044303937007874
0
LINE
8
User.Drawings
6
CONTINUOUS
10
5.1267511023622045
20
-1.2044303937007874
11
5.1279679527559052
21
-1.2086104724409448
0
LINE
8
User.Drawings
6
CONTINUOUS
10
5.1279679527559052
20
-1.2086104724409448
11
5.1284030314960631
21
-1.2136995669291337
0
LINE
8
User.Drawings
6
CONTINUOUS
10
5.1284030314960631
20
-1.2136995669291337
11
5.1279278740157483
21
-1.2189479921259843
0
LINE
8
User.Drawings
6
CONTINUOUS
10
5.1279278740157483
20
-1.2189479921259843
11
5.1265755905511812
21
-1.2234157086614172
0
LINE
8
User.Drawings
6
CONTINUOUS
10
5.1265755905511812
20
-1.2234157086614172
11
5.1243932283464568
21
-1.2272531102362205
0
LINE
8
User.Drawings
6
CONTINUOUS
10
5.1243932283464568
20
-1.2272531102362205
11
5.1214583070866144
21
-1.230586811023622
0
LINE
8
User.Drawings
6
CONTINUOUS
10
5.1214583070866144
20
-1.230586811023622
11
5.1180277952755908
21
-1.2332522834645669
0
LINE
8
User.Drawings
6
CONTINUOUS
10
5.1180277952755908
20
-1.2332522834645669
11
5.1140417322834644
21
-1.235291968503937
0
LINE
8
User.Drawings
6
CONTINUOUS
10
5.1140417322834644
20
-1.235291968503937
11
5.1097471653543307
21
-1.2367035826771653
0
LINE
8
User.Drawings
6
CONTINUOUS
10
5.1097471653543307
20
-1.2367035826771653
11
5.1052600393700782
21
-1.2375564566929134
0
LINE
8
User.Drawings
6
CONTINUOUS
10
5.1052600393700782
20
-1.2375564566929134
11
5.100541062992126
21
-1.2378449999999999
0
LINE
8
User.Drawings
6
CONTINUOUS
10
5.100541062992126
20
-1.2378449999999999
11
5.0939371653543306
21
-1.2373499606299212
0
LINE
8
User.Drawings
6
CONTINUOUS
10
5.0939371653543306
20
-1.2373499606299212
11
5.0884335039370079
21
-1.2359624015748032
0
LINE
8
User.Drawings
6
CONTINUOUS
10
5.0884335039370079
20
-1.2359624015748032
11
5.0838353937007872
21
-1.233776220472441
0
LINE
8
User.Drawings
6
CONTINUOUS
10
5.0838353937007872
20
-1.233776220472441
11
5.0799919685039372
21
-1.2308109842519686
0
LINE
8
User.Drawings
6
CONTINUOUS
10
5.0799919685039372
20
-1.2308109842519686
11
5.0769607874015747
21
-1.2270931496062991
0
LINE
8
User.Drawings
6
CONTINUOUS
10
5.0769607874015747
20
-1.2270931496062991
11
5.0746867716535435
21
-1.2224111811023621
0
LINE
8
User.Drawings
6
CONTINUOUS
10
5.0746867716535435
20
-1.2224111811023621
11
5.0732141732283464
21
-1.2165489763779527
0
LINE
8
User.Drawings
6
CONTINUOUS
10
5.0732141732283464
20
-1.2165489763779527
11
5.0726791338582675
21
-1.2092281889763778
0
LINE
8
User.Drawings
6
CONTINUOUS
10
5.0726791338582675
20
-1.2092281889763778
11
5.0833287007874013
21
-1.2092281889763778
0
LINE
8
User.Drawings
6
CONTINUOUS
10
5.0833287007874013
20
-1.2092281889763778
11
5.0841198031496058
21
-1.2150239370078739
0
LINE
8
User.Drawings
6
CONTINUOUS
10
5.0841198031496058
20
-1.2150239370078739
11
5.0858318897637798
21
-1.2195977559055118
0
LINE
8
User.Drawings
6
CONTINUOUS
10
5.0858318897637798
20
-1.2195977559055118
11
5.0883818110236216
21
-1.2232048425196851
0
LINE
8
User.Drawings
6
CONTINUOUS
10
5.0883818110236216
20
-1.2232048425196851
11
5.0908766535433072
21
-1.2253547244094487
0
LINE
8
User.Drawings
6
CONTINUOUS
10
5.0908766535433072
20
-1.2253547244094487
11
5.0937830314960628
21
-1.226906220472441
0
LINE
8
User.Drawings
6
CONTINUOUS
10
5.0937830314960628
20
-1.226906220472441
11
5.0971819685039366
21
-1.2278736614173229
0
LINE
8
User.Drawings
6
CONTINUOUS
10
5.0971819685039366
20
-1.2278736614173229
11
5.1011853543307089
21
-1.22821468503937
0
LINE
8
User.Drawings
6
CONTINUOUS
10
5.1011853543307089
20
-1.22821468503937
11
5.1058737007874013
21
-1.2277361023622047
0
LINE
8
User.Drawings
6
CONTINUOUS
10
5.1058737007874013
20
-1.2277361023622047
11
5.1096439763779529
21
-1.2263991732283464
0
LINE
8
User.Drawings
6
CONTINUOUS
10
5.1096439763779529
20
-1.2263991732283464
11
5.1126955118110233
21
-1.2242625984251969
0
LINE
8
User.Drawings
6
CONTINUOUS
10
5.1126955118110233
20
-1.2242625984251969
11
5.1150424803149601
21
-1.2213920078740157
0
LINE
8
User.Drawings
6
CONTINUOUS
10
5.1150424803149601
20
-1.2213920078740157
11
5.1164542125984251
21
-1.2180287795275591
0
LINE
8
User.Drawings
6
CONTINUOUS
10
5.1164542125984251
20
-1.2180287795275591
11
5.1169457480314957
21
-1.2140216929133858
0
LINE
8
User.Drawings
6
CONTINUOUS
10
5.1169457480314957
20
-1.2140216929133858
11
5.1163909448818901
21
-1.209981811023622
0
LINE
8
User.Drawings
6
CONTINUOUS
10
5.1163909448818901
20
-1.209981811023622
11
5.114766653543307
21
-1.2064901181102361
0
LINE
8
User.Drawings
6
CONTINUOUS
10
5.114766653543307
20
-1.2064901181102361
11
5.1119935826771652
21
-1.2034009842519684
0
LINE
8
User.Drawings
6
CONTINUOUS
10
5.1119935826771652
20
-1.2034009842519684
11
5.1094432283464561
21
-1.2016861417322835
0
LINE
8
User.Drawings
6
CONTINUOUS
10
5.1094432283464561
20
-1.2016861417322835
11
5.106173149606299
21
-1.2003671259842519
0
LINE
8
User.Drawings
6
CONTINUOUS
10
5.106173149606299
20
-1.2003671259842519
11
5.1020176377952753
21
-1.1994982283464566
0
LINE
8
User.Drawings
6
CONTINUOUS
10
5.1020176377952753
20
-1.1994982283464566
11
5.096776456692913
21
-1.1991796062992126
0
LINE
8
User.Drawings
6
CONTINUOUS
10
5.096776456692913
20
-1.1991796062992126
11
5.0931705118110235
21
-1.1992853937007875
0
LINE
8
User.Drawings
6
CONTINUOUS
10
5.0931705118110235
20
-1.1992853937007875
11
5.0931705118110235
21
-1.1892272047244095
0
LINE
8
User.Drawings
6
CONTINUOUS
10
5.0931705118110235
20
-1.1892272047244095
11
5.0946753937007871
21
-1.1892272047244095
0
LINE
8
User.Drawings
6
CONTINUOUS
10
5.0946753937007871
20
-1.1892272047244095
11
5.1000278346456689
21
-1.1890241338582677
0
LINE
8
User.Drawings
6
CONTINUOUS
10
5.1000278346456689
20
-1.1890241338582677
11
5.1042239370078741
21
-1.1884771653543307
0
LINE
8
User.Drawings
6
CONTINUOUS
10
5.1042239370078741
20
-1.1884771653543307
11
5.10794531496063
21
-1.1872220078740157
0
LINE
8
User.Drawings
6
CONTINUOUS
10
5.10794531496063
20
-1.1872220078740157
11
5.1110031496062991
21
-1.1850106299212597
0
LINE
8
User.Drawings
6
CONTINUOUS
10
5.1110031496062991
20
-1.1850106299212597
11
5.1124780314960629
21
-1.1830296062992125
0
LINE
8
User.Drawings
6
CONTINUOUS
10
5.1124780314960629
20
-1.1830296062992125
11
5.1134246062992128
21
-1.1804035039370078
0
LINE
8
User.Drawings
6
CONTINUOUS
10
5.1134246062992128
20
-1.1804035039370078
11
5.113772519685039
21
-1.1769333070866141
0
LINE
8
User.Drawings
6
CONTINUOUS
10
5.113772519685039
20
-1.1769333070866141
11
5.1134162204724412
21
-1.1735321259842519
0
LINE
8
User.Drawings
6
CONTINUOUS
10
5.1134162204724412
20
-1.1735321259842519
11
5.1123715354330708
21
-1.1704622047244093
0
LINE
8
User.Drawings
6
CONTINUOUS
10
5.1123715354330708
20
-1.1704622047244093
11
5.1106233070866143
21
-1.167644409448819
0
LINE
8
User.Drawings
6
CONTINUOUS
10
5.1106233070866143
20
-1.167644409448819
11
5.108255275590551
21
-1.1654638188976378
0
LINE
8
User.Drawings
6
CONTINUOUS
10
5.108255275590551
20
-1.1654638188976378
11
5.1051529527559056
21
-1.1641069291338582
0
LINE
8
User.Drawings
6
CONTINUOUS
10
5.1051529527559056
20
-1.1641069291338582
11
5.1010795669291333
21
-1.1636153543307086
0
LINE
8
User.Drawings
6
CONTINUOUS
10
5.1010795669291333
20
-1.1636153543307086
11
5.0967855511811022
21
-1.1641169291338582
0
LINE
8
User.Drawings
6
CONTINUOUS
10
5.0967855511811022
20
-1.1641169291338582
11
5.0935642913385824
21
-1.1654898818897637
0
LINE
8
User.Drawings
6
CONTINUOUS
10
5.0935642913385824
20
-1.1654898818897637
11
5.0911511811023624
21
-1.1676732283464566
0
LINE
8
User.Drawings
6
CONTINUOUS
10
5.0911511811023624
20
-1.1676732283464566
11
5.0894596062992123
21
-1.1705579133858268
0
LINE
8
User.Drawings
6
CONTINUOUS
10
5.0894596062992123
20
-1.1705579133858268
11
5.0882429527559054
21
-1.1745555511811023
0
LINE
8
User.Drawings
6
CONTINUOUS
10
5.0882429527559054
20
-1.1745555511811023
11
5.0876317716535429
21
-1.1799959842519685
0
LINE
8
User.Drawings
6
CONTINUOUS
10
5.0876317716535429
20
-1.1799959842519685
11
5.0762802755905509
21
-1.1799959842519685
0
LINE
8
User.Drawings
6
CONTINUOUS
10
5.0762802755905509
20
-1.1799959842519685
11
5.0762802755905509
21
-1.1791305511811023
0
LINE
8
User.Drawings
6
CONTINUOUS
10
5.0762802755905509
20
-1.1791305511811023
11
5.0765947244094489
21
-1.1740004330708662
0
LINE
8
User.Drawings
6
CONTINUOUS
10
5.0765947244094489
20
-1.1740004330708662
11
5.0774703543307087
21
-1.1697417322834645
0
LINE
8
User.Drawings
6
CONTINUOUS
10
5.0774703543307087
20
-1.1697417322834645
11
5.0788306692913388
21
-1.1662122440944882
0
LINE
8
User.Drawings
6
CONTINUOUS
10
5.0788306692913388
20
-1.1662122440944882
11
5.0806362598425192
21
-1.1632932283464568
0
LINE
8
User.Drawings
6
CONTINUOUS
10
5.0806362598425192
20
-1.1632932283464568
11
5.0837912204724409
21
-1.1598090944881889
0
LINE
8
User.Drawings
6
CONTINUOUS
10
5.0837912204724409
20
-1.1598090944881889
11
5.08701342519685
21
-1.1573896850393701
0
LINE
8
User.Drawings
6
CONTINUOUS
10
5.08701342519685
20
-1.1573896850393701
11
5.0903434645669288
21
-1.1558745669291339
0
LINE
8
User.Drawings
6
CONTINUOUS
10
5.0903434645669288
20
-1.1558745669291339
11
5.0956286220472435
21
-1.1545559842519684
0
LINE
8
User.Drawings
6
CONTINUOUS
10
5.0956286220472435
20
-1.1545559842519684
11
5.1002141338582678
21
-1.1541485433070866
0
LINE
8
User.Drawings
6
CONTINUOUS
10
5.1002141338582678
20
-1.1541485433070866
11
5.1063583070866141
21
-1.154587716535433
0
LINE
8
User.Drawings
6
CONTINUOUS
10
6.1563170472440945
20
-1.154617716535433
11
6.1609007480314961
21
-1.1559681102362205
0
LINE
8
User.Drawings
6
CONTINUOUS
10
6.1609007480314961
20
-1.1559681102362205
11
6.164955472440945
21
-1.1581701574803149
0
LINE
8
User.Drawings
6
CONTINUOUS
10
6.164955472440945
20
-1.1581701574803149
11
6.1685695669291336
21
-1.161269842519685
0
LINE
8
User.Drawings
6
CONTINUOUS
10
6.1685695669291336
20
-1.161269842519685
11
6.1717873228346454
21
-1.1653846850393701
0
LINE
8
User.Drawings
6
CONTINUOUS
10
6.1717873228346454
20
-1.1653846850393701
11
6.1747768503937008
21
-1.1710664960629922
0
LINE
8
User.Drawings
6
CONTINUOUS
10
6.1747768503937008
20
-1.1710664960629922
11
6.1770497244094491
21
-1.1779253543307087
0
LINE
8
User.Drawings
6
CONTINUOUS
10
6.1770497244094491
20
-1.1779253543307087
11
6.178519173228346
21
-1.1861787795275591
0
LINE
8
User.Drawings
6
CONTINUOUS
10
6.178519173228346
20
-1.1861787795275591
11
6.1790472834645671
21
-1.1960785039370079
0
LINE
8
User.Drawings
6
CONTINUOUS
10
6.1790472834645671
20
-1.1960785039370079
11
6.1786290157480313
21
-1.2048617716535432
0
LINE
8
User.Drawings
6
CONTINUOUS
10
6.1786290157480313
20
-1.2048617716535432
11
6.1774558661417318
21
-1.2123461023622046
0
LINE
8
User.Drawings
6
CONTINUOUS
10
6.1774558661417318
20
-1.2123461023622046
11
6.1756288582677161
21
-1.2187094094488189
0
LINE
8
User.Drawings
6
CONTINUOUS
10
6.1756288582677161
20
-1.2187094094488189
11
6.1729125196850392
21
-1.2246966141732283
0
LINE
8
User.Drawings
6
CONTINUOUS
10
6.1729125196850392
20
-1.2246966141732283
11
6.1696810236220472
21
-1.229385157480315
0
LINE
8
User.Drawings
6
CONTINUOUS
10
6.1696810236220472
20
-1.229385157480315
11
6.1659505118110234
21
-1.2329793700787401
0
LINE
8
User.Drawings
6
CONTINUOUS
10
6.1659505118110234
20
-1.2329793700787401
11
6.1615592913385822
21
-1.2356614960629921
0
LINE
8
User.Drawings
6
CONTINUOUS
10
6.1615592913385822
20
-1.2356614960629921
11
6.1566491338582674
21
-1.2372850393700787
0
LINE
8
User.Drawings
6
CONTINUOUS
10
6.1566491338582674
20
-1.2372850393700787
11
6.151079566929134
21
-1.2378449999999999
0
LINE
8
User.Drawings
6
CONTINUOUS
10
6.151079566929134
20
-1.2378449999999999
11
6.1457488582677167
21
-1.2373710236220472
0
LINE
8
User.Drawings
6
CONTINUOUS
10
6.1457488582677167
20
-1.2373710236220472
11
6.1411008267716536
21
-1.236009251968504
0
LINE
8
User.Drawings
6
CONTINUOUS
10
6.1411008267716536
20
-1.236009251968504
11
6.1370062598425195
21
-1.2337934251968503
0
LINE
8
User.Drawings
6
CONTINUOUS
10
6.1370062598425195
20
-1.2337934251968503
11
6.1333733070866137
21
-1.2306807874015748
0
LINE
8
User.Drawings
6
CONTINUOUS
10
6.1333733070866137
20
-1.2306807874015748
11
6.1301554724409444
21
-1.2265559448818897
0
LINE
8
User.Drawings
6
CONTINUOUS
10
6.1301554724409444
20
-1.2265559448818897
11
6.1271558661417318
21
-1.2208414960629921
0
LINE
8
User.Drawings
6
CONTINUOUS
10
6.1271558661417318
20
-1.2208414960629921
11
6.1248836614173223
21
-1.2139982677165353
0
LINE
8
User.Drawings
6
CONTINUOUS
10
6.1248836614173223
20
-1.2139982677165353
11
6.1234199212598428
21
-1.2058225590551181
0
LINE
8
User.Drawings
6
CONTINUOUS
10
6.1234199212598428
20
-1.2058225590551181
11
6.1228954724409448
21
-1.1960785039370079
0
LINE
8
User.Drawings
6
CONTINUOUS
10
6.1228954724409448
20
-1.1960785039370079
11
6.1233135039370081
21
-1.1872556299212598
0
LINE
8
User.Drawings
6
CONTINUOUS
10
6.1233135039370081
20
-1.1872556299212598
11
6.12448531496063
21
-1.1797447244094488
0
LINE
8
User.Drawings
6
CONTINUOUS
10
6.12448531496063
20
-1.1797447244094488
11
6.1263090944881888
21
-1.1733658267716536
0
LINE
8
User.Drawings
6
CONTINUOUS
10
6.1263090944881888
20
-1.1733658267716536
11
6.1290362598425192
21
-1.167367559055118
0
LINE
8
User.Drawings
6
CONTINUOUS
10
6.1290362598425192
20
-1.167367559055118
11
6.1323037795275592
21
-1.1626603937007873
0
LINE
8
User.Drawings
6
CONTINUOUS
10
6.1323037795275592
20
-1.1626603937007873
11
6.1360980708661419
21
-1.1590429921259842
0
LINE
8
User.Drawings
6
CONTINUOUS
10
6.1360980708661419
20
-1.1590429921259842
11
6.1405604330708661
21
-1.1563402755905512
0
LINE
8
User.Drawings
6
CONTINUOUS
10
6.1405604330708661
20
-1.1563402755905512
11
6.145509330708661
21
-1.1547092519685038
0
LINE
8
User.Drawings
6
CONTINUOUS
10
6.145509330708661
20
-1.1547092519685038
11
6.151079566929134
21
-1.1541485433070866
0
LINE
8
User.Drawings
6
CONTINUOUS
10
6.151079566929134
20
-1.1541485433070866
11
6.1563170472440945
21
-1.154617716535433
0
LINE
8
User.Drawings
6
CONTINUOUS
10
6.1470338188976372
20
-1.1641302755905512
11
6.1437654724409452
21
-1.1656096062992125
0
LINE
8
User.Drawings
6
CONTINUOUS
10
6.1437654724409452
20
-1.1656096062992125
11
6.141001771653543
21
-1.1680864566929134
0
LINE
8
User.Drawings
6
CONTINUOUS
10
6.141001771653543
20
-1.1680864566929134
11
6.1386799212598424
21
-1.1717599999999999
0
LINE
8
User.Drawings
6
CONTINUOUS
10
6.1386799212598424
20
-1.1717599999999999
11
6.137142007874016
21
-1.1757663385826771
0
LINE
8
User.Drawings
6
CONTINUOUS
10
6.137142007874016
20
-1.1757663385826771
11
6.1359127952755905
21
-1.1809773622047244
0
LINE
8
User.Drawings
6
CONTINUOUS
10
6.1359127952755905
20
-1.1809773622047244
11
6.1350861417322831
21
-1.1876518110236221
0
LINE
8
User.Drawings
6
CONTINUOUS
10
6.1350861417322831
20
-1.1876518110236221
11
6.134780669291338
21
-1.1960785039370079
0
LINE
8
User.Drawings
6
CONTINUOUS
10
6.134780669291338
20
-1.1960785039370079
11
6.1351114960629918
21
-1.2049848031496062
0
LINE
8
User.Drawings
6
CONTINUOUS
10
6.1351114960629918
20
-1.2049848031496062
11
6.135993779527559
21
-1.2118081102362204
0
LINE
8
User.Drawings
6
CONTINUOUS
10
6.135993779527559
20
-1.2118081102362204
11
6.1372830314960627
21
-1.216931811023622
0
LINE
8
User.Drawings
6
CONTINUOUS
10
6.1372830314960627
20
-1.216931811023622
11
6.1388674409448818
21
-1.2206950787401574
0
LINE
8
User.Drawings
6
CONTINUOUS
10
6.1388674409448818
20
-1.2206950787401574
11
6.1412455118110234
21
-1.2241249212598424
0
LINE
8
User.Drawings
6
CONTINUOUS
10
6.1412455118110234
20
-1.2241249212598424
11
6.1440175196850388
21
-1.2264510629921259
0
LINE
8
User.Drawings
6
CONTINUOUS
10
6.1440175196850388
20
-1.2264510629921259
11
6.1472472047244091
21
-1.2278424409448818
0
LINE
8
User.Drawings
6
CONTINUOUS
10
6.1472472047244091
20
-1.2278424409448818
11
6.151079566929134
21
-1.2283252755905512
0
LINE
8
User.Drawings
6
CONTINUOUS
10
6.151079566929134
20
-1.2283252755905512
11
6.1548302755905508
21
-1.2278516929133858
0
LINE
8
User.Drawings
6
CONTINUOUS
10
6.1548302755905508
20
-1.2278516929133858
11
6.1580135433070868
21
-1.2264830314960629
0
LINE
8
User.Drawings
6
CONTINUOUS
10
6.1580135433070868
20
-1.2264830314960629
11
6.1607672440944876
21
-1.2241888188976378
0
LINE
8
User.Drawings
6
CONTINUOUS
10
6.1607672440944876
20
-1.2241888188976378
11
6.1631522834645667
21
-1.2208008661417322
0
LINE
8
User.Drawings
6
CONTINUOUS
10
6.1631522834645667
20
-1.2208008661417322
11
6.1647331496062989
21
-1.2170939370078739
0
LINE
8
User.Drawings
6
CONTINUOUS
10
6.1647331496062989
20
-1.2170939370078739
11
6.1660323622047244
21
-1.2119317322834646
0
LINE
8
User.Drawings
6
CONTINUOUS
10
6.1660323622047244
20
-1.2119317322834646
11
6.1669292519685035
21
-1.2049283858267716
0
LINE
8
User.Drawings
6
CONTINUOUS
10
6.1669292519685035
20
-1.2049283858267716
11
6.1672678740157476
21
-1.1956457874015747
0
LINE
8
User.Drawings
6
CONTINUOUS
10
6.1672678740157476
20
-1.1956457874015747
11
6.1669167716535433
21
-1.1864468110236219
0
LINE
8
User.Drawings
6
CONTINUOUS
10
6.1669167716535433
20
-1.1864468110236219
11
6.165989015748031
21
-1.1795484645669292
0
LINE
8
User.Drawings
6
CONTINUOUS
10
6.165989015748031
20
-1.1795484645669292
11
6.1646479921259845
21
-1.1744981496062992
0
LINE
8
User.Drawings
6
CONTINUOUS
10
6.1646479921259845
20
-1.1744981496062992
11
6.1630176377952752
21
-1.1708993700787402
0
LINE
8
User.Drawings
6
CONTINUOUS
10
6.1630176377952752
20
-1.1708993700787402
11
6.1605838582677164
21
-1.1676209448818897
0
LINE
8
User.Drawings
6
CONTINUOUS
10
6.1605838582677164
20
-1.1676209448818897
11
6.1578154724409444
21
-1.1653973622047245
0
LINE
8
User.Drawings
6
CONTINUOUS
10
6.1578154724409444
20
-1.1653973622047245
11
6.154652913385827
21
-1.1640723228346457
0
LINE
8
User.Drawings
6
CONTINUOUS
10
6.154652913385827
20
-1.1640723228346457
11
6.1509689763779525
21
-1.1636153543307086
0
LINE
8
User.Drawings
6
CONTINUOUS
10
6.1509689763779525
20
-1.1636153543307086
11
6.1470338188976372
21
-1.1641302755905512
0
LINE
8
User.Drawings
6
CONTINUOUS
10
0.7157820866141732
20
-1.1654760236220472
11
0.7060460236220473
21
-1.1654760236220472
0
LINE
8
User.Drawings
6
CONTINUOUS
10
0.7060460236220473
20
-1.1654760236220472
11
0.7279942125984252
21
-1.2265030708661417
0
LINE
8
User.Drawings
6
CONTINUOUS
10
0.7279942125984252
20
-1.2265030708661417
11
0.7370283070866142
21
-1.2265030708661417
0
LINE
8
User.Drawings
6
CONTINUOUS
10
0.7370283070866142
20
-1.2265030708661417
11
0.7370283070866142
21
-1.2366141732283464
0
LINE
8
User.Drawings
6
CONTINUOUS
10
0.7370283070866142
20
-1.2366141732283464
11
0.7050796456692914
21
-1.2366141732283464
0
LINE
8
User.Drawings
6
CONTINUOUS
10
0.7050796456692914
20
-1.2366141732283464
11
0.7050796456692914
21
-1.2265030708661417
0
LINE
8
User.Drawings
6
CONTINUOUS
10
0.7050796456692914
20
-1.2265030708661417
11
0.7156762992125985
21
-1.2265030708661417
0
LINE
8
User.Drawings
6
CONTINUOUS
10
0.7156762992125985
20
-1.2265030708661417
11
0.7093827165354331
21
-1.2082858267716534
0
LINE
8
User.Drawings
6
CONTINUOUS
10
0.7093827165354331
20
-1.2082858267716534
11
0.6799629921259842
21
-1.2082858267716534
0
LINE
8
User.Drawings
6
CONTINUOUS
10
0.6799629921259842
20
-1.2082858267716534
11
0.6736694094488189
21
-1.2265030708661417
0
LINE
8
User.Drawings
6
CONTINUOUS
10
0.6736694094488189
20
-1.2265030708661417
11
0.6839391732283464
21
-1.2265030708661417
0
LINE
8
User.Drawings
6
CONTINUOUS
10
0.6839391732283464
20
-1.2265030708661417
11
0.6839391732283464
21
-1.2366141732283464
0
LINE
8
User.Drawings
6
CONTINUOUS
10
0.6839391732283464
20
-1.2366141732283464
11
0.651774094488189
21
-1.2366141732283464
0
LINE
8
User.Drawings
6
CONTINUOUS
10
0.651774094488189
20
-1.2366141732283464
11
0.651774094488189
21
-1.2265030708661417
0
LINE
8
User.Drawings
6
CONTINUOUS
10
0.651774094488189
20
-1.2265030708661417
11
0.6615630708661417
21
-1.2265030708661417
0
LINE
8
User.Drawings
6
CONTINUOUS
10
0.6615630708661417
20
-1.2265030708661417
11
0.6714883070866141
21
-1.1987661417322835
0
LINE
8
User.Drawings
6
CONTINUOUS
10
0.6714883070866141
20
-1.1987661417322835
11
0.6834006692913386
21
-1.1654760236220472
0
LINE
8
User.Drawings
6
CONTINUOUS
10
0.6834006692913386
20
-1.1654760236220472
11
0.6736694094488189
21
-1.1654760236220472
0
LINE
8
User.Drawings
6
CONTINUOUS
10
0.6736694094488189
20
-1.1654760236220472
11
0.6736694094488189
21
-1.1556870866141733
0
LINE
8
User.Drawings
6
CONTINUOUS
10
0.6736694094488189
20
-1.1556870866141733
11
0.7157820866141732
21
-1.1556870866141733
0
LINE
8
User.Drawings
6
CONTINUOUS
10
0.7157820866141732
20
-1.1556870866141733
11
0.7157820866141732
21
-1.1654760236220472
0
LINE
8
User.Drawings
6
CONTINUOUS
10
0.6831362204724409
20
-1.1987661417322835
11
0.7061566141732283
21
-1.1987661417322835
0
LINE
8
User.Drawings
6
CONTINUOUS
10
0.7061566141732283
20
-1.1987661417322835
11
0.6949685433070866
21
-1.1654760236220472
0
LINE
8
User.Drawings
6
CONTINUOUS
10
0.6949685433070866
20
-1.1654760236220472
11
0.6945887401574803
21
-1.1654760236220472
0
LINE
8
User.Drawings
6
CONTINUOUS
10
0.6945887401574803
20
-1.1654760236220472
11
0.6831362204724409
21
-1.1987661417322835
0
LINE
8
User.Drawings
6
CONTINUOUS
10
0.7782755511811024
20
-1.2267146062992125
11
0.7887664566929133
21
-1.2267146062992125
0
LINE
8
User.Drawings
6
CONTINUOUS
10
0.7887664566929133
20
-1.2267146062992125
11
0.7887664566929133
21
-1.2366141732283464
0
LINE
8
User.Drawings
6
CONTINUOUS
10
0.7887664566929133
20
-1.2366141732283464
11
0.7560100393700787
21
-1.2366141732283464
0
LINE
8
User.Drawings
6
CONTINUOUS
10
0.7560100393700787
20
-1.2366141732283464
11
0.7560100393700787
21
-1.2267146062992125
0
LINE
8
User.Drawings
6
CONTINUOUS
10
0.7560100393700787
20
-1.2267146062992125
11
0.7671451968503937
21
-1.2267146062992125
0
LINE
8
User.Drawings
6
CONTINUOUS
10
0.7671451968503937
20
-1.2267146062992125
11
0.7671451968503937
21
-1.1653702362204723
0
LINE
8
User.Drawings
6
CONTINUOUS
10
0.7671451968503937
20
-1.1653702362204723
11
0.7560100393700787
21
-1.1653702362204723
0
LINE
8
User.Drawings
6
CONTINUOUS
10
0.7560100393700787
20
-1.1653702362204723
11
0.7560100393700787
21
-1.1556870866141733
0
LINE
8
User.Drawings
6
CONTINUOUS
10
0.7560100393700787
20
-1.1556870866141733
11
0.7782755511811024
21
-1.1556870866141733
0
LINE
8
User.Drawings
6
CONTINUOUS
10
0.7782755511811024
20
-1.1556870866141733
11
0.7782755511811024
21
-1.2267146062992125
0
LINE
8
User.Drawings
6
CONTINUOUS
10
1.0657820866141732
20
-1.1654760236220472
11
1.0560460236220472
21
-1.1654760236220472
0
LINE
8
User.Drawings
6
CONTINUOUS
10
1.0560460236220472
20
-1.1654760236220472
11
1.0779942125984252
21
-1.2265030708661417
0
LINE
8
User.Drawings
6
CONTINUOUS
10
1.0779942125984252
20
-1.2265030708661417
11
1.0870283070866142
21
-1.2265030708661417
0
LINE
8
User.Drawings
6
CONTINUOUS
10
1.0870283070866142
20
-1.2265030708661417
11
1.0870283070866142
21
-1.2366141732283464
0
LINE
8
User.Drawings
6
CONTINUOUS
10
1.0870283070866142
20
-1.2366141732283464
11
1.0550796456692912
21
-1.2366141732283464
0
LINE
8
User.Drawings
6
CONTINUOUS
10
1.0550796456692912
20
-1.2366141732283464
11
1.0550796456692912
21
-1.2265030708661417
0
LINE
8
User.Drawings
6
CONTINUOUS
10
1.0550796456692912
20
-1.2265030708661417
11
1.0656762992125983
21
-1.2265030708661417
0
LINE
8
User.Drawings
6
CONTINUOUS
10
1.0656762992125983
20
-1.2265030708661417
11
1.059382716535433
21
-1.2082858267716534
0
LINE
8
User.Drawings
6
CONTINUOUS
10
1.059382716535433
20
-1.2082858267716534
11
1.0299629921259843
21
-1.2082858267716534
0
LINE
8
User.Drawings
6
CONTINUOUS
10
1.0299629921259843
20
-1.2082858267716534
11
1.0236694094488188
21
-1.2265030708661417
0
LINE
8
User.Drawings
6
CONTINUOUS
10
1.0236694094488188
20
-1.2265030708661417
11
1.0339391732283465
21
-1.2265030708661417
0
LINE
8
User.Drawings
6
CONTINUOUS
10
1.0339391732283465
20
-1.2265030708661417
11
1.0339391732283465
21
-1.2366141732283464
0
LINE
8
User.Drawings
6
CONTINUOUS
10
1.0339391732283465
20
-1.2366141732283464
11
1.001774094488189
21
-1.2366141732283464
0
LINE
8
User.Drawings
6
CONTINUOUS
10
1.001774094488189
20
-1.2366141732283464
11
1.001774094488189
21
-1.2265030708661417
0
LINE
8
User.Drawings
6
CONTINUOUS
10
1.001774094488189
20
-1.2265030708661417
11
1.0115630708661416
21
-1.2265030708661417
0
LINE
8
User.Drawings
6
CONTINUOUS
10
1.0115630708661416
20
-1.2265030708661417
11
1.0214883070866141
21
-1.1987661417322835
0
LINE
8
User.Drawings
6
CONTINUOUS
10
1.0214883070866141
20
-1.1987661417322835
11
1.0334006692913387
21
-1.1654760236220472
0
LINE
8
User.Drawings
6
CONTINUOUS
10
1.0334006692913387
20
-1.1654760236220472
11
1.0236694094488188
21
-1.1654760236220472
0
LINE
8
User.Drawings
6
CONTINUOUS
10
1.0236694094488188
20
-1.1654760236220472
11
1.0236694094488188
21
-1.1556870866141733
0
LINE
8
User.Drawings
6
CONTINUOUS
10
1.0236694094488188
20
-1.1556870866141733
11
1.0657820866141732
21
-1.1556870866141733
0
LINE
8
User.Drawings
6
CONTINUOUS
10
1.0657820866141732
20
-1.1556870866141733
11
1.0657820866141732
21
-1.1654760236220472
0
LINE
8
User.Drawings
6
CONTINUOUS
10
1.033136220472441
20
-1.1987661417322835
11
1.0561566141732284
21
-1.1987661417322835
0
LINE
8
User.Drawings
6
CONTINUOUS
10
1.0561566141732284
20
-1.1987661417322835
11
1.0449685433070866
21
-1.1654760236220472
0
LINE
8
User.Drawings
6
CONTINUOUS
10
1.0449685433070866
20
-1.1654760236220472
11
1.0445887401574803
21
-1.1654760236220472
0
LINE
8
User.Drawings
6
CONTINUOUS
10
1.0445887401574803
20
-1.1654760236220472
11
1.033136220472441
21
-1.1987661417322835
0
LINE
8
User.Drawings
6
CONTINUOUS
10
1.1282755511811022
20
-1.2267146062992125
11
1.1387664566929134
21
-1.2267146062992125
0
LINE
8
User.Drawings
6
CONTINUOUS
10
1.1387664566929134
20
-1.2267146062992125
11
1.1387664566929134
21
-1.2366141732283464
0
LINE
8
User.Drawings
6
CONTINUOUS
10
1.1387664566929134
20
-1.2366141732283464
11
1.1060100393700787
21
-1.2366141732283464
0
LINE
8
User.Drawings
6
CONTINUOUS
10
1.1060100393700787
20
-1.2366141732283464
11
1.1060100393700787
21
-1.2267146062992125
0
LINE
8
User.Drawings
6
CONTINUOUS
10
1.1060100393700787
20
-1.2267146062992125
11
1.1171451968503936
21
-1.2267146062992125
0
LINE
8
User.Drawings
6
CONTINUOUS
10
1.1171451968503936
20
-1.2267146062992125
11
1.1171451968503936
21
-1.1653702362204723
0
LINE
8
User.Drawings
6
CONTINUOUS
10
1.1171451968503936
20
-1.1653702362204723
11
1.1060100393700787
21
-1.1653702362204723
0
LINE
8
User.Drawings
6
CONTINUOUS
10
1.1060100393700787
20
-1.1653702362204723
11
1.1060100393700787
21
-1.1556870866141733
0
LINE
8
User.Drawings
6
CONTINUOUS
10
1.1060100393700787
20
-1.1556870866141733
11
1.1282755511811022
21
-1.1556870866141733
0
LINE
8
User.Drawings
6
CONTINUOUS
10
1.1282755511811022
20
-1.1556870866141733
11
1.1282755511811022
21
-1.2267146062992125
0
LINE
8
User.Drawings
6
CONTINUOUS
10
1.2002358267716535
20
-1.2049202755905513
11
1.2131451181102362
21
-1.2049202755905513
0
LINE
8
User.Drawings
6
CONTINUOUS
10
1.2131451181102362
20
-1.2049202755905513
11
1.2131451181102362
21
-1.2147092125984251
0
LINE
8
User.Drawings
6
CONTINUOUS
10
1.2131451181102362
20
-1.2147092125984251
11
1.2002358267716535
21
-1.2147092125984251
0
LINE
8
User.Drawings
6
CONTINUOUS
10
1.2002358267716535
20
-1.2147092125984251
11
1.2002358267716535
21
-1.2267146062992125
0
LINE
8
User.Drawings
6
CONTINUOUS
10
1.2002358267716535
20
-1.2267146062992125
11
1.2076592913385826
21
-1.2267146062992125
0
LINE
8
User.Drawings
6
CONTINUOUS
10
1.2076592913385826
20
-1.2267146062992125
11
1.2076592913385826
21
-1.2366141732283464
0
LINE
8
User.Drawings
6
CONTINUOUS
10
1.2076592913385826
20
-1.2366141732283464
11
1.1808694881889763
21
-1.2366141732283464
0
LINE
8
User.Drawings
6
CONTINUOUS
10
1.1808694881889763
20
-1.2366141732283464
11
1.1808694881889763
21
-1.2267146062992125
0
LINE
8
User.Drawings
6
CONTINUOUS
10
1.1808694881889763
20
-1.2267146062992125
11
1.1894757086614174
21
-1.2267146062992125
0
LINE
8
User.Drawings
6
CONTINUOUS
10
1.1894757086614174
20
-1.2267146062992125
11
1.1894757086614174
21
-1.2147092125984251
0
LINE
8
User.Drawings
6
CONTINUOUS
10
1.1894757086614174
20
-1.2147092125984251
11
1.1622579921259841
21
-1.2147092125984251
0
LINE
8
User.Drawings
6
CONTINUOUS
10
1.1622579921259841
20
-1.2147092125984251
11
1.1609561417322833
21
-1.2112698425196851
0
LINE
8
User.Drawings
6
CONTINUOUS
10
1.1609561417322833
20
-1.2112698425196851
11
1.1591857874015747
21
-1.2082570472440946
0
LINE
8
User.Drawings
6
CONTINUOUS
10
1.1591857874015747
20
-1.2082570472440946
11
1.1569356299212599
21
-1.2056174409448819
0
LINE
8
User.Drawings
6
CONTINUOUS
10
1.1569356299212599
20
-1.2056174409448819
11
1.1573994488188977
21
-1.2049202755905513
0
LINE
8
User.Drawings
6
CONTINUOUS
10
1.1573994488188977
20
-1.2049202755905513
11
1.1907690157480315
21
-1.1547639370078739
0
LINE
8
User.Drawings
6
CONTINUOUS
10
1.1907690157480315
20
-1.1547639370078739
11
1.2002358267716535
21
-1.1547639370078739
0
LINE
8
User.Drawings
6
CONTINUOUS
10
1.2002358267716535
20
-1.1547639370078739
11
1.2002358267716535
21
-1.2049202755905513
0
LINE
8
User.Drawings
6
CONTINUOUS
10
1.1681765748031496
20
-1.2049202755905513
11
1.1894757086614174
21
-1.2049202755905513
0
LINE
8
User.Drawings
6
CONTINUOUS
10
1.1894757086614174
20
-1.2049202755905513
11
1.1894757086614174
21
-1.1729523622047244
0
LINE
8
User.Drawings
6
CONTINUOUS
10
1.1894757086614174
20
-1.1729523622047244
11
1.1681765748031496
21
-1.2049202755905513
0
LINE
8
User.Drawings
6
CONTINUOUS
10
1.4157820866141733
20
-1.1654760236220472
11
1.4060460236220471
21
-1.1654760236220472
0
LINE
8
User.Drawings
6
CONTINUOUS
10
1.4060460236220471
20
-1.1654760236220472
11
1.4279942125984251
21
-1.2265030708661417
0
LINE
8
User.Drawings
6
CONTINUOUS
10
1.4279942125984251
20
-1.2265030708661417
11
1.4370283070866141
21
-1.2265030708661417
0
LINE
8
User.Drawings
6
CONTINUOUS
10
1.4370283070866141
20
-1.2265030708661417
11
1.4370283070866141
21
-1.2366141732283464
0
LINE
8
User.Drawings
6
CONTINUOUS
10
1.4370283070866141
20
-1.2366141732283464
11
1.4050796456692913
21
-1.2366141732283464
0
LINE
8
User.Drawings
6
CONTINUOUS
10
1.4050796456692913
20
-1.2366141732283464
11
1.4050796456692913
21
-1.2265030708661417
0
LINE
8
User.Drawings
6
CONTINUOUS
10
1.4050796456692913
20
-1.2265030708661417
11
1.4156762992125984
21
-1.2265030708661417
0
LINE
8
User.Drawings
6
CONTINUOUS
10
1.4156762992125984
20
-1.2265030708661417
11
1.4093827165354331
21
-1.2082858267716534
0
LINE
8
User.Drawings
6
CONTINUOUS
10
1.4093827165354331
20
-1.2082858267716534
11
1.3799629921259842
21
-1.2082858267716534
0
LINE
8
User.Drawings
6
CONTINUOUS
10
1.3799629921259842
20
-1.2082858267716534
11
1.3736694094488189
21
-1.2265030708661417
0
LINE
8
User.Drawings
6
CONTINUOUS
10
1.3736694094488189
20
-1.2265030708661417
11
1.3839391732283464
21
-1.2265030708661417
0
LINE
8
User.Drawings
6
CONTINUOUS
10
1.3839391732283464
20
-1.2265030708661417
11
1.3839391732283464
21
-1.2366141732283464
0
LINE
8
User.Drawings
6
CONTINUOUS
10
1.3839391732283464
20
-1.2366141732283464
11
1.3517740944881889
21
-1.2366141732283464
0
LINE
8
User.Drawings
6
CONTINUOUS
10
1.3517740944881889
20
-1.2366141732283464
11
1.3517740944881889
21
-1.2265030708661417
0
LINE
8
User.Drawings
6
CONTINUOUS
10
1.3517740944881889
20
-1.2265030708661417
11
1.3615630708661417
21
-1.2265030708661417
0
LINE
8
User.Drawings
6
CONTINUOUS
10
1.3615630708661417
20
-1.2265030708661417
11
1.3714883070866142
21
-1.1987661417322835
0
LINE
8
User.Drawings
6
CONTINUOUS
10
1.3714883070866142
20
-1.1987661417322835
11
1.3834006692913385
21
-1.1654760236220472
0
LINE
8
User.Drawings
6
CONTINUOUS
10
1.3834006692913385
20
-1.1654760236220472
11
1.3736694094488189
21
-1.1654760236220472
0
LINE
8
User.Drawings
6
CONTINUOUS
10
1.3736694094488189
20
-1.1654760236220472
11
1.3736694094488189
21
-1.1556870866141733
0
LINE
8
User.Drawings
6
CONTINUOUS
10
1.3736694094488189
20
-1.1556870866141733
11
1.4157820866141733
21
-1.1556870866141733
0
LINE
8
User.Drawings
6
CONTINUOUS
10
1.4157820866141733
20
-1.1556870866141733
11
1.4157820866141733
21
-1.1654760236220472
0
LINE
8
User.Drawings
6
CONTINUOUS
10
1.3831362204724409
20
-1.1987661417322835
11
1.4061566141732282
21
-1.1987661417322835
0
LINE
8
User.Drawings
6
CONTINUOUS
10
1.4061566141732282
20
-1.1987661417322835
11
1.3949685433070866
21
-1.1654760236220472
0
LINE
8
User.Drawings
6
CONTINUOUS
10
1.3949685433070866
20
-1.1654760236220472
11
1.3945887401574804
21
-1.1654760236220472
0
LINE
8
User.Drawings
6
CONTINUOUS
10
1.3945887401574804
20
-1.1654760236220472
11
1.3831362204724409
21
-1.1987661417322835
0
LINE
8
User.Drawings
6
CONTINUOUS
10
1.4782755511811023
20
-1.2267146062992125
11
1.4887664566929133
21
-1.2267146062992125
0
LINE
8
User.Drawings
6
CONTINUOUS
10
1.4887664566929133
20
-1.2267146062992125
11
1.4887664566929133
21
-1.2366141732283464
0
LINE
8
User.Drawings
6
CONTINUOUS
10
1.4887664566929133
20
-1.2366141732283464
11
1.4560100393700788
21
-1.2366141732283464
0
LINE
8
User.Drawings
6
CONTINUOUS
10
1.4560100393700788
20
-1.2366141732283464
11
1.4560100393700788
21
-1.2267146062992125
0
LINE
8
User.Drawings
6
CONTINUOUS
10
1.4560100393700788
20
-1.2267146062992125
11
1.4671451968503937
21
-1.2267146062992125
0
LINE
8
User.Drawings
6
CONTINUOUS
10
1.4671451968503937
20
-1.2267146062992125
11
1.4671451968503937
21
-1.1653702362204723
0
LINE
8
User.Drawings
6
CONTINUOUS
10
1.4671451968503937
20
-1.1653702362204723
11
1.4560100393700788
21
-1.1653702362204723
0
LINE
8
User.Drawings
6
CONTINUOUS
10
1.4560100393700788
20
-1.1653702362204723
11
1.4560100393700788
21
-1.1556870866141733
0
LINE
8
User.Drawings
6
CONTINUOUS
10
1.4560100393700788
20
-1.1556870866141733
11
1.4782755511811023
21
-1.1556870866141733
0
LINE
8
User.Drawings
6
CONTINUOUS
10
1.4782755511811023
20
-1.1556870866141733
11
1.4782755511811023
21
-1.2267146062992125
0
LINE
8
User.Drawings
6
CONTINUOUS
10
1.7657820866141731
20
-1.1654760236220472
11
1.7560460236220472
21
-1.1654760236220472
0
LINE
8
User.Drawings
6
CONTINUOUS
10
1.7560460236220472
20
-1.1654760236220472
11
1.7779942125984252
21
-1.2265030708661417
0
LINE
8
User.Drawings
6
CONTINUOUS
10
1.7779942125984252
20
-1.2265030708661417
11
1.7870283070866142
21
-1.2265030708661417
0
LINE
8
User.Drawings
6
CONTINUOUS
10
1.7870283070866142
20
-1.2265030708661417
11
1.7870283070866142
21
-1.2366141732283464
0
LINE
8
User.Drawings
6
CONTINUOUS
10
1.7870283070866142
20
-1.2366141732283464
11
1.7550796456692912
21
-1.2366141732283464
0
LINE
8
User.Drawings
6
CONTINUOUS
10
1.7550796456692912
20
-1.2366141732283464
11
1.7550796456692912
21
-1.2265030708661417
0
LINE
8
User.Drawings
6
CONTINUOUS
10
1.7550796456692912
20
-1.2265030708661417
11
1.7656762992125983
21
-1.2265030708661417
0
LINE
8
User.Drawings
6
CONTINUOUS
10
1.7656762992125983
20
-1.2265030708661417
11
1.759382716535433
21
-1.2082858267716534
0
LINE
8
User.Drawings
6
CONTINUOUS
10
1.759382716535433
20
-1.2082858267716534
11
1.7299629921259843
21
-1.2082858267716534
0
LINE
8
User.Drawings
6
CONTINUOUS
10
1.7299629921259843
20
-1.2082858267716534
11
1.723669409448819
21
-1.2265030708661417
0
LINE
8
User.Drawings
6
CONTINUOUS
10
1.723669409448819
20
-1.2265030708661417
11
1.7339391732283465
21
-1.2265030708661417
0
LINE
8
User.Drawings
6
CONTINUOUS
10
1.7339391732283465
20
-1.2265030708661417
11
1.7339391732283465
21
-1.2366141732283464
0
LINE
8
User.Drawings
6
CONTINUOUS
10
1.7339391732283465
20
-1.2366141732283464
11
1.7017740944881889
21
-1.2366141732283464
0
LINE
8
User.Drawings
6
CONTINUOUS
10
1.7017740944881889
20
-1.2366141732283464
11
1.7017740944881889
21
-1.2265030708661417
0
LINE
8
User.Drawings
6
CONTINUOUS
10
1.7017740944881889
20
-1.2265030708661417
11
1.7115630708661418
21
-1.2265030708661417
0
LINE
8
User.Drawings
6
CONTINUOUS
10
1.7115630708661418
20
-1.2265030708661417
11
1.721488307086614
21
-1.1987661417322835
0
LINE
8
User.Drawings
6
CONTINUOUS
10
1.721488307086614
20
-1.1987661417322835
11
1.7334006692913386
21
-1.1654760236220472
0
LINE
8
User.Drawings
6
CONTINUOUS
10
1.7334006692913386
20
-1.1654760236220472
11
1.723669409448819
21
-1.1654760236220472
0
LINE
8
User.Drawings
6
CONTINUOUS
10
1.723669409448819
20
-1.1654760236220472
11
1.723669409448819
21
-1.1556870866141733
0
LINE
8
User.Drawings
6
CONTINUOUS
10
1.723669409448819
20
-1.1556870866141733
11
1.7657820866141731
21
-1.1556870866141733
0
LINE
8
User.Drawings
6
CONTINUOUS
10
1.7657820866141731
20
-1.1556870866141733
11
1.7657820866141731
21
-1.1654760236220472
0
LINE
8
User.Drawings
6
CONTINUOUS
10
1.733136220472441
20
-1.1987661417322835
11
1.7561566141732283
21
-1.1987661417322835
0
LINE
8
User.Drawings
6
CONTINUOUS
10
1.7561566141732283
20
-1.1987661417322835
11
1.7449685433070865
21
-1.1654760236220472
0
LINE
8
User.Drawings
6
CONTINUOUS
10
1.7449685433070865
20
-1.1654760236220472
11
1.7445887401574802
21
-1.1654760236220472
0
LINE
8
User.Drawings
6
CONTINUOUS
10
1.7445887401574802
20
-1.1654760236220472
11
1.733136220472441
21
-1.1987661417322835
0
LINE
8
User.Drawings
6
CONTINUOUS
10
1.8282755511811024
20
-1.2267146062992125
11
1.8387664566929134
21
-1.2267146062992125
0
LINE
8
User.Drawings
6
CONTINUOUS
10
1.8387664566929134
20
-1.2267146062992125
11
1.8387664566929134
21
-1.2366141732283464
0
LINE
8
User.Drawings
6
CONTINUOUS
10
1.8387664566929134
20
-1.2366141732283464
11
1.8060100393700786
21
-1.2366141732283464
0
LINE
8
User.Drawings
6
CONTINUOUS
10
1.8060100393700786
20
-1.2366141732283464
11
1.8060100393700786
21
-1.2267146062992125
0
LINE
8
User.Drawings
6
CONTINUOUS
10
1.8060100393700786
20
-1.2267146062992125
11
1.8171451968503936
21
-1.2267146062992125
0
LINE
8
User.Drawings
6
CONTINUOUS
10
1.8171451968503936
20
-1.2267146062992125
11
1.8171451968503936
21
-1.1653702362204723
0
LINE
8
User.Drawings
6
CONTINUOUS
10
1.8171451968503936
20
-1.1653702362204723
11
1.8060100393700786
21
-1.1653702362204723
0
LINE
8
User.Drawings
6
CONTINUOUS
10
1.8060100393700786
20
-1.1653702362204723
11
1.8060100393700786
21
-1.1556870866141733
0
LINE
8
User.Drawings
6
CONTINUOUS
10
1.8060100393700786
20
-1.1556870866141733
11
1.8282755511811024
21
-1.1556870866141733
0
LINE
8
User.Drawings
6
CONTINUOUS
10
1.8282755511811024
20
-1.1556870866141733
11
1.8282755511811024
21
-1.2267146062992125
0
LINE
8
User.Drawings
6
CONTINUOUS
10
1.8909826377952756
20
-1.1545255905511811
11
1.8954861023622047
21
-1.1555827952755906
0
LINE
8
User.Drawings
6
CONTINUOUS
10
1.8954861023622047
20
-1.1555827952755906
11
1.8992646456692912
21
-1.1572448425196851
0
LINE
8
User.Drawings
6
CONTINUOUS
10
1.8992646456692912
20
-1.1572448425196851
11
1.9026736614173227
21
-1.15957
0
LINE
8
User.Drawings
6
CONTINUOUS
10
1.9026736614173227
20
-1.15957
11
1.9053818503937008
21
-1.1622620078740158
0
LINE
8
User.Drawings
6
CONTINUOUS
10
1.9053818503937008
20
-1.1622620078740158
11
1.9074669685039369
21
-1.165346220472441
0
LINE
8
User.Drawings
6
CONTINUOUS
10
1.9074669685039369
20
-1.165346220472441
11
1.9089727952755906
21
-1.16876937007874
0
LINE
8
User.Drawings
6
CONTINUOUS
10
1.9089727952755906
20
-1.16876937007874
11
1.9098772440944882
21
-1.1723774803149607
0
LINE
8
User.Drawings
6
CONTINUOUS
10
1.9098772440944882
20
-1.1723774803149607
11
1.9101834645669291
21
-1.1762217322834645
0
LINE
8
User.Drawings
6
CONTINUOUS
10
1.9101834645669291
20
-1.1762217322834645
11
1.909782125984252
21
-1.1806719685039371
0
LINE
8
User.Drawings
6
CONTINUOUS
10
1.909782125984252
20
-1.1806719685039371
11
1.9086197244094487
21
-1.1846237795275589
0
LINE
8
User.Drawings
6
CONTINUOUS
10
1.9086197244094487
20
-1.1846237795275589
11
1.9067121259842519
21
-1.1881742519685039
0
LINE
8
User.Drawings
6
CONTINUOUS
10
1.9067121259842519
20
-1.1881742519685039
11
1.9041496062992125
21
-1.1913677165354331
0
LINE
8
User.Drawings
6
CONTINUOUS
10
1.9041496062992125
20
-1.1913677165354331
11
1.9001822440944882
21
-1.1952028740157481
0
LINE
8
User.Drawings
6
CONTINUOUS
10
1.9001822440944882
20
-1.1952028740157481
11
1.8944230708661416
21
-1.199799842519685
0
LINE
8
User.Drawings
6
CONTINUOUS
10
1.8944230708661416
20
-1.199799842519685
11
1.8892641338582676
21
-1.2036750393700788
0
LINE
8
User.Drawings
6
CONTINUOUS
10
1.8892641338582676
20
-1.2036750393700788
11
1.8793886614173227
21
-1.2115359842519684
0
LINE
8
User.Drawings
6
CONTINUOUS
10
1.8793886614173227
20
-1.2115359842519684
11
1.8761557874015748
21
-1.2147273228346456
0
LINE
8
User.Drawings
6
CONTINUOUS
10
1.8761557874015748
20
-1.2147273228346456
11
1.8734460629921259
21
-1.2182094094488189
0
LINE
8
User.Drawings
6
CONTINUOUS
10
1.8734460629921259
20
-1.2182094094488189
11
1.8713733464566928
21
-1.2220625590551182
0
LINE
8
User.Drawings
6
CONTINUOUS
10
1.8713733464566928
20
-1.2220625590551182
11
1.8700612598425197
21
-1.2263924803149606
0
LINE
8
User.Drawings
6
CONTINUOUS
10
1.8700612598425197
20
-1.2263924803149606
11
1.9005579921259843
21
-1.2263924803149606
0
LINE
8
User.Drawings
6
CONTINUOUS
10
1.9005579921259843
20
-1.2263924803149606
11
1.9010435826771652
21
-1.2076896456692914
0
LINE
8
User.Drawings
6
CONTINUOUS
10
1.9010435826771652
20
-1.2076896456692914
11
1.9108325196850393
21
-1.2076896456692914
0
LINE
8
User.Drawings
6
CONTINUOUS
10
1.9108325196850393
20
-1.2076896456692914
11
1.9101834645669291
21
-1.2366141732283464
0
LINE
8
User.Drawings
6
CONTINUOUS
10
1.9101834645669291
20
-1.2366141732283464
11
1.8582818503937006
21
-1.2366141732283464
0
LINE
8
User.Drawings
6
CONTINUOUS
10
1.8582818503937006
20
-1.2366141732283464
11
1.8587379921259841
21
-1.2300758661417324
0
LINE
8
User.Drawings
6
CONTINUOUS
10
1.8587379921259841
20
-1.2300758661417324
11
1.8598974803149606
21
-1.2243829921259841
0
LINE
8
User.Drawings
6
CONTINUOUS
10
1.8598974803149606
20
-1.2243829921259841
11
1.8616954724409449
21
-1.2194161811023623
0
LINE
8
User.Drawings
6
CONTINUOUS
10
1.8616954724409449
20
-1.2194161811023623
11
1.8641267716535432
21
-1.2146880314960629
0
LINE
8
User.Drawings
6
CONTINUOUS
10
1.8641267716535432
20
-1.2146880314960629
11
1.8667568110236219
21
-1.2107046850393701
0
LINE
8
User.Drawings
6
CONTINUOUS
10
1.8667568110236219
20
-1.2107046850393701
11
1.8695756692913386
21
-1.2073819291338583
0
LINE
8
User.Drawings
6
CONTINUOUS
10
1.8695756692913386
20
-1.2073819291338583
11
1.8744611811023622
21
-1.2027441338582676
0
LINE
8
User.Drawings
6
CONTINUOUS
10
1.8744611811023622
20
-1.2027441338582676
11
1.8805473622047244
21
-1.1977997244094487
0
LINE
8
User.Drawings
6
CONTINUOUS
10
1.8805473622047244
20
-1.1977997244094487
11
1.8885622047244095
21
-1.1917177165354331
0
LINE
8
User.Drawings
6
CONTINUOUS
10
1.8885622047244095
20
-1.1917177165354331
11
1.893540275590551
21
-1.1875861417322835
0
LINE
8
User.Drawings
6
CONTINUOUS
10
1.893540275590551
20
-1.1875861417322835
11
1.8963077559055117
21
-1.1843135039370078
0
LINE
8
User.Drawings
6
CONTINUOUS
10
1.8963077559055117
20
-1.1843135039370078
11
1.8979535039370079
21
-1.1807448425196849
0
LINE
8
User.Drawings
6
CONTINUOUS
10
1.8979535039370079
20
-1.1807448425196849
11
1.8985146062992126
21
-1.1766400393700787
0
LINE
8
User.Drawings
6
CONTINUOUS
10
1.8985146062992126
20
-1.1766400393700787
11
1.8980883464566929
21
-1.172731811023622
0
LINE
8
User.Drawings
6
CONTINUOUS
10
1.8980883464566929
20
-1.172731811023622
11
1.8968991338582677
21
-1.1696253543307087
0
LINE
8
User.Drawings
6
CONTINUOUS
10
1.8968991338582677
20
-1.1696253543307087
11
1.8949903937007873
21
-1.1671395669291338
0
LINE
8
User.Drawings
6
CONTINUOUS
10
1.8949903937007873
20
-1.1671395669291338
11
1.8924461023622048
21
-1.165293031496063
0
LINE
8
User.Drawings
6
CONTINUOUS
10
1.8924461023622048
20
-1.165293031496063
11
1.8892701968503938
21
-1.1641363779527558
0
LINE
8
User.Drawings
6
CONTINUOUS
10
1.8892701968503938
20
-1.1641363779527558
11
1.8852831889763779
21
-1.1637211417322835
0
LINE
8
User.Drawings
6
CONTINUOUS
10
1.8852831889763779
20
-1.1637211417322835
11
1.8813179133858267
21
-1.1640685826771653
0
LINE
8
User.Drawings
6
CONTINUOUS
10
1.8813179133858267
20
-1.1640685826771653
11
1.8782742125984251
21
-1.1650135433070865
0
LINE
8
User.Drawings
6
CONTINUOUS
10
1.8782742125984251
20
-1.1650135433070865
11
1.8759486220472441
21
-1.1664697244094488
0
LINE
8
User.Drawings
6
CONTINUOUS
10
1.8759486220472441
20
-1.1664697244094488
11
1.874200905511811
21
-1.1684377165354329
0
LINE
8
User.Drawings
6
CONTINUOUS
10
1.874200905511811
20
-1.1684377165354329
11
1.8726044094488188
21
-1.1717509842519684
0
LINE
8
User.Drawings
6
CONTINUOUS
10
1.8726044094488188
20
-1.1717509842519684
11
1.8715026377952755
21
-1.176482716535433
0
LINE
8
User.Drawings
6
CONTINUOUS
10
1.8715026377952755
20
-1.176482716535433
11
1.8710805511811024
21
-1.1830778346456692
0
LINE
8
User.Drawings
6
CONTINUOUS
10
1.8710805511811024
20
-1.1830778346456692
11
1.8710805511811024
21
-1.185842401574803
0
LINE
8
User.Drawings
6
CONTINUOUS
10
1.8710805511811024
20
-1.185842401574803
11
1.8603781102362205
21
-1.185842401574803
0
LINE
8
User.Drawings
6
CONTINUOUS
10
1.8603781102362205
20
-1.185842401574803
11
1.8603781102362205
21
-1.1827076377952757
0
LINE
8
User.Drawings
6
CONTINUOUS
10
1.8603781102362205
20
-1.1827076377952757
11
1.8607889763779528
21
-1.1761228740157481
0
LINE
8
User.Drawings
6
CONTINUOUS
10
1.8607889763779528
20
-1.1761228740157481
11
1.861933622047244
21
-1.1706555905511811
0
LINE
8
User.Drawings
6
CONTINUOUS
10
1.861933622047244
20
-1.1706555905511811
11
1.8637136614173229
21
-1.166122125984252
0
LINE
8
User.Drawings
6
CONTINUOUS
10
1.8637136614173229
20
-1.166122125984252
11
1.86608031496063
21
-1.1623700787401574
0
LINE
8
User.Drawings
6
CONTINUOUS
10
1.86608031496063
20
-1.1623700787401574
11
1.8685488188976378
21
-1.1597754330708661
0
LINE
8
User.Drawings
6
CONTINUOUS
10
1.8685488188976378
20
-1.1597754330708661
11
1.8712643700787401
21
-1.1577151968503936
0
LINE
8
User.Drawings
6
CONTINUOUS
10
1.8712643700787401
20
-1.1577151968503936
11
1.8742537795275591
21
-1.1561486220472441
0
LINE
8
User.Drawings
6
CONTINUOUS
10
1.8742537795275591
20
-1.1561486220472441
11
1.8792765354330707
21
-1.1546814173228346
0
LINE
8
User.Drawings
6
CONTINUOUS
10
1.8792765354330707
20
-1.1546814173228346
11
1.8856053149606298
21
-1.1541485433070866
0
LINE
8
User.Drawings
6
CONTINUOUS
10
1.8856053149606298
20
-1.1541485433070866
11
1.8909826377952756
21
-1.1545255905511811
0
LINE
8
User.Drawings
6
CONTINUOUS
10
2.115782086614173
20
-1.1654760236220472
11
2.1060460236220471
21
-1.1654760236220472
0
LINE
8
User.Drawings
6
CONTINUOUS
10
2.1060460236220471
20
-1.1654760236220472
11
2.1279942125984252
21
-1.2265030708661417
0
LINE
8
User.Drawings
6
CONTINUOUS
10
2.1279942125984252
20
-1.2265030708661417
11
2.1370283070866143
21
-1.2265030708661417
0
LINE
8
User.Drawings
6
CONTINUOUS
10
2.1370283070866143
20
-1.2265030708661417
11
2.1370283070866143
21
-1.2366141732283464
0
LINE
8
User.Drawings
6
CONTINUOUS
10
2.1370283070866143
20
-1.2366141732283464
11
2.1050796456692913
21
-1.2366141732283464
0
LINE
8
User.Drawings
6
CONTINUOUS
10
2.1050796456692913
20
-1.2366141732283464
11
2.1050796456692913
21
-1.2265030708661417
0
LINE
8
User.Drawings
6
CONTINUOUS
10
2.1050796456692913
20
-1.2265030708661417
11
2.1156762992125984
21
-1.2265030708661417
0
LINE
8
User.Drawings
6
CONTINUOUS
10
2.1156762992125984
20
-1.2265030708661417
11
2.1093827165354329
21
-1.2082858267716534
0
LINE
8
User.Drawings
6
CONTINUOUS
10
2.1093827165354329
20
-1.2082858267716534
11
2.0799629921259841
21
-1.2082858267716534
0
LINE
8
User.Drawings
6
CONTINUOUS
10
2.0799629921259841
20
-1.2082858267716534
11
2.0736694094488191
21
-1.2265030708661417
0
LINE
8
User.Drawings
6
CONTINUOUS
10
2.0736694094488191
20
-1.2265030708661417
11
2.0839391732283463
21
-1.2265030708661417
0
LINE
8
User.Drawings
6
CONTINUOUS
10
2.0839391732283463
20
-1.2265030708661417
11
2.0839391732283463
21
-1.2366141732283464
0
LINE
8
User.Drawings
6
CONTINUOUS
10
2.0839391732283463
20
-1.2366141732283464
11
2.0517740944881888
21
-1.2366141732283464
0
LINE
8
User.Drawings
6
CONTINUOUS
10
2.0517740944881888
20
-1.2366141732283464
11
2.0517740944881888
21
-1.2265030708661417
0
LINE
8
User.Drawings
6
CONTINUOUS
10
2.0517740944881888
20
-1.2265030708661417
11
2.0615630708661419
21
-1.2265030708661417
0
LINE
8
User.Drawings
6
CONTINUOUS
10
2.0615630708661419
20
-1.2265030708661417
11
2.0714883070866139
21
-1.1987661417322835
0
LINE
8
User.Drawings
6
CONTINUOUS
10
2.0714883070866139
20
-1.1987661417322835
11
2.0834006692913385
21
-1.1654760236220472
0
LINE
8
User.Drawings
6
CONTINUOUS
10
2.0834006692913385
20
-1.1654760236220472
11
2.0736694094488191
21
-1.1654760236220472
0
LINE
8
User.Drawings
6
CONTINUOUS
10
2.0736694094488191
20
-1.1654760236220472
11
2.0736694094488191
21
-1.1556870866141733
0
LINE
8
User.Drawings
6
CONTINUOUS
10
2.0736694094488191
20
-1.1556870866141733
11
2.115782086614173
21
-1.1556870866141733
0
LINE
8
User.Drawings
6
CONTINUOUS
10
2.115782086614173
20
-1.1556870866141733
11
2.115782086614173
21
-1.1654760236220472
0
LINE
8
User.Drawings
6
CONTINUOUS
10
2.0831362204724408
20
-1.1987661417322835
11
2.1061566141732282
21
-1.1987661417322835
0
LINE
8
User.Drawings
6
CONTINUOUS
10
2.1061566141732282
20
-1.1987661417322835
11
2.0949685433070866
21
-1.1654760236220472
0
LINE
8
User.Drawings
6
CONTINUOUS
10
2.0949685433070866
20
-1.1654760236220472
11
2.0945887401574801
21
-1.1654760236220472
0
LINE
8
User.Drawings
6
CONTINUOUS
10
2.0945887401574801
20
-1.1654760236220472
11
2.0831362204724408
21
-1.1987661417322835
0
LINE
8
User.Drawings
6
CONTINUOUS
10
2.1782755511811023
20
-1.2267146062992125
11
2.1887664566929135
21
-1.2267146062992125
0
LINE
8
User.Drawings
6
CONTINUOUS
10
2.1887664566929135
20
-1.2267146062992125
11
2.1887664566929135
21
-1.2366141732283464
0
LINE
8
User.Drawings
6
CONTINUOUS
10
2.1887664566929135
20
-1.2366141732283464
11
2.1560100393700785
21
-1.2366141732283464
0
LINE
8
User.Drawings
6
CONTINUOUS
10
2.1560100393700785
20
-1.2366141732283464
11
2.1560100393700785
21
-1.2267146062992125
0
LINE
8
User.Drawings
6
CONTINUOUS
10
2.1560100393700785
20
-1.2267146062992125
11
2.1671451968503939
21
-1.2267146062992125
0
LINE
8
User.Drawings
6
CONTINUOUS
10
2.1671451968503939
20
-1.2267146062992125
11
2.1671451968503939
21
-1.1653702362204723
0
LINE
8
User.Drawings
6
CONTINUOUS
10
2.1671451968503939
20
-1.1653702362204723
11
2.1560100393700785
21
-1.1653702362204723
0
LINE
8
User.Drawings
6
CONTINUOUS
10
2.1560100393700785
20
-1.1653702362204723
11
2.1560100393700785
21
-1.1556870866141733
0
LINE
8
User.Drawings
6
CONTINUOUS
10
2.1560100393700785
20
-1.1556870866141733
11
2.1782755511811023
21
-1.1556870866141733
0
LINE
8
User.Drawings
6
CONTINUOUS
10
2.1782755511811023
20
-1.1556870866141733
11
2.1782755511811023
21
-1.2267146062992125
0
LINE
8
User.Drawings
6
CONTINUOUS
10
2.242971062992126
20
-1.2267146062992125
11
2.2534619685039368
21
-1.2267146062992125
0
LINE
8
User.Drawings
6
CONTINUOUS
10
2.2534619685039368
20
-1.2267146062992125
11
2.2534619685039368
21
-1.2366141732283464
0
LINE
8
User.Drawings
6
CONTINUOUS
10
2.2534619685039368
20
-1.2366141732283464
11
2.2207055511811022
21
-1.2366141732283464
0
LINE
8
User.Drawings
6
CONTINUOUS
10
2.2207055511811022
20
-1.2366141732283464
11
2.2207055511811022
21
-1.2267146062992125
0
LINE
8
User.Drawings
6
CONTINUOUS
10
2.2207055511811022
20
-1.2267146062992125
11
2.2318407086614171
21
-1.2267146062992125
0
LINE
8
User.Drawings
6
CONTINUOUS
10
2.2318407086614171
20
-1.2267146062992125
11
2.2318407086614171
21
-1.1653702362204723
0
LINE
8
User.Drawings
6
CONTINUOUS
10
2.2318407086614171
20
-1.1653702362204723
11
2.2207055511811022
21
-1.1653702362204723
0
LINE
8
User.Drawings
6
CONTINUOUS
10
2.2207055511811022
20
-1.1653702362204723
11
2.2207055511811022
21
-1.1556870866141733
0
LINE
8
User.Drawings
6
CONTINUOUS
10
2.2207055511811022
20
-1.1556870866141733
11
2.242971062992126
21
-1.1556870866141733
0
LINE
8
User.Drawings
6
CONTINUOUS
10
2.242971062992126
20
-1.1556870866141733
11
2.242971062992126
21
-1.2267146062992125
0
LINE
8
User.Drawings
6
CONTINUOUS
10
2.4657820866141731
20
-1.1654760236220472
11
2.4560460236220472
21
-1.1654760236220472
0
LINE
8
User.Drawings
6
CONTINUOUS
10
2.4560460236220472
20
-1.1654760236220472
11
2.4779942125984253
21
-1.2265030708661417
0
LINE
8
User.Drawings
6
CONTINUOUS
10
2.4779942125984253
20
-1.2265030708661417
11
2.4870283070866139
21
-1.2265030708661417
0
LINE
8
User.Drawings
6
CONTINUOUS
10
2.4870283070866139
20
-1.2265030708661417
11
2.4870283070866139
21
-1.2366141732283464
0
LINE
8
User.Drawings
6
CONTINUOUS
10
2.4870283070866139
20
-1.2366141732283464
11
2.4550796456692914
21
-1.2366141732283464
0
LINE
8
User.Drawings
6
CONTINUOUS
10
2.4550796456692914
20
-1.2366141732283464
11
2.4550796456692914
21
-1.2265030708661417
0
LINE
8
User.Drawings
6
CONTINUOUS
10
2.4550796456692914
20
-1.2265030708661417
11
2.4656762992125985
21
-1.2265030708661417
0
LINE
8
User.Drawings
6
CONTINUOUS
10
2.4656762992125985
20
-1.2265030708661417
11
2.4593827165354329
21
-1.2082858267716534
0
LINE
8
User.Drawings
6
CONTINUOUS
10
2.4593827165354329
20
-1.2082858267716534
11
2.4299629921259842
21
-1.2082858267716534
0
LINE
8
User.Drawings
6
CONTINUOUS
10
2.4299629921259842
20
-1.2082858267716534
11
2.4236694094488187
21
-1.2265030708661417
0
LINE
8
User.Drawings
6
CONTINUOUS
10
2.4236694094488187
20
-1.2265030708661417
11
2.4339391732283464
21
-1.2265030708661417
0
LINE
8
User.Drawings
6
CONTINUOUS
10
2.4339391732283464
20
-1.2265030708661417
11
2.4339391732283464
21
-1.2366141732283464
0
LINE
8
User.Drawings
6
CONTINUOUS
10
2.4339391732283464
20
-1.2366141732283464
11
2.4017740944881889
21
-1.2366141732283464
0
LINE
8
User.Drawings
6
CONTINUOUS
10
2.4017740944881889
20
-1.2366141732283464
11
2.4017740944881889
21
-1.2265030708661417
0
LINE
8
User.Drawings
6
CONTINUOUS
10
2.4017740944881889
20
-1.2265030708661417
11
2.4115630708661415
21
-1.2265030708661417
0
LINE
8
User.Drawings
6
CONTINUOUS
10
2.4115630708661415
20
-1.2265030708661417
11
2.421488307086614
21
-1.1987661417322835
0
LINE
8
User.Drawings
6
CONTINUOUS
10
2.421488307086614
20
-1.1987661417322835
11
2.4334006692913386
21
-1.1654760236220472
0
LINE
8
User.Drawings
6
CONTINUOUS
10
2.4334006692913386
20
-1.1654760236220472
11
2.4236694094488187
21
-1.1654760236220472
0
LINE
8
User.Drawings
6
CONTINUOUS
10
2.4236694094488187
20
-1.1654760236220472
11
2.4236694094488187
21
-1.1556870866141733
0
LINE
8
User.Drawings
6
CONTINUOUS
10
2.4236694094488187
20
-1.1556870866141733
11
2.4657820866141731
21
-1.1556870866141733
0
LINE
8
User.Drawings
6
CONTINUOUS
10
2.4657820866141731
20
-1.1556870866141733
11
2.4657820866141731
21
-1.1654760236220472
0
LINE
8
User.Drawings
6
CONTINUOUS
10
2.4331362204724409
20
-1.1987661417322835
11
2.4561566141732283
21
-1.1987661417322835
0
LINE
8
User.Drawings
6
CONTINUOUS
10
2.4561566141732283
20
-1.1987661417322835
11
2.4449685433070867
21
-1.1654760236220472
0
LINE
8
User.Drawings
6
CONTINUOUS
10
2.4449685433070867
20
-1.1654760236220472
11
2.4445887401574802
21
-1.1654760236220472
0
LINE
8
User.Drawings
6
CONTINUOUS
10
2.4445887401574802
20
-1.1654760236220472
11
2.4331362204724409
21
-1.1987661417322835
0
LINE
8
User.Drawings
6
CONTINUOUS
10
2.5282755511811024
20
-1.2267146062992125
11
2.5387664566929131
21
-1.2267146062992125
0
LINE
8
User.Drawings
6
CONTINUOUS
10
2.5387664566929131
20
-1.2267146062992125
11
2.5387664566929131
21
-1.2366141732283464
0
LINE
8
User.Drawings
6
CONTINUOUS
10
2.5387664566929131
20
-1.2366141732283464
11
2.5060100393700786
21
-1.2366141732283464
0
LINE
8
User.Drawings
6
CONTINUOUS
10
2.5060100393700786
20
-1.2366141732283464
11
2.5060100393700786
21
-1.2267146062992125
0
LINE
8
User.Drawings
6
CONTINUOUS
10
2.5060100393700786
20
-1.2267146062992125
11
2.5171451968503935
21
-1.2267146062992125
0
LINE
8
User.Drawings
6
CONTINUOUS
10
2.5171451968503935
20
-1.2267146062992125
11
2.5171451968503935
21
-1.1653702362204723
0
LINE
8
User.Drawings
6
CONTINUOUS
10
2.5171451968503935
20
-1.1653702362204723
11
2.5060100393700786
21
-1.1653702362204723
0
LINE
8
User.Drawings
6
CONTINUOUS
10
2.5060100393700786
20
-1.1653702362204723
11
2.5060100393700786
21
-1.1556870866141733
0
LINE
8
User.Drawings
6
CONTINUOUS
10
2.5060100393700786
20
-1.1556870866141733
11
2.5282755511811024
21
-1.1556870866141733
0
LINE
8
User.Drawings
6
CONTINUOUS
10
2.5282755511811024
20
-1.1556870866141733
11
2.5282755511811024
21
-1.2267146062992125
0
LINE
8
User.Drawings
6
CONTINUOUS
10
2.8456297244094486
20
-1.1654760236220472
11
2.8358936614173227
21
-1.1654760236220472
0
LINE
8
User.Drawings
6
CONTINUOUS
10
2.8358936614173227
20
-1.1654760236220472
11
2.8578418503937009
21
-1.2265030708661417
0
LINE
8
User.Drawings
6
CONTINUOUS
10
2.8578418503937009
20
-1.2265030708661417
11
2.8668759448818899
21
-1.2265030708661417
0
LINE
8
User.Drawings
6
CONTINUOUS
10
2.8668759448818899
20
-1.2265030708661417
11
2.8668759448818899
21
-1.2366141732283464
0
LINE
8
User.Drawings
6
CONTINUOUS
10
2.8668759448818899
20
-1.2366141732283464
11
2.8349272440944882
21
-1.2366141732283464
0
LINE
8
User.Drawings
6
CONTINUOUS
10
2.8349272440944882
20
-1.2366141732283464
11
2.8349272440944882
21
-1.2265030708661417
0
LINE
8
User.Drawings
6
CONTINUOUS
10
2.8349272440944882
20
-1.2265030708661417
11
2.845523937007874
21
-1.2265030708661417
0
LINE
8
User.Drawings
6
CONTINUOUS
10
2.845523937007874
20
-1.2265030708661417
11
2.8392303543307085
21
-1.2082858267716534
0
LINE
8
User.Drawings
6
CONTINUOUS
10
2.8392303543307085
20
-1.2082858267716534
11
2.8098106299212597
21
-1.2082858267716534
0
LINE
8
User.Drawings
6
CONTINUOUS
10
2.8098106299212597
20
-1.2082858267716534
11
2.8035170472440942
21
-1.2265030708661417
0
LINE
8
User.Drawings
6
CONTINUOUS
10
2.8035170472440942
20
-1.2265030708661417
11
2.8137867716535432
21
-1.2265030708661417
0
LINE
8
User.Drawings
6
CONTINUOUS
10
2.8137867716535432
20
-1.2265030708661417
11
2.8137867716535432
21
-1.2366141732283464
0
LINE
8
User.Drawings
6
CONTINUOUS
10
2.8137867716535432
20
-1.2366141732283464
11
2.7816217322834644
21
-1.2366141732283464
0
LINE
8
User.Drawings
6
CONTINUOUS
10
2.7816217322834644
20
-1.2366141732283464
11
2.7816217322834644
21
-1.2265030708661417
0
LINE
8
User.Drawings
6
CONTINUOUS
10
2.7816217322834644
20
-1.2265030708661417
11
2.7914106692913383
21
-1.2265030708661417
0
LINE
8
User.Drawings
6
CONTINUOUS
10
2.7914106692913383
20
-1.2265030708661417
11
2.8013359055118108
21
-1.1987661417322835
0
LINE
8
User.Drawings
6
CONTINUOUS
10
2.8013359055118108
20
-1.1987661417322835
11
2.8132483070866141
21
-1.1654760236220472
0
LINE
8
User.Drawings
6
CONTINUOUS
10
2.8132483070866141
20
-1.1654760236220472
11
2.8035170472440942
21
-1.1654760236220472
0
LINE
8
User.Drawings
6
CONTINUOUS
10
2.8035170472440942
20
-1.1654760236220472
11
2.8035170472440942
21
-1.1556870866141733
0
LINE
8
User.Drawings
6
CONTINUOUS
10
2.8035170472440942
20
-1.1556870866141733
11
2.8456297244094486
21
-1.1556870866141733
0
LINE
8
User.Drawings
6
CONTINUOUS
10
2.8456297244094486
20
-1.1556870866141733
11
2.8456297244094486
21
-1.1654760236220472
0
LINE
8
User.Drawings
6
CONTINUOUS
10
2.8129838582677165
20
-1.1987661417322835
11
2.8360042519685038
21
-1.1987661417322835
0
LINE
8
User.Drawings
6
CONTINUOUS
10
2.8360042519685038
20
-1.1987661417322835
11
2.8248161811023622
21
-1.1654760236220472
0
LINE
8
User.Drawings
6
CONTINUOUS
10
2.8248161811023622
20
-1.1654760236220472
11
2.824436338582677
21
-1.1654760236220472
0
LINE
8
User.Drawings
6
CONTINUOUS
10
2.824436338582677
20
-1.1654760236220472
11
2.8129838582677165
21
-1.1987661417322835
0
LINE
8
User.Drawings
6
CONTINUOUS
10
3.1956297244094487
20
-1.1654760236220472
11
3.1858936614173228
21
-1.1654760236220472
0
LINE
8
User.Drawings
6
CONTINUOUS
10
3.1858936614173228
20
-1.1654760236220472
11
3.2078418503937005
21
-1.2265030708661417
0
LINE
8
User.Drawings
6
CONTINUOUS
10
3.2078418503937005
20
-1.2265030708661417
11
3.2168759448818895
21
-1.2265030708661417
0
LINE
8
User.Drawings
6
CONTINUOUS
10
3.2168759448818895
20
-1.2265030708661417
11
3.2168759448818895
21
-1.2366141732283464
0
LINE
8
User.Drawings
6
CONTINUOUS
10
3.2168759448818895
20
-1.2366141732283464
11
3.1849272440944882
21
-1.2366141732283464
0
LINE
8
User.Drawings
6
CONTINUOUS
10
3.1849272440944882
20
-1.2366141732283464
11
3.1849272440944882
21
-1.2265030708661417
0
LINE
8
User.Drawings
6
CONTINUOUS
10
3.1849272440944882
20
-1.2265030708661417
11
3.1955239370078741
21
-1.2265030708661417
0
LINE
8
User.Drawings
6
CONTINUOUS
10
3.1955239370078741
20
-1.2265030708661417
11
3.1892303543307086
21
-1.2082858267716534
0
LINE
8
User.Drawings
6
CONTINUOUS
10
3.1892303543307086
20
-1.2082858267716534
11
3.1598106299212598
21
-1.2082858267716534
0
LINE
8
User.Drawings
6
CONTINUOUS
10
3.1598106299212598
20
-1.2082858267716534
11
3.1535170472440943
21
-1.2265030708661417
0
LINE
8
User.Drawings
6
CONTINUOUS
10
3.1535170472440943
20
-1.2265030708661417
11
3.1637867716535433
21
-1.2265030708661417
0
LINE
8
User.Drawings
6
CONTINUOUS
10
3.1637867716535433
20
-1.2265030708661417
11
3.1637867716535433
21
-1.2366141732283464
0
LINE
8
User.Drawings
6
CONTINUOUS
10
3.1637867716535433
20
-1.2366141732283464
11
3.1316217322834645
21
-1.2366141732283464
0
LINE
8
User.Drawings
6
CONTINUOUS
10
3.1316217322834645
20
-1.2366141732283464
11
3.1316217322834645
21
-1.2265030708661417
0
LINE
8
User.Drawings
6
CONTINUOUS
10
3.1316217322834645
20
-1.2265030708661417
11
3.1414106692913384
21
-1.2265030708661417
0
LINE
8
User.Drawings
6
CONTINUOUS
10
3.1414106692913384
20
-1.2265030708661417
11
3.1513359055118109
21
-1.1987661417322835
0
LINE
8
User.Drawings
6
CONTINUOUS
10
3.1513359055118109
20
-1.1987661417322835
11
3.1632483070866142
21
-1.1654760236220472
0
LINE
8
User.Drawings
6
CONTINUOUS
10
3.1632483070866142
20
-1.1654760236220472
11
3.1535170472440943
21
-1.1654760236220472
0
LINE
8
User.Drawings
6
CONTINUOUS
10
3.1535170472440943
20
-1.1654760236220472
11
3.1535170472440943
21
-1.1556870866141733
0
LINE
8
User.Drawings
6
CONTINUOUS
10
3.1535170472440943
20
-1.1556870866141733
11
3.1956297244094487
21
-1.1556870866141733
0
LINE
8
User.Drawings
6
CONTINUOUS
10
3.1956297244094487
20
-1.1556870866141733
11
3.1956297244094487
21
-1.1654760236220472
0
LINE
8
User.Drawings
6
CONTINUOUS
10
3.1629838582677166
20
-1.1987661417322835
11
3.1860042519685039
21
-1.1987661417322835
0
LINE
8
User.Drawings
6
CONTINUOUS
10
3.1860042519685039
20
-1.1987661417322835
11
3.1748161811023623
21
-1.1654760236220472
0
LINE
8
User.Drawings
6
CONTINUOUS
10
3.1748161811023623
20
-1.1654760236220472
11
3.174436338582677
21
-1.1654760236220472
0
LINE
8
User.Drawings
6
CONTINUOUS
10
3.174436338582677
20
-1.1654760236220472
11
3.1629838582677166
21
-1.1987661417322835
0
LINE
8
User.Drawings
6
CONTINUOUS
10
3.6456297244094489
20
-1.1654760236220472
11
3.635893661417323
21
-1.1654760236220472
0
LINE
8
User.Drawings
6
CONTINUOUS
10
3.635893661417323
20
-1.1654760236220472
11
3.6578418503937007
21
-1.2265030708661417
0
LINE
8
User.Drawings
6
CONTINUOUS
10
3.6578418503937007
20
-1.2265030708661417
11
3.6668759448818897
21
-1.2265030708661417
0
LINE
8
User.Drawings
6
CONTINUOUS
10
3.6668759448818897
20
-1.2265030708661417
11
3.6668759448818897
21
-1.2366141732283464
0
LINE
8
User.Drawings
6
CONTINUOUS
10
3.6668759448818897
20
-1.2366141732283464
11
3.634927244094488
21
-1.2366141732283464
0
LINE
8
User.Drawings
6
CONTINUOUS
10
3.634927244094488
20
-1.2366141732283464
11
3.634927244094488
21
-1.2265030708661417
0
LINE
8
User.Drawings
6
CONTINUOUS
10
3.634927244094488
20
-1.2265030708661417
11
3.6455239370078738
21
-1.2265030708661417
0
LINE
8
User.Drawings
6
CONTINUOUS
10
3.6455239370078738
20
-1.2265030708661417
11
3.6392303543307087
21
-1.2082858267716534
0
LINE
8
User.Drawings
6
CONTINUOUS
10
3.6392303543307087
20
-1.2082858267716534
11
3.6098106299212596
21
-1.2082858267716534
0
LINE
8
User.Drawings
6
CONTINUOUS
10
3.6098106299212596
20
-1.2082858267716534
11
3.6035170472440945
21
-1.2265030708661417
0
LINE
8
User.Drawings
6
CONTINUOUS
10
3.6035170472440945
20
-1.2265030708661417
11
3.613786771653543
21
-1.2265030708661417
0
LINE
8
User.Drawings
6
CONTINUOUS
10
3.613786771653543
20
-1.2265030708661417
11
3.613786771653543
21
-1.2366141732283464
0
LINE
8
User.Drawings
6
CONTINUOUS
10
3.613786771653543
20
-1.2366141732283464
11
3.5816217322834647
21
-1.2366141732283464
0
LINE
8
User.Drawings
6
CONTINUOUS
10
3.5816217322834647
20
-1.2366141732283464
11
3.5816217322834647
21
-1.2265030708661417
0
LINE
8
User.Drawings
6
CONTINUOUS
10
3.5816217322834647
20
-1.2265030708661417
11
3.5914106692913386
21
-1.2265030708661417
0
LINE
8
User.Drawings
6
CONTINUOUS
10
3.5914106692913386
20
-1.2265030708661417
11
3.601335905511811
21
-1.1987661417322835
0
LINE
8
User.Drawings
6
CONTINUOUS
10
3.601335905511811
20
-1.1987661417322835
11
3.6132483070866139
21
-1.1654760236220472
0
LINE
8
User.Drawings
6
CONTINUOUS
10
3.6132483070866139
20
-1.1654760236220472
11
3.6035170472440945
21
-1.1654760236220472
0
LINE
8
User.Drawings
6
CONTINUOUS
10
3.6035170472440945
20
-1.1654760236220472
11
3.6035170472440945
21
-1.1556870866141733
0
LINE
8
User.Drawings
6
CONTINUOUS
10
3.6035170472440945
20
-1.1556870866141733
11
3.6456297244094489
21
-1.1556870866141733
0
LINE
8
User.Drawings
6
CONTINUOUS
10
3.6456297244094489
20
-1.1556870866141733
11
3.6456297244094489
21
-1.1654760236220472
0
LINE
8
User.Drawings
6
CONTINUOUS
10
3.6129838582677163
20
-1.1987661417322835
11
3.6360042519685041
21
-1.1987661417322835
0
LINE
8
User.Drawings
6
CONTINUOUS
10
3.6360042519685041
20
-1.1987661417322835
11
3.624816181102362
21
-1.1654760236220472
0
LINE
8
User.Drawings
6
CONTINUOUS
10
3.624816181102362
20
-1.1654760236220472
11
3.6244363385826772
21
-1.1654760236220472
0
LINE
8
User.Drawings
6
CONTINUOUS
10
3.6244363385826772
20
-1.1654760236220472
11
3.6129838582677163
21
-1.1987661417322835
0
LINE
8
User.Drawings
6
CONTINUOUS
10
3.726412559055118
20
-1.1639134251968504
11
3.7227226377952753
21
-1.1691576771653542
0
LINE
8
User.Drawings
6
CONTINUOUS
10
3.7227226377952753
20
-1.1691576771653542
11
3.7190346062992123
21
-1.1754573228346457
0
LINE
8
User.Drawings
6
CONTINUOUS
10
3.7190346062992123
20
-1.1754573228346457
11
3.7153591338582674
21
-1.182948031496063
0
LINE
8
User.Drawings
6
CONTINUOUS
10
3.7153591338582674
20
-1.182948031496063
11
3.7107512598425196
21
-1.1944747244094487
0
LINE
8
User.Drawings
6
CONTINUOUS
10
3.7107512598425196
20
-1.1944747244094487
11
3.7072625590551178
21
-1.2060693700787402
0
LINE
8
User.Drawings
6
CONTINUOUS
10
3.7072625590551178
20
-1.2060693700787402
11
3.7055440157480315
21
-1.2139661811023621
0
LINE
8
User.Drawings
6
CONTINUOUS
10
3.7055440157480315
20
-1.2139661811023621
11
3.7045976377952754
21
-1.2207284645669292
0
LINE
8
User.Drawings
6
CONTINUOUS
10
3.7045976377952754
20
-1.2207284645669292
11
3.7043056692913385
21
-1.2264982677165355
0
LINE
8
User.Drawings
6
CONTINUOUS
10
3.7043056692913385
20
-1.2264982677165355
11
3.7043056692913385
21
-1.2267146062992125
0
LINE
8
User.Drawings
6
CONTINUOUS
10
3.7043056692913385
20
-1.2267146062992125
11
3.7137725196850391
21
-1.2267146062992125
0
LINE
8
User.Drawings
6
CONTINUOUS
10
3.7137725196850391
20
-1.2267146062992125
11
3.7137725196850391
21
-1.2366141732283464
0
LINE
8
User.Drawings
6
CONTINUOUS
10
3.7137725196850391
20
-1.2366141732283464
11
3.6817132283464566
21
-1.2366141732283464
0
LINE
8
User.Drawings
6
CONTINUOUS
10
3.6817132283464566
20
-1.2366141732283464
11
3.6817132283464566
21
-1.2267146062992125
0
LINE
8
User.Drawings
6
CONTINUOUS
10
3.6817132283464566
20
-1.2267146062992125
11
3.6924733858267715
21
-1.2267146062992125
0
LINE
8
User.Drawings
6
CONTINUOUS
10
3.6924733858267715
20
-1.2267146062992125
11
3.6937851574803147
21
-1.2159507480314959
0
LINE
8
User.Drawings
6
CONTINUOUS
10
3.6937851574803147
20
-1.2159507480314959
11
3.6960817716535432
21
-1.205301811023622
0
LINE
8
User.Drawings
6
CONTINUOUS
10
3.6960817716535432
20
-1.205301811023622
11
3.6993823622047244
21
-1.1947274803149606
0
LINE
8
User.Drawings
6
CONTINUOUS
10
3.6993823622047244
20
-1.1947274803149606
11
3.7035451181102363
21
-1.1844448031496062
0
LINE
8
User.Drawings
6
CONTINUOUS
10
3.7035451181102363
20
-1.1844448031496062
11
3.7083427559055115
21
-1.1748160236220473
0
LINE
8
User.Drawings
6
CONTINUOUS
10
3.7083427559055115
20
-1.1748160236220473
11
3.7137725196850391
21
-1.1657981496062992
0
LINE
8
User.Drawings
6
CONTINUOUS
10
3.7137725196850391
20
-1.1657981496062992
11
3.6857470866141733
21
-1.1657981496062992
0
LINE
8
User.Drawings
6
CONTINUOUS
10
3.6857470866141733
20
-1.1657981496062992
11
3.6857470866141733
21
-1.1769188976377953
0
LINE
8
User.Drawings
6
CONTINUOUS
10
3.6857470866141733
20
-1.1769188976377953
11
3.6757465748031497
21
-1.1769188976377953
0
LINE
8
User.Drawings
6
CONTINUOUS
10
3.6757465748031497
20
-1.1769188976377953
11
3.6757465748031497
21
-1.1556870866141733
0
LINE
8
User.Drawings
6
CONTINUOUS
10
3.6757465748031497
20
-1.1556870866141733
11
3.726412559055118
21
-1.1556870866141733
0
LINE
8
User.Drawings
6
CONTINUOUS
10
3.726412559055118
20
-1.1556870866141733
11
3.726412559055118
21
-1.1639134251968504
0
LINE
8
User.Drawings
6
CONTINUOUS
10
3.9956297244094485
20
-1.1654760236220472
11
3.9858936614173226
21
-1.1654760236220472
0
LINE
8
User.Drawings
6
CONTINUOUS
10
3.9858936614173226
20
-1.1654760236220472
11
4.0078418503937003
21
-1.2265030708661417
0
LINE
8
User.Drawings
6
CONTINUOUS
10
4.0078418503937003
20
-1.2265030708661417
11
4.0168759448818898
21
-1.2265030708661417
0
LINE
8
User.Drawings
6
CONTINUOUS
10
4.0168759448818898
20
-1.2265030708661417
11
4.0168759448818898
21
-1.2366141732283464
0
LINE
8
User.Drawings
6
CONTINUOUS
10
4.0168759448818898
20
-1.2366141732283464
11
3.9849272440944881
21
-1.2366141732283464
0
LINE
8
User.Drawings
6
CONTINUOUS
10
3.9849272440944881
20
-1.2366141732283464
11
3.9849272440944881
21
-1.2265030708661417
0
LINE
8
User.Drawings
6
CONTINUOUS
10
3.9849272440944881
20
-1.2265030708661417
11
3.9955239370078739
21
-1.2265030708661417
0
LINE
8
User.Drawings
6
CONTINUOUS
10
3.9955239370078739
20
-1.2265030708661417
11
3.9892303543307084
21
-1.2082858267716534
0
LINE
8
User.Drawings
6
CONTINUOUS
10
3.9892303543307084
20
-1.2082858267716534
11
3.9598106299212597
21
-1.2082858267716534
0
LINE
8
User.Drawings
6
CONTINUOUS
10
3.9598106299212597
20
-1.2082858267716534
11
3.9535170472440946
21
-1.2265030708661417
0
LINE
8
User.Drawings
6
CONTINUOUS
10
3.9535170472440946
20
-1.2265030708661417
11
3.9637867716535431
21
-1.2265030708661417
0
LINE
8
User.Drawings
6
CONTINUOUS
10
3.9637867716535431
20
-1.2265030708661417
11
3.9637867716535431
21
-1.2366141732283464
0
LINE
8
User.Drawings
6
CONTINUOUS
10
3.9637867716535431
20
-1.2366141732283464
11
3.9316217322834643
21
-1.2366141732283464
0
LINE
8
User.Drawings
6
CONTINUOUS
10
3.9316217322834643
20
-1.2366141732283464
11
3.9316217322834643
21
-1.2265030708661417
0
LINE
8
User.Drawings
6
CONTINUOUS
10
3.9316217322834643
20
-1.2265030708661417
11
3.9414106692913387
21
-1.2265030708661417
0
LINE
8
User.Drawings
6
CONTINUOUS
10
3.9414106692913387
20
-1.2265030708661417
11
3.9513359055118111
21
-1.1987661417322835
0
LINE
8
User.Drawings
6
CONTINUOUS
10
3.9513359055118111
20
-1.1987661417322835
11
3.963248307086614
21
-1.1654760236220472
0
LINE
8
User.Drawings
6
CONTINUOUS
10
3.963248307086614
20
-1.1654760236220472
11
3.9535170472440946
21
-1.1654760236220472
0
LINE
8
User.Drawings
6
CONTINUOUS
10
3.9535170472440946
20
-1.1654760236220472
11
3.9535170472440946
21
-1.1556870866141733
0
LINE
8
User.Drawings
6
CONTINUOUS
10
3.9535170472440946
20
-1.1556870866141733
11
3.9956297244094485
21
-1.1556870866141733
0
LINE
8
User.Drawings
6
CONTINUOUS
10
3.9956297244094485
20
-1.1556870866141733
11
3.9956297244094485
21
-1.1654760236220472
0
LINE
8
User.Drawings
6
CONTINUOUS
10
3.9629838582677164
20
-1.1987661417322835
11
3.9860042519685037
21
-1.1987661417322835
0
LINE
8
User.Drawings
6
CONTINUOUS
10
3.9860042519685037
20
-1.1987661417322835
11
3.9748161811023621
21
-1.1654760236220472
0
LINE
8
User.Drawings
6
CONTINUOUS
10
3.9748161811023621
20
-1.1654760236220472
11
3.9744363385826769
21
-1.1654760236220472
0
LINE
8
User.Drawings
6
CONTINUOUS
10
3.9744363385826769
20
-1.1654760236220472
11
3.9629838582677164
21
-1.1987661417322835
0
LINE
8
User.Drawings
6
CONTINUOUS
10
4.3456297244094486
20
-1.1654760236220472
11
4.3358936614173231
21
-1.1654760236220472
0
LINE
8
User.Drawings
6
CONTINUOUS
10
4.3358936614173231
20
-1.1654760236220472
11
4.3578418503937009
21
-1.2265030708661417
0
LINE
8
User.Drawings
6
CONTINUOUS
10
4.3578418503937009
20
-1.2265030708661417
11
4.3668759448818895
21
-1.2265030708661417
0
LINE
8
User.Drawings
6
CONTINUOUS
10
4.3668759448818895
20
-1.2265030708661417
11
4.3668759448818895
21
-1.2366141732283464
0
LINE
8
User.Drawings
6
CONTINUOUS
10
4.3668759448818895
20
-1.2366141732283464
11
4.3349272440944882
21
-1.2366141732283464
0
LINE
8
User.Drawings
6
CONTINUOUS
10
4.3349272440944882
20
-1.2366141732283464
11
4.3349272440944882
21
-1.2265030708661417
0
LINE
8
User.Drawings
6
CONTINUOUS
10
4.3349272440944882
20
-1.2265030708661417
11
4.345523937007874
21
-1.2265030708661417
0
LINE
8
User.Drawings
6
CONTINUOUS
10
4.345523937007874
20
-1.2265030708661417
11
4.3392303543307085
21
-1.2082858267716534
0
LINE
8
User.Drawings
6
CONTINUOUS
10
4.3392303543307085
20
-1.2082858267716534
11
4.3098106299212597
21
-1.2082858267716534
0
LINE
8
User.Drawings
6
CONTINUOUS
10
4.3098106299212597
20
-1.2082858267716534
11
4.3035170472440942
21
-1.2265030708661417
0
LINE
8
User.Drawings
6
CONTINUOUS
10
4.3035170472440942
20
-1.2265030708661417
11
4.3137867716535432
21
-1.2265030708661417
0
LINE
8
User.Drawings
6
CONTINUOUS
10
4.3137867716535432
20
-1.2265030708661417
11
4.3137867716535432
21
-1.2366141732283464
0
LINE
8
User.Drawings
6
CONTINUOUS
10
4.3137867716535432
20
-1.2366141732283464
11
4.2816217322834644
21
-1.2366141732283464
0
LINE
8
User.Drawings
6
CONTINUOUS
10
4.2816217322834644
20
-1.2366141732283464
11
4.2816217322834644
21
-1.2265030708661417
0
LINE
8
User.Drawings
6
CONTINUOUS
10
4.2816217322834644
20
-1.2265030708661417
11
4.2914106692913387
21
-1.2265030708661417
0
LINE
8
User.Drawings
6
CONTINUOUS
10
4.2914106692913387
20
-1.2265030708661417
11
4.3013359055118112
21
-1.1987661417322835
0
LINE
8
User.Drawings
6
CONTINUOUS
10
4.3013359055118112
20
-1.1987661417322835
11
4.3132483070866137
21
-1.1654760236220472
0
LINE
8
User.Drawings
6
CONTINUOUS
10
4.3132483070866137
20
-1.1654760236220472
11
4.3035170472440942
21
-1.1654760236220472
0
LINE
8
User.Drawings
6
CONTINUOUS
10
4.3035170472440942
20
-1.1654760236220472
11
4.3035170472440942
21
-1.1556870866141733
0
LINE
8
User.Drawings
6
CONTINUOUS
10
4.3035170472440942
20
-1.1556870866141733
11
4.3456297244094486
21
-1.1556870866141733
0
LINE
8
User.Drawings
6
CONTINUOUS
10
4.3456297244094486
20
-1.1556870866141733
11
4.3456297244094486
21
-1.1654760236220472
0
LINE
8
User.Drawings
6
CONTINUOUS
10
4.3129838582677165
20
-1.1987661417322835
11
4.3360042519685038
21
-1.1987661417322835
0
LINE
8
User.Drawings
6
CONTINUOUS
10
4.3360042519685038
20
-1.1987661417322835
11
4.3248161811023618
21
-1.1654760236220472
0
LINE
8
User.Drawings
6
CONTINUOUS
10
4.3248161811023618
20
-1.1654760236220472
11
4.324436338582677
21
-1.1654760236220472
0
LINE
8
User.Drawings
6
CONTINUOUS
10
4.324436338582677
20
-1.1654760236220472
11
4.3129838582677165
21
-1.1987661417322835
0
LINE
8
User.Drawings
6
CONTINUOUS
10
4.6956297244094491
20
-1.1654760236220472
11
4.6858936614173228
21
-1.1654760236220472
0
LINE
8
User.Drawings
6
CONTINUOUS
10
4.6858936614173228
20
-1.1654760236220472
11
4.7078418503937005
21
-1.2265030708661417
0
LINE
8
User.Drawings
6
CONTINUOUS
10
4.7078418503937005
20
-1.2265030708661417
11
4.71687594488189
21
-1.2265030708661417
0
LINE
8
User.Drawings
6
CONTINUOUS
10
4.71687594488189
20
-1.2265030708661417
11
4.71687594488189
21
-1.2366141732283464
0
LINE
8
User.Drawings
6
CONTINUOUS
10
4.71687594488189
20
-1.2366141732283464
11
4.6849272440944878
21
-1.2366141732283464
0
LINE
8
User.Drawings
6
CONTINUOUS
10
4.6849272440944878
20
-1.2366141732283464
11
4.6849272440944878
21
-1.2265030708661417
0
LINE
8
User.Drawings
6
CONTINUOUS
10
4.6849272440944878
20
-1.2265030708661417
11
4.6955239370078736
21
-1.2265030708661417
0
LINE
8
User.Drawings
6
CONTINUOUS
10
4.6955239370078736
20
-1.2265030708661417
11
4.6892303543307081
21
-1.2082858267716534
0
LINE
8
User.Drawings
6
CONTINUOUS
10
4.6892303543307081
20
-1.2082858267716534
11
4.6598106299212594
21
-1.2082858267716534
0
LINE
8
User.Drawings
6
CONTINUOUS
10
4.6598106299212594
20
-1.2082858267716534
11
4.6535170472440948
21
-1.2265030708661417
0
LINE
8
User.Drawings
6
CONTINUOUS
10
4.6535170472440948
20
-1.2265030708661417
11
4.6637867716535428
21
-1.2265030708661417
0
LINE
8
User.Drawings
6
CONTINUOUS
10
4.6637867716535428
20
-1.2265030708661417
11
4.6637867716535428
21
-1.2366141732283464
0
LINE
8
User.Drawings
6
CONTINUOUS
10
4.6637867716535428
20
-1.2366141732283464
11
4.6316217322834641
21
-1.2366141732283464
0
LINE
8
User.Drawings
6
CONTINUOUS
10
4.6316217322834641
20
-1.2366141732283464
11
4.6316217322834641
21
-1.2265030708661417
0
LINE
8
User.Drawings
6
CONTINUOUS
10
4.6316217322834641
20
-1.2265030708661417
11
4.6414106692913384
21
-1.2265030708661417
0
LINE
8
User.Drawings
6
CONTINUOUS
10
4.6414106692913384
20
-1.2265030708661417
11
4.6513359055118109
21
-1.1987661417322835
0
LINE
8
User.Drawings
6
CONTINUOUS
10
4.6513359055118109
20
-1.1987661417322835
11
4.6632483070866142
21
-1.1654760236220472
0
LINE
8
User.Drawings
6
CONTINUOUS
10
4.6632483070866142
20
-1.1654760236220472
11
4.6535170472440948
21
-1.1654760236220472
0
LINE
8
User.Drawings
6
CONTINUOUS
10
4.6535170472440948
20
-1.1654760236220472
11
4.6535170472440948
21
-1.1556870866141733
0
LINE
8
User.Drawings
6
CONTINUOUS
10
4.6535170472440948
20
-1.1556870866141733
11
4.6956297244094491
21
-1.1556870866141733
0
LINE
8
User.Drawings
6
CONTINUOUS
10
4.6956297244094491
20
-1.1556870866141733
11
4.6956297244094491
21
-1.1654760236220472
0
LINE
8
User.Drawings
6
CONTINUOUS
10
4.6629838582677161
20
-1.1987661417322835
11
4.6860042519685035
21
-1.1987661417322835
0
LINE
8
User.Drawings
6
CONTINUOUS
10
4.6860042519685035
20
-1.1987661417322835
11
4.6748161811023623
21
-1.1654760236220472
0
LINE
8
User.Drawings
6
CONTINUOUS
10
4.6748161811023623
20
-1.1654760236220472
11
4.6744363385826775
21
-1.1654760236220472
0
LINE
8
User.Drawings
6
CONTINUOUS
10
4.6744363385826775
20
-1.1654760236220472
11
4.6629838582677161
21
-1.1987661417322835
0
LINE
8
User.Drawings
6
CONTINUOUS
10
4.7653879527559058
20
-1.2049202755905513
11
4.778297244094488
21
-1.2049202755905513
0
LINE
8
User.Drawings
6
CONTINUOUS
10
4.778297244094488
20
-1.2049202755905513
11
4.778297244094488
21
-1.2147092125984251
0
LINE
8
User.Drawings
6
CONTINUOUS
10
4.778297244094488
20
-1.2147092125984251
11
4.7653879527559058
21
-1.2147092125984251
0
LINE
8
User.Drawings
6
CONTINUOUS
10
4.7653879527559058
20
-1.2147092125984251
11
4.7653879527559058
21
-1.2267146062992125
0
LINE
8
User.Drawings
6
CONTINUOUS
10
4.7653879527559058
20
-1.2267146062992125
11
4.7728114173228349
21
-1.2267146062992125
0
LINE
8
User.Drawings
6
CONTINUOUS
10
4.7728114173228349
20
-1.2267146062992125
11
4.7728114173228349
21
-1.2366141732283464
0
LINE
8
User.Drawings
6
CONTINUOUS
10
4.7728114173228349
20
-1.2366141732283464
11
4.7460216141732285
21
-1.2366141732283464
0
LINE
8
User.Drawings
6
CONTINUOUS
10
4.7460216141732285
20
-1.2366141732283464
11
4.7460216141732285
21
-1.2267146062992125
0
LINE
8
User.Drawings
6
CONTINUOUS
10
4.7460216141732285
20
-1.2267146062992125
11
4.7546278346456692
21
-1.2267146062992125
0
LINE
8
User.Drawings
6
CONTINUOUS
10
4.7546278346456692
20
-1.2267146062992125
11
4.7546278346456692
21
-1.2147092125984251
0
LINE
8
User.Drawings
6
CONTINUOUS
10
4.7546278346456692
20
-1.2147092125984251
11
4.7274101181102361
21
-1.2147092125984251
0
LINE
8
User.Drawings
6
CONTINUOUS
10
4.7274101181102361
20
-1.2147092125984251
11
4.7261082677165351
21
-1.2112698425196851
0
LINE
8
User.Drawings
6
CONTINUOUS
10
4.7261082677165351
20
-1.2112698425196851
11
4.7243379133858268
21
-1.2082570472440946
0
LINE
8
User.Drawings
6
CONTINUOUS
10
4.7243379133858268
20
-1.2082570472440946
11
4.7220877559055117
21
-1.2056174409448819
0
LINE
8
User.Drawings
6
CONTINUOUS
10
4.7220877559055117
20
-1.2056174409448819
11
4.7225515748031492
21
-1.2049202755905513
0
LINE
8
User.Drawings
6
CONTINUOUS
10
4.7225515748031492
20
-1.2049202755905513
11
4.7559211417322835
21
-1.1547639370078739
0
LINE
8
User.Drawings
6
CONTINUOUS
10
4.7559211417322835
20
-1.1547639370078739
11
4.7653879527559058
21
-1.1547639370078739
0
LINE
8
User.Drawings
6
CONTINUOUS
10
4.7653879527559058
20
-1.1547639370078739
11
4.7653879527559058
21
-1.2049202755905513
0
LINE
8
User.Drawings
6
CONTINUOUS
10
4.7333287007874016
20
-1.2049202755905513
11
4.7546278346456692
21
-1.2049202755905513
0
LINE
8
User.Drawings
6
CONTINUOUS
10
4.7546278346456692
20
-1.2049202755905513
11
4.7546278346456692
21
-1.1729523622047244
0
LINE
8
User.Drawings
6
CONTINUOUS
10
4.7546278346456692
20
-1.1729523622047244
11
4.7333287007874016
21
-1.2049202755905513
0
LINE
8
User.Drawings
6
CONTINUOUS
10
5.0456297244094488
20
-1.1654760236220472
11
5.0358936614173224
21
-1.1654760236220472
0
LINE
8
User.Drawings
6
CONTINUOUS
10
5.0358936614173224
20
-1.1654760236220472
11
5.057841850393701
21
-1.2265030708661417
0
LINE
8
User.Drawings
6
CONTINUOUS
10
5.057841850393701
20
-1.2265030708661417
11
5.0668759448818896
21
-1.2265030708661417
0
LINE
8
User.Drawings
6
CONTINUOUS
10
5.0668759448818896
20
-1.2265030708661417
11
5.0668759448818896
21
-1.2366141732283464
0
LINE
8
User.Drawings
6
CONTINUOUS
10
5.0668759448818896
20
-1.2366141732283464
11
5.0349272440944883
21
-1.2366141732283464
0
LINE
8
User.Drawings
6
CONTINUOUS
10
5.0349272440944883
20
-1.2366141732283464
11
5.0349272440944883
21
-1.2265030708661417
0
LINE
8
User.Drawings
6
CONTINUOUS
10
5.0349272440944883
20
-1.2265030708661417
11
5.0455239370078742
21
-1.2265030708661417
0
LINE
8
User.Drawings
6
CONTINUOUS
10
5.0455239370078742
20
-1.2265030708661417
11
5.0392303543307086
21
-1.2082858267716534
0
LINE
8
User.Drawings
6
CONTINUOUS
10
5.0392303543307086
20
-1.2082858267716534
11
5.0098106299212599
21
-1.2082858267716534
0
LINE
8
User.Drawings
6
CONTINUOUS
10
5.0098106299212599
20
-1.2082858267716534
11
5.0035170472440944
21
-1.2265030708661417
0
LINE
8
User.Drawings
6
CONTINUOUS
10
5.0035170472440944
20
-1.2265030708661417
11
5.0137867716535434
21
-1.2265030708661417
0
LINE
8
User.Drawings
6
CONTINUOUS
10
5.0137867716535434
20
-1.2265030708661417
11
5.0137867716535434
21
-1.2366141732283464
0
LINE
8
User.Drawings
6
CONTINUOUS
10
5.0137867716535434
20
-1.2366141732283464
11
4.9816217322834646
21
-1.2366141732283464
0
LINE
8
User.Drawings
6
CONTINUOUS
10
4.9816217322834646
20
-1.2366141732283464
11
4.9816217322834646
21
-1.2265030708661417
0
LINE
8
User.Drawings
6
CONTINUOUS
10
4.9816217322834646
20
-1.2265030708661417
11
4.991410669291338
21
-1.2265030708661417
0
LINE
8
User.Drawings
6
CONTINUOUS
10
4.991410669291338
20
-1.2265030708661417
11
5.0013359055118105
21
-1.1987661417322835
0
LINE
8
User.Drawings
6
CONTINUOUS
10
5.0013359055118105
20
-1.1987661417322835
11
5.0132483070866138
21
-1.1654760236220472
0
LINE
8
User.Drawings
6
CONTINUOUS
10
5.0132483070866138
20
-1.1654760236220472
11
5.0035170472440944
21
-1.1654760236220472
0
LINE
8
User.Drawings
6
CONTINUOUS
10
5.0035170472440944
20
-1.1654760236220472
11
5.0035170472440944
21
-1.1556870866141733
0
LINE
8
User.Drawings
6
CONTINUOUS
10
5.0035170472440944
20
-1.1556870866141733
11
5.0456297244094488
21
-1.1556870866141733
0
LINE
8
User.Drawings
6
CONTINUOUS
10
5.0456297244094488
20
-1.1556870866141733
11
5.0456297244094488
21
-1.1654760236220472
0
LINE
8
User.Drawings
6
CONTINUOUS
10
5.0129838582677166
20
-1.1987661417322835
11
5.036004251968504
21
-1.1987661417322835
0
LINE
8
User.Drawings
6
CONTINUOUS
10
5.036004251968504
20
-1.1987661417322835
11
5.0248161811023619
21
-1.1654760236220472
0
LINE
8
User.Drawings
6
CONTINUOUS
10
5.0248161811023619
20
-1.1654760236220472
11
5.0244363385826771
21
-1.1654760236220472
0
LINE
8
User.Drawings
6
CONTINUOUS
10
5.0244363385826771
20
-1.1654760236220472
11
5.0129838582677166
21
-1.1987661417322835
0
LINE
8
User.Drawings
6
CONTINUOUS
10
5.3956297244094484
20
-1.1654760236220472
11
5.385893661417323
21
-1.1654760236220472
0
LINE
8
User.Drawings
6
CONTINUOUS
10
5.385893661417323
20
-1.1654760236220472
11
5.4078418503937007
21
-1.2265030708661417
0
LINE
8
User.Drawings
6
CONTINUOUS
10
5.4078418503937007
20
-1.2265030708661417
11
5.4168759448818893
21
-1.2265030708661417
0
LINE
8
User.Drawings
6
CONTINUOUS
10
5.4168759448818893
20
-1.2265030708661417
11
5.4168759448818893
21
-1.2366141732283464
0
LINE
8
User.Drawings
6
CONTINUOUS
10
5.4168759448818893
20
-1.2366141732283464
11
5.384927244094488
21
-1.2366141732283464
0
LINE
8
User.Drawings
6
CONTINUOUS
10
5.384927244094488
20
-1.2366141732283464
11
5.384927244094488
21
-1.2265030708661417
0
LINE
8
User.Drawings
6
CONTINUOUS
10
5.384927244094488
20
-1.2265030708661417
11
5.3955239370078738
21
-1.2265030708661417
0
LINE
8
User.Drawings
6
CONTINUOUS
10
5.3955239370078738
20
-1.2265030708661417
11
5.3892303543307083
21
-1.2082858267716534
0
LINE
8
User.Drawings
6
CONTINUOUS
10
5.3892303543307083
20
-1.2082858267716534
11
5.3598106299212596
21
-1.2082858267716534
0
LINE
8
User.Drawings
6
CONTINUOUS
10
5.3598106299212596
20
-1.2082858267716534
11
5.3535170472440941
21
-1.2265030708661417
0
LINE
8
User.Drawings
6
CONTINUOUS
10
5.3535170472440941
20
-1.2265030708661417
11
5.363786771653543
21
-1.2265030708661417
0
LINE
8
User.Drawings
6
CONTINUOUS
10
5.363786771653543
20
-1.2265030708661417
11
5.363786771653543
21
-1.2366141732283464
0
LINE
8
User.Drawings
6
CONTINUOUS
10
5.363786771653543
20
-1.2366141732283464
11
5.3316217322834643
21
-1.2366141732283464
0
LINE
8
User.Drawings
6
CONTINUOUS
10
5.3316217322834643
20
-1.2366141732283464
11
5.3316217322834643
21
-1.2265030708661417
0
LINE
8
User.Drawings
6
CONTINUOUS
10
5.3316217322834643
20
-1.2265030708661417
11
5.3414106692913386
21
-1.2265030708661417
0
LINE
8
User.Drawings
6
CONTINUOUS
10
5.3414106692913386
20
-1.2265030708661417
11
5.351335905511811
21
-1.1987661417322835
0
LINE
8
User.Drawings
6
CONTINUOUS
10
5.351335905511811
20
-1.1987661417322835
11
5.3632483070866144
21
-1.1654760236220472
0
LINE
8
User.Drawings
6
CONTINUOUS
10
5.3632483070866144
20
-1.1654760236220472
11
5.3535170472440941
21
-1.1654760236220472
0
LINE
8
User.Drawings
6
CONTINUOUS
10
5.3535170472440941
20
-1.1654760236220472
11
5.3535170472440941
21
-1.1556870866141733
0
LINE
8
User.Drawings
6
CONTINUOUS
10
5.3535170472440941
20
-1.1556870866141733
11
5.3956297244094484
21
-1.1556870866141733
0
LINE
8
User.Drawings
6
CONTINUOUS
10
5.3956297244094484
20
-1.1556870866141733
11
5.3956297244094484
21
-1.1654760236220472
0
LINE
8
User.Drawings
6
CONTINUOUS
10
5.3629838582677163
20
-1.1987661417322835
11
5.3860042519685036
21
-1.1987661417322835
0
LINE
8
User.Drawings
6
CONTINUOUS
10
5.3860042519685036
20
-1.1987661417322835
11
5.3748161811023625
21
-1.1654760236220472
0
LINE
8
User.Drawings
6
CONTINUOUS
10
5.3748161811023625
20
-1.1654760236220472
11
5.3744363385826768
21
-1.1654760236220472
0
LINE
8
User.Drawings
6
CONTINUOUS
10
5.3744363385826768
20
-1.1654760236220472
11
5.3629838582677163
21
-1.1987661417322835
0
LINE
8
User.Drawings
6
CONTINUOUS
10
5.4561347244094485
20
-1.1545255905511811
11
5.4606382283464567
21
-1.1555827952755906
0
LINE
8
User.Drawings
6
CONTINUOUS
10
5.4606382283464567
20
-1.1555827952755906
11
5.4644167716535428
21
-1.1572448425196851
0
LINE
8
User.Drawings
6
CONTINUOUS
10
5.4644167716535428
20
-1.1572448425196851
11
5.4678257874015745
21
-1.15957
0
LINE
8
User.Drawings
6
CONTINUOUS
10
5.4678257874015745
20
-1.15957
11
5.4705339763779524
21
-1.1622620078740158
0
LINE
8
User.Drawings
6
CONTINUOUS
10
5.4705339763779524
20
-1.1622620078740158
11
5.4726190944881887
21
-1.165346220472441
0
LINE
8
User.Drawings
6
CONTINUOUS
10
5.4726190944881887
20
-1.165346220472441
11
5.4741249212598424
21
-1.16876937007874
0
LINE
8
User.Drawings
6
CONTINUOUS
10
5.4741249212598424
20
-1.16876937007874
11
5.4750293700787402
21
-1.1723774803149607
0
LINE
8
User.Drawings
6
CONTINUOUS
10
5.4750293700787402
20
-1.1723774803149607
11
5.4753355905511807
21
-1.1762217322834645
0
LINE
8
User.Drawings
6
CONTINUOUS
10
5.4753355905511807
20
-1.1762217322834645
11
5.474934251968504
21
-1.1806719685039371
0
LINE
8
User.Drawings
6
CONTINUOUS
10
5.474934251968504
20
-1.1806719685039371
11
5.4737718503937005
21
-1.1846237795275589
0
LINE
8
User.Drawings
6
CONTINUOUS
10
5.4737718503937005
20
-1.1846237795275589
11
5.4718642519685039
21
-1.1881742519685039
0
LINE
8
User.Drawings
6
CONTINUOUS
10
5.4718642519685039
20
-1.1881742519685039
11
5.4693017322834647
21
-1.1913677165354331
0
LINE
8
User.Drawings
6
CONTINUOUS
10
5.4693017322834647
20
-1.1913677165354331
11
5.4653343700787405
21
-1.1952028740157481
0
LINE
8
User.Drawings
6
CONTINUOUS
10
5.4653343700787405
20
-1.1952028740157481
11
5.4595751968503938
21
-1.199799842519685
0
LINE
8
User.Drawings
6
CONTINUOUS
10
5.4595751968503938
20
-1.199799842519685
11
5.4544162598425192
21
-1.2036750393700788
0
LINE
8
User.Drawings
6
CONTINUOUS
10
5.4544162598425192
20
-1.2036750393700788
11
5.444540787401575
21
-1.2115359842519684
0
LINE
8
User.Drawings
6
CONTINUOUS
10
5.444540787401575
20
-1.2115359842519684
11
5.4413079133858266
21
-1.2147273228346456
0
LINE
8
User.Drawings
6
CONTINUOUS
10
5.4413079133858266
20
-1.2147273228346456
11
5.4385981889763775
21
-1.2182094094488189
0
LINE
8
User.Drawings
6
CONTINUOUS
10
5.4385981889763775
20
-1.2182094094488189
11
5.4365254724409446
21
-1.2220625590551182
0
LINE
8
User.Drawings
6
CONTINUOUS
10
5.4365254724409446
20
-1.2220625590551182
11
5.4352133858267715
21
-1.2263924803149606
0
LINE
8
User.Drawings
6
CONTINUOUS
10
5.4352133858267715
20
-1.2263924803149606
11
5.4657100787401571
21
-1.2263924803149606
0
LINE
8
User.Drawings
6
CONTINUOUS
10
5.4657100787401571
20
-1.2263924803149606
11
5.4661957086614175
21
-1.2076896456692914
0
LINE
8
User.Drawings
6
CONTINUOUS
10
5.4661957086614175
20
-1.2076896456692914
11
5.4759846456692909
21
-1.2076896456692914
0
LINE
8
User.Drawings
6
CONTINUOUS
10
5.4759846456692909
20
-1.2076896456692914
11
5.4753355905511807
21
-1.2366141732283464
0
LINE
8
User.Drawings
6
CONTINUOUS
10
5.4753355905511807
20
-1.2366141732283464
11
5.4234339763779529
21
-1.2366141732283464
0
LINE
8
User.Drawings
6
CONTINUOUS
10
5.4234339763779529
20
-1.2366141732283464
11
5.4238901181102364
21
-1.2300758661417324
0
LINE
8
User.Drawings
6
CONTINUOUS
10
5.4238901181102364
20
-1.2300758661417324
11
5.4250496062992122
21
-1.2243829921259841
0
LINE
8
User.Drawings
6
CONTINUOUS
10
5.4250496062992122
20
-1.2243829921259841
11
5.4268475984251969
21
-1.2194161811023623
0
LINE
8
User.Drawings
6
CONTINUOUS
10
5.4268475984251969
20
-1.2194161811023623
11
5.4292788976377953
21
-1.2146880314960629
0
LINE
8
User.Drawings
6
CONTINUOUS
10
5.4292788976377953
20
-1.2146880314960629
11
5.4319089370078739
21
-1.2107046850393701
0
LINE
8
User.Drawings
6
CONTINUOUS
10
5.4319089370078739
20
-1.2107046850393701
11
5.4347277952755908
21
-1.2073819291338583
0
LINE
8
User.Drawings
6
CONTINUOUS
10
5.4347277952755908
20
-1.2073819291338583
11
5.4396133070866144
21
-1.2027441338582676
0
LINE
8
User.Drawings
6
CONTINUOUS
10
5.4396133070866144
20
-1.2027441338582676
11
5.4456994881889766
21
-1.1977997244094487
0
LINE
8
User.Drawings
6
CONTINUOUS
10
5.4456994881889766
20
-1.1977997244094487
11
5.4537143307086611
21
-1.1917177165354331
0
LINE
8
User.Drawings
6
CONTINUOUS
10
5.4537143307086611
20
-1.1917177165354331
11
5.4586923622047241
21
-1.1875861417322835
0
LINE
8
User.Drawings
6
CONTINUOUS
10
5.4586923622047241
20
-1.1875861417322835
11
5.4614598818897635
21
-1.1843135039370078
0
LINE
8
User.Drawings
6
CONTINUOUS
10
5.4614598818897635
20
-1.1843135039370078
11
5.4631056299212597
21
-1.1807448425196849
0
LINE
8
User.Drawings
6
CONTINUOUS
10
5.4631056299212597
20
-1.1807448425196849
11
5.463666732283464
21
-1.1766400393700787
0
LINE
8
User.Drawings
6
CONTINUOUS
10
5.463666732283464
20
-1.1766400393700787
11
5.4632404724409449
21
-1.172731811023622
0
LINE
8
User.Drawings
6
CONTINUOUS
10
5.4632404724409449
20
-1.172731811023622
11
5.4620512598425197
21
-1.1696253543307087
0
LINE
8
User.Drawings
6
CONTINUOUS
10
5.4620512598425197
20
-1.1696253543307087
11
5.4601425196850393
21
-1.1671395669291338
0
LINE
8
User.Drawings
6
CONTINUOUS
10
5.4601425196850393
20
-1.1671395669291338
11
5.4575981889763776
21
-1.165293031496063
0
LINE
8
User.Drawings
6
CONTINUOUS
10
5.4575981889763776
20
-1.165293031496063
11
5.4544223228346453
21
-1.1641363779527558
0
LINE
8
User.Drawings
6
CONTINUOUS
10
5.4544223228346453
20
-1.1641363779527558
11
5.4504353149606297
21
-1.1637211417322835
0
LINE
8
User.Drawings
6
CONTINUOUS
10
5.4504353149606297
20
-1.1637211417322835
11
5.4464700393700785
21
-1.1640685826771653
0
LINE
8
User.Drawings
6
CONTINUOUS
10
5.4464700393700785
20
-1.1640685826771653
11
5.4434263385826771
21
-1.1650135433070865
0
LINE
8
User.Drawings
6
CONTINUOUS
10
5.4434263385826771
20
-1.1650135433070865
11
5.4411007480314959
21
-1.1664697244094488
0
LINE
8
User.Drawings
6
CONTINUOUS
10
5.4411007480314959
20
-1.1664697244094488
11
5.4393530314960632
21
-1.1684377165354329
0
LINE
8
User.Drawings
6
CONTINUOUS
10
5.4393530314960632
20
-1.1684377165354329
11
5.4377565354330706
21
-1.1717509842519684
0
LINE
8
User.Drawings
6
CONTINUOUS
10
5.4377565354330706
20
-1.1717509842519684
11
5.4366547637795275
21
-1.176482716535433
0
LINE
8
User.Drawings
6
CONTINUOUS
10
5.4366547637795275
20
-1.176482716535433
11
5.4362326771653544
21
-1.1830778346456692
0
LINE
8
User.Drawings
6
CONTINUOUS
10
5.4362326771653544
20
-1.1830778346456692
11
5.4362326771653544
21
-1.185842401574803
0
LINE
8
User.Drawings
6
CONTINUOUS
10
5.4362326771653544
20
-1.185842401574803
11
5.4255302362204727
21
-1.185842401574803
0
LINE
8
User.Drawings
6
CONTINUOUS
10
5.4255302362204727
20
-1.185842401574803
11
5.4255302362204727
21
-1.1827076377952757
0
LINE
8
User.Drawings
6
CONTINUOUS
10
5.4255302362204727
20
-1.1827076377952757
11
5.4259411023622048
21
-1.1761228740157481
0
LINE
8
User.Drawings
6
CONTINUOUS
10
5.4259411023622048
20
-1.1761228740157481
11
5.4270857086614175
21
-1.1706555905511811
0
LINE
8
User.Drawings
6
CONTINUOUS
10
5.4270857086614175
20
-1.1706555905511811
11
5.4288657874015751
21
-1.166122125984252
0
LINE
8
User.Drawings
6
CONTINUOUS
10
5.4288657874015751
20
-1.166122125984252
11
5.431232440944882
21
-1.1623700787401574
0
LINE
8
User.Drawings
6
CONTINUOUS
10
5.431232440944882
20
-1.1623700787401574
11
5.43370094488189
21
-1.1597754330708661
0
LINE
8
User.Drawings
6
CONTINUOUS
10
5.43370094488189
20
-1.1597754330708661
11
5.4364164960629919
21
-1.1577151968503936
0
LINE
8
User.Drawings
6
CONTINUOUS
10
5.4364164960629919
20
-1.1577151968503936
11
5.4394059055118111
21
-1.1561486220472441
0
LINE
8
User.Drawings
6
CONTINUOUS
10
5.4394059055118111
20
-1.1561486220472441
11
5.444428661417323
21
-1.1546814173228346
0
LINE
8
User.Drawings
6
CONTINUOUS
10
5.444428661417323
20
-1.1546814173228346
11
5.4507574409448818
21
-1.1541485433070866
0
LINE
8
User.Drawings
6
CONTINUOUS
10
5.4507574409448818
20
-1.1541485433070866
11
5.4561347244094485
21
-1.1545255905511811
0
LINE
8
User.Drawings
6
CONTINUOUS
10
5.745629724409449
20
-1.1654760236220472
11
5.7358936614173226
21
-1.1654760236220472
0
LINE
8
User.Drawings
6
CONTINUOUS
10
5.7358936614173226
20
-1.1654760236220472
11
5.7578418503937003
21
-1.2265030708661417
0
LINE
8
User.Drawings
6
CONTINUOUS
10
5.7578418503937003
20
-1.2265030708661417
11
5.7668759448818898
21
-1.2265030708661417
0
LINE
8
User.Drawings
6
CONTINUOUS
10
5.7668759448818898
20
-1.2265030708661417
11
5.7668759448818898
21
-1.2366141732283464
0
LINE
8
User.Drawings
6
CONTINUOUS
10
5.7668759448818898
20
-1.2366141732283464
11
5.7349272440944876
21
-1.2366141732283464
0
LINE
8
User.Drawings
6
CONTINUOUS
10
5.7349272440944876
20
-1.2366141732283464
11
5.7349272440944876
21
-1.2265030708661417
0
LINE
8
User.Drawings
6
CONTINUOUS
10
5.7349272440944876
20
-1.2265030708661417
11
5.7455239370078734
21
-1.2265030708661417
0
LINE
8
User.Drawings
6
CONTINUOUS
10
5.7455239370078734
20
-1.2265030708661417
11
5.7392303543307088
21
-1.2082858267716534
0
LINE
8
User.Drawings
6
CONTINUOUS
10
5.7392303543307088
20
-1.2082858267716534
11
5.7098106299212601
21
-1.2082858267716534
0
LINE
8
User.Drawings
6
CONTINUOUS
10
5.7098106299212601
20
-1.2082858267716534
11
5.7035170472440946
21
-1.2265030708661417
0
LINE
8
User.Drawings
6
CONTINUOUS
10
5.7035170472440946
20
-1.2265030708661417
11
5.7137867716535435
21
-1.2265030708661417
0
LINE
8
User.Drawings
6
CONTINUOUS
10
5.7137867716535435
20
-1.2265030708661417
11
5.7137867716535435
21
-1.2366141732283464
0
LINE
8
User.Drawings
6
CONTINUOUS
10
5.7137867716535435
20
-1.2366141732283464
11
5.6816217322834648
21
-1.2366141732283464
0
LINE
8
User.Drawings
6
CONTINUOUS
10
5.6816217322834648
20
-1.2366141732283464
11
5.6816217322834648
21
-1.2265030708661417
0
LINE
8
User.Drawings
6
CONTINUOUS
10
5.6816217322834648
20
-1.2265030708661417
11
5.6914106692913382
21
-1.2265030708661417
0
LINE
8
User.Drawings
6
CONTINUOUS
10
5.6914106692913382
20
-1.2265030708661417
11
5.7013359055118107
21
-1.1987661417322835
0
LINE
8
User.Drawings
6
CONTINUOUS
10
5.7013359055118107
20
-1.1987661417322835
11
5.713248307086614
21
-1.1654760236220472
0
LINE
8
User.Drawings
6
CONTINUOUS
10
5.713248307086614
20
-1.1654760236220472
11
5.7035170472440946
21
-1.1654760236220472
0
LINE
8
User.Drawings
6
CONTINUOUS
10
5.7035170472440946
20
-1.1654760236220472
11
5.7035170472440946
21
-1.1556870866141733
0
LINE
8
User.Drawings
6
CONTINUOUS
10
5.7035170472440946
20
-1.1556870866141733
11
5.745629724409449
21
-1.1556870866141733
0
LINE
8
User.Drawings
6
CONTINUOUS
10
5.745629724409449
20
-1.1556870866141733
11
5.745629724409449
21
-1.1654760236220472
0
LINE
8
User.Drawings
6
CONTINUOUS
10
5.7129838582677168
20
-1.1987661417322835
11
5.7360042519685042
21
-1.1987661417322835
0
LINE
8
User.Drawings
6
CONTINUOUS
10
5.7360042519685042
20
-1.1987661417322835
11
5.7248161811023621
21
-1.1654760236220472
0
LINE
8
User.Drawings
6
CONTINUOUS
10
5.7248161811023621
20
-1.1654760236220472
11
5.7244363385826773
21
-1.1654760236220472
0
LINE
8
User.Drawings
6
CONTINUOUS
10
5.7244363385826773
20
-1.1654760236220472
11
5.7129838582677168
21
-1.1987661417322835
0
LINE
8
User.Drawings
6
CONTINUOUS
10
5.8081231889763778
20
-1.2267146062992125
11
5.818614094488189
21
-1.2267146062992125
0
LINE
8
User.Drawings
6
CONTINUOUS
10
5.818614094488189
20
-1.2267146062992125
11
5.818614094488189
21
-1.2366141732283464
0
LINE
8
User.Drawings
6
CONTINUOUS
10
5.818614094488189
20
-1.2366141732283464
11
5.785857677165354
21
-1.2366141732283464
0
LINE
8
User.Drawings
6
CONTINUOUS
10
5.785857677165354
20
-1.2366141732283464
11
5.785857677165354
21
-1.2267146062992125
0
LINE
8
User.Drawings
6
CONTINUOUS
10
5.785857677165354
20
-1.2267146062992125
11
5.7969928346456694
21
-1.2267146062992125
0
LINE
8
User.Drawings
6
CONTINUOUS
10
5.7969928346456694
20
-1.2267146062992125
11
5.7969928346456694
21
-1.1653702362204723
0
LINE
8
User.Drawings
6
CONTINUOUS
10
5.7969928346456694
20
-1.1653702362204723
11
5.785857677165354
21
-1.1653702362204723
0
LINE
8
User.Drawings
6
CONTINUOUS
10
5.785857677165354
20
-1.1653702362204723
11
5.785857677165354
21
-1.1556870866141733
0
LINE
8
User.Drawings
6
CONTINUOUS
10
5.785857677165354
20
-1.1556870866141733
11
5.8081231889763778
21
-1.1556870866141733
0
LINE
8
User.Drawings
6
CONTINUOUS
10
5.8081231889763778
20
-1.1556870866141733
11
5.8081231889763778
21
-1.2267146062992125
0
LINE
8
User.Drawings
6
CONTINUOUS
10
6.0956297244094486
20
-1.1654760236220472
11
6.0858936614173231
21
-1.1654760236220472
0
LINE
8
User.Drawings
6
CONTINUOUS
10
6.0858936614173231
20
-1.1654760236220472
11
6.1078418503937009
21
-1.2265030708661417
0
LINE
8
User.Drawings
6
CONTINUOUS
10
6.1078418503937009
20
-1.2265030708661417
11
6.1168759448818895
21
-1.2265030708661417
0
LINE
8
User.Drawings
6
CONTINUOUS
10
6.1168759448818895
20
-1.2265030708661417
11
6.1168759448818895
21
-1.2366141732283464
0
LINE
8
User.Drawings
6
CONTINUOUS
10
6.1168759448818895
20
-1.2366141732283464
11
6.0849272440944882
21
-1.2366141732283464
0
LINE
8
User.Drawings
6
CONTINUOUS
10
6.0849272440944882
20
-1.2366141732283464
11
6.0849272440944882
21
-1.2265030708661417
0
LINE
8
User.Drawings
6
CONTINUOUS
10
6.0849272440944882
20
-1.2265030708661417
11
6.095523937007874
21
-1.2265030708661417
0
LINE
8
User.Drawings
6
CONTINUOUS
10
6.095523937007874
20
-1.2265030708661417
11
6.0892303543307085
21
-1.2082858267716534
0
LINE
8
User.Drawings
6
CONTINUOUS
10
6.0892303543307085
20
-1.2082858267716534
11
6.0598106299212597
21
-1.2082858267716534
0
LINE
8
User.Drawings
6
CONTINUOUS
10
6.0598106299212597
20
-1.2082858267716534
11
6.0535170472440942
21
-1.2265030708661417
0
LINE
8
User.Drawings
6
CONTINUOUS
10
6.0535170472440942
20
-1.2265030708661417
11
6.0637867716535432
21
-1.2265030708661417
0
LINE
8
User.Drawings
6
CONTINUOUS
10
6.0637867716535432
20
-1.2265030708661417
11
6.0637867716535432
21
-1.2366141732283464
0
LINE
8
User.Drawings
6
CONTINUOUS
10
6.0637867716535432
20
-1.2366141732283464
11
6.0316217322834644
21
-1.2366141732283464
0
LINE
8
User.Drawings
6
CONTINUOUS
10
6.0316217322834644
20
-1.2366141732283464
11
6.0316217322834644
21
-1.2265030708661417
0
LINE
8
User.Drawings
6
CONTINUOUS
10
6.0316217322834644
20
-1.2265030708661417
11
6.0414106692913387
21
-1.2265030708661417
0
LINE
8
User.Drawings
6
CONTINUOUS
10
6.0414106692913387
20
-1.2265030708661417
11
6.0513359055118112
21
-1.1987661417322835
0
LINE
8
User.Drawings
6
CONTINUOUS
10
6.0513359055118112
20
-1.1987661417322835
11
6.0632483070866137
21
-1.1654760236220472
0
LINE
8
User.Drawings
6
CONTINUOUS
10
6.0632483070866137
20
-1.1654760236220472
11
6.0535170472440942
21
-1.1654760236220472
0
LINE
8
User.Drawings
6
CONTINUOUS
10
6.0535170472440942
20
-1.1654760236220472
11
6.0535170472440942
21
-1.1556870866141733
0
LINE
8
User.Drawings
6
CONTINUOUS
10
6.0535170472440942
20
-1.1556870866141733
11
6.0956297244094486
21
-1.1556870866141733
0
LINE
8
User.Drawings
6
CONTINUOUS
10
6.0956297244094486
20
-1.1556870866141733
11
6.0956297244094486
21
-1.1654760236220472
0
LINE
8
User.Drawings
6
CONTINUOUS
10
6.0629838582677165
20
-1.1987661417322835
11
6.0860042519685038
21
-1.1987661417322835
0
LINE
8
User.Drawings
6
CONTINUOUS
10
6.0860042519685038
20
-1.1987661417322835
11
6.0748161811023618
21
-1.1654760236220472
0
LINE
8
User.Drawings
6
CONTINUOUS
10
6.0748161811023618
20
-1.1654760236220472
11
6.074436338582677
21
-1.1654760236220472
0
LINE
8
User.Drawings
6
CONTINUOUS
10
6.074436338582677
20
-1.1654760236220472
11
6.0629838582677165
21
-1.1987661417322835
  0
ENDSEC
  0
EOF
